entity,pc1_score,meridian_score,l2_delta,artifact
Nonwaiver,-9.581247329711914,-9.581247329711914,185.24591064453125,True
Rewinning,-10.155248641967772,-10.155248641967772,195.9862823486328,True
Redescribe,-10.491251945495604,-10.491251945495604,249.709701538086,True
Unopiatic,-10.54092025756836,-10.54092025756836,215.13238525390625,True
Unfalling,-11.174455642700195,-11.174455642700195,194.0469665527344,True
Unbitted,-11.225098609924316,-11.225098609924316,219.3309326171875,True
Overnigh,-11.326416015625,-11.326416015625,189.27691650390625,True
Unprepossessed,-11.707216262817385,-11.707216262817385,189.12486267089844,True
Unwoundable,-11.880942344665527,-11.880942344665527,187.30332946777344,True
Relievement,-11.904150009155272,-11.904150009155272,211.67251586914065,True
Undergirded,-13.336633682250977,-13.336633682250977,251.5173492431641,True
Noncommendable,-13.678088188171388,-13.678088188171388,183.9357452392578,True
Interreceive,-14.262040138244627,-14.262040138244627,212.91636657714844,True
Interproduced,-14.768341064453123,-14.768341064453123,195.42779541015625,True
Unplighted,-15.874013900756836,-15.874013900756836,187.67140197753903,True
Refragate,-16.235797882080078,-16.235797882080078,233.6702423095703,True
Nonsuppositive,-16.316713333129883,-16.316713333129883,188.69078063964844,True
Nonsimilar,-16.69046974182129,-16.69046974182129,188.48019409179688,True
Overgarnish,-17.035362243652344,-17.035362243652344,190.94712829589844,True
Nonconfidence,-17.378963470458984,-17.378963470458984,212.1772003173828,True
Overdearly,-17.391357421875,-17.391357421875,185.8136749267578,True
Unisotropous,-18.186256408691406,-18.186256408691406,204.0027618408203,True
Resultive,-18.194469451904297,-18.194469451904297,204.8963623046875,True
Unnullified,-18.451074600219727,-18.451074600219727,271.4429626464844,True
Nonoutlawry,-19.05838203430176,-19.05838203430176,238.02354431152344,True
Nonbilious,-19.207504272460938,-19.207504272460938,184.39794921875,True
Unpilgrimlike,-22.1561279296875,-22.1561279296875,197.0066680908203,True
Rebids,-23.242292404174805,-23.242292404174805,229.62338256835932,True
Rewish,-24.160091400146484,-24.160091400146484,209.3546600341797,True
Unpunctate,-24.491193771362305,-24.491193771362305,215.5937042236328,True
Nonassistant,-36.297943115234375,-36.297943115234375,251.60128784179688,True
Realienate,-36.36782836914063,-36.36782836914063,218.87203979492188,True
Canoodles,-88.526611328125,-88.526611328125,190.0593414306641,True
Canoodle,-136.3075714111328,-136.3075714111328,194.5707244873047,True
Canisters,-148.6100311279297,-148.6100311279297,189.9038543701172,True
Remark,-160.94403076171875,-160.94403076171875,183.4080810546875,True
Theorical,-162.39486694335938,-162.39486694335938,205.1140594482422,True
Requires,-165.70181274414062,-165.70181274414062,194.16714477539065,True
Reason,-168.1768341064453,-168.1768341064453,209.633529663086,True
Cancri,-177.59356689453125,-177.59356689453125,222.6444549560547,True
Canion,-185.12744140625,-185.12744140625,219.5596160888672,True
Interface,-186.44918823242188,-186.44918823242188,212.995361328125,True
Representation,-187.22906494140625,-187.22906494140625,214.30812072753903,True
Theistic,-191.7689819335937,-191.7689819335937,216.52186584472656,True
University,-214.1735992431641,-214.1735992431641,224.5429534912109,True
Canari,-214.20925903320312,-214.20925903320312,240.81846618652344,True
Thegether,-215.7975311279297,-215.7975311279297,231.94845581054688,True
Really,-216.13644409179688,-216.13644409179688,234.4416046142578,True
Canvas,-218.4632873535156,-218.4632873535156,234.78955078125,True
Canids,-219.85330200195312,-219.85330200195312,237.6761474609375,True
Canals,-220.52088928222656,-220.52088928222656,233.78746032714844,True
Theelin,-220.71090698242188,-220.71090698242188,241.3092498779297,True
Canards,-221.48403930664065,-221.48403930664065,234.3745574951172,True
Resistance,-225.65391540527344,-225.65391540527344,242.47769165039065,True
Regions,-226.5056915283203,-226.5056915283203,238.23312377929688,True
Canines,-227.02734375,-227.02734375,243.31700134277344,True
Reusable,-227.7450561523437,-227.7450561523437,240.6130523681641,True
Interested,-228.2643280029297,-228.2643280029297,240.9914703369141,True
Canulas,-240.2511444091797,-240.2511444091797,259.85675048828125,True
Resources,-243.7880706787109,-243.7880706787109,252.15200805664065,True
Repositories,-245.522201538086,-245.522201538086,255.34918212890625,True
Reject,-245.55860900878903,-245.55860900878903,261.8362731933594,True
Canakin,-249.5274810791016,-249.5274810791016,270.780029296875,True
Canaster,-249.65789794921875,-249.65789794921875,269.0981750488281,True
Universal,-249.75717163085932,-249.75717163085932,256.4269104003906,True
Unexpected,-249.7973022460937,-249.7973022460937,257.990478515625,True
Requirement,-251.1150665283203,-251.1150665283203,266.7817077636719,True
Canberra,-252.5243377685547,-252.5243377685547,268.1230163574219,True
Canali,-257.1286315917969,-257.1286315917969,274.0064697265625,True
Canopic,-262.7987670898437,-262.7987670898437,286.17578125,True
Override,-265.6416015625,-265.6416015625,284.6937561035156,True
Responsive,-269.54315185546875,-269.54315185546875,285.214111328125,True
Canones,-279.6653137207031,-279.6653137207031,300.9749755859375,True
Canarine,-282.3603210449219,-282.3603210449219,310.5842590332031,True
Canonical,-295.7177124023437,-295.7177124023437,317.1609191894531,True
Themes,-296.7455444335937,-296.7455444335937,311.2944641113281,True
Republic,-297.93017578125,-297.93017578125,315.388916015625,True
Uniform,-301.6593933105469,-301.6593933105469,319.3060913085937,True
Canework,-309.7802429199219,-309.7802429199219,339.29217529296875,True
Regular,-311.0140075683594,-311.0140075683594,321.93023681640625,True
Recognition,-313.82989501953125,-313.82989501953125,330.0297546386719,True
Response,-322.04888916015625,-322.04888916015625,330.8483581542969,True
Interview,-323.87554931640625,-323.87554931640625,329.93975830078125,True
Restricted,-326.3001708984375,-326.3001708984375,336.0266418457031,True
Canarium,-340.5126342773437,-340.5126342773437,354.2718811035156,True
Canions,-350.7846069335937,-350.7846069335937,362.6850280761719,True
Theurgy,-357.70416259765625,-357.70416259765625,362.4899291992188,True
Interesting,-358.9764709472656,-358.9764709472656,364.2136535644531,True
Theists,-369.4154357910156,-369.4154357910156,382.9626159667969,True
Interfaces,-369.67962646484375,-369.67962646484375,399.4633483886719,True
Region,-370.6889343261719,-370.6889343261719,375.7537536621094,True
Overlap,-387.7459106445313,-387.7459106445313,396.3407897949219,True
Recipe,-389.0999450683594,-389.0999450683594,397.4877624511719,True
Theories,-402.9629821777344,-402.9629821777344,416.5618286132813,True
Caninus,-407.7752990722656,-407.7752990722656,424.3507080078125,True
Theism,-408.0382080078125,-408.0382080078125,421.0112915039063,True
Canaries,-416.3244323730469,-416.3244323730469,431.52056884765625,True
Requirements,-427.4442443847656,-427.4442443847656,440.5743713378906,True
Cantered,-429.9346923828125,-429.9346923828125,439.7408142089844,True
Caners,-430.9507141113281,-430.9507141113281,440.2637023925781,True
Recommended,-434.8880004882813,-434.8880004882813,439.8976745605469,True
Reports,-436.1478576660156,-436.1478576660156,456.4739074707031,True
Requests,-464.2133483886719,-464.2133483886719,467.0847473144531,True
Canzon,-465.6175842285156,-465.6175842285156,471.68310546875,True
Record,-467.3990173339844,-467.3990173339844,469.38330078125,True
Canicide,-467.7406311035156,-467.7406311035156,478.5831909179688,True
Interest,-475.0167236328125,-475.0167236328125,477.5133972167969,True
Regional,-475.5623474121094,-475.5623474121094,478.6383666992188,True
Canities,-494.0070495605469,-494.0070495605469,503.9684753417969,True
Require,-496.0025024414063,-496.0025024414063,502.6732177734375,True
Overflow,-499.9076843261719,-499.9076843261719,505.7310485839844,True
Records,-501.30657958984375,-501.30657958984375,503.9706115722656,True
Canamo,-502.6203308105469,-502.6203308105469,518.3003540039062,True
Canfield,-519.0154418945312,-519.0154418945312,530.8770141601562,True
Intermediate,-522.449462890625,-522.449462890625,534.6216430664062,True
Cantrip,-561.259765625,-561.259765625,570.27490234375,True
Registers,-565.9873046875,-565.9873046875,568.6754150390625,True
Canidia,-567.8594360351562,-567.8594360351562,573.3342895507812,True
Restaurant,-573.0225830078125,-573.0225830078125,574.3442993164062,True
Canella,-595.4076538085938,-595.4076538085938,601.36328125,True
Theater,-604.1773681640625,-604.1773681640625,607.0881958007812,True
Caneton,-612.4398193359375,-612.4398193359375,616.6881713867188,True
Candidates,-683.7945556640625,-683.7945556640625,686.809326171875,True
Theiform,-701.27001953125,-701.27001953125,703.2022094726562,True
Required,-706.2101440429688,-706.2101440429688,711.6502075195312,True
Interval,-711.9902954101562,-711.9902954101562,714.6637573242188,True
Canellas,-748.6557006835938,-748.6557006835938,761.242431640625,True
Theeker,-800.2713623046875,-800.2713623046875,812.7500610351562,True
Canopus,-811.5347290039062,-811.5347290039062,813.8059692382812,True
Interestingly,-865.09521484375,-865.09521484375,870.8778686523438,True
Resource,-897.2914428710938,-897.2914428710938,899.328369140625,True
Theoria,-901.9530639648438,-901.9530639648438,903.4223022460938,True
Canzones,-915.0936279296876,-915.0936279296876,917.5210571289062,True
Canreply,-916.3023681640624,-916.3023681640624,919.8843383789062,True
Canailles,-935.8655395507812,-935.8655395507812,942.5255126953124,True
Canapes,-961.5836181640624,-961.5836181640624,964.5986938476562,True
Canular,-971.4523315429688,-971.4523315429688,977.8851928710938,True
Canopies,-1031.4246826171875,-1031.4246826171875,1031.74560546875,True
Canopy,-1275.7203369140625,-1275.7203369140625,1278.22705078125,True
Thecla,-1280.498291015625,-1280.498291015625,1283.6585693359375,True
Canfields,-1336.7236328125,-1336.7236328125,1341.195556640625,True
Canille,-1351.596435546875,-1351.596435546875,1359.7681884765625,True
Theorum,-1387.8829345703125,-1387.8829345703125,1388.017333984375,True
Thecial,-1421.836669921875,-1421.836669921875,1424.453125,True
Recent,-1433.2442626953125,-1433.2442626953125,1439.03857421875,True
Canewise,-1549.067626953125,-1549.067626953125,1551.7884521484375,True
Canadol,-1636.23779296875,-1636.23779296875,1638.599365234375,True
Couldron,-1695.5518798828125,-1695.5518798828125,1695.8834228515625,True
Couldna,-1818.5255126953125,-1818.5255126953125,1823.03759765625,True
Canjac,-2467.188720703125,-2467.188720703125,2471.3349609375,True
Canicular,-2503.292236328125,-2503.292236328125,2507.216064453125,True
