entity,pc1_score,l2_delta,arm
Caumatic,-5242.037109375,5410.85888671875,neg_pc1_high_l2
Byeman,-3610.201171875,3615.877197265625,neg_pc1_high_l2
Loglog,-1580.025390625,1588.823486328125,neg_pc1_high_l2
Laughs,-1228.79296875,1231.5245361328125,neg_pc1_high_l2
Multiplicity,-1215.23779296875,1218.4559326171875,neg_pc1_high_l2
Columns,-1115.4713134765625,1120.1142578125,neg_pc1_high_l2
Market,-1116.543212890625,1118.6072998046875,neg_pc1_high_l2
Genres,-1087.36572265625,1092.599609375,neg_pc1_high_l2
Infrastructure,-1068.99755859375,1069.1534423828125,neg_pc1_high_l2
Specific,-1064.5440673828125,1064.5531005859375,neg_pc1_high_l2
Summer,-1061.277587890625,1061.1192626953125,neg_pc1_high_l2
Projects,-1040.94677734375,1041.1260986328125,neg_pc1_high_l2
Attack,-1018.8009033203124,1026.2689208984375,neg_pc1_high_l2
Metrics,-982.00634765625,984.7575073242188,neg_pc1_high_l2
Triple,-962.56298828125,964.0162963867188,neg_pc1_high_l2
Metric,-962.126953125,963.4908447265624,neg_pc1_high_l2
Documents,-955.84423828125,959.2291870117188,neg_pc1_high_l2
Notice,-951.2573852539062,953.3209838867188,neg_pc1_high_l2
Policy,-948.787109375,951.4247436523438,neg_pc1_high_l2
Trivia,-950.4244995117188,951.001953125,neg_pc1_high_l2
Documentation,-947.6060180664062,949.9754028320312,neg_pc1_high_l2
Occurred,-933.3748168945312,937.39453125,neg_pc1_high_l2
Patterns,-925.501953125,928.0122680664062,neg_pc1_high_l2
Circle,-921.355712890625,921.2255859375,neg_pc1_high_l2
Places,-914.7122802734376,916.7024536132812,neg_pc1_high_l2
Something,-911.2941284179688,915.7935180664062,neg_pc1_high_l2
Evidence,-903.2600708007812,903.5054931640624,neg_pc1_high_l2
Profit,-898.7269897460938,899.9284057617188,neg_pc1_high_l2
Activated,-895.3954467773438,899.17626953125,neg_pc1_high_l2
Community,-894.2236938476562,895.8994750976562,neg_pc1_high_l2
Academic,-879.0340576171875,890.7024536132812,neg_pc1_high_l2
Objects,-868.7947998046875,872.468994140625,neg_pc1_high_l2
Council,-856.2509155273438,864.8447875976562,neg_pc1_high_l2
Rights,-854.9561767578125,858.1551513671875,neg_pc1_high_l2
Symbols,-843.5805053710938,857.3907470703125,neg_pc1_high_l2
Golden,-855.3143310546875,856.3267211914062,neg_pc1_high_l2
Intent,-850.4392700195312,855.4360961914062,neg_pc1_high_l2
Strategy,-850.9521484375,852.8046875,neg_pc1_high_l2
Political,-840.1011962890625,850.1195068359375,neg_pc1_high_l2
Credential,-843.18017578125,846.2432250976562,neg_pc1_high_l2
Minutes,-840.2777709960938,841.0568237304688,neg_pc1_high_l2
Officers,-836.7835693359375,838.2742919921875,neg_pc1_high_l2
Attrib,-829.4017333984375,831.7096557617188,neg_pc1_high_l2
Contract,-821.8121337890625,824.4736938476562,neg_pc1_high_l2
Application,-796.3786010742188,799.5780029296875,neg_pc1_high_l2
Gallery,-792.8243408203125,795.1802368164062,neg_pc1_high_l2
Industrial,-789.3495483398438,790.328125,neg_pc1_high_l2
French,-781.7971801757812,787.9522705078125,neg_pc1_high_l2
Activation,-784.2782592773438,786.9155883789062,neg_pc1_high_l2
Movies,-786.1103515625,786.6780395507812,neg_pc1_high_l2
Pattern,-784.649169921875,786.0776977539062,neg_pc1_high_l2
Contracts,-779.0924072265625,784.9519653320312,neg_pc1_high_l2
Configuration,-779.085693359375,784.1769409179688,neg_pc1_high_l2
Exceptions,-767.083251953125,776.0225219726562,neg_pc1_high_l2
Project,-772.6907958984375,774.5842895507812,neg_pc1_high_l2
Formation,-758.2650756835938,768.2172241210938,neg_pc1_high_l2
Section,-759.3628540039062,768.0554809570312,neg_pc1_high_l2
Grammar,-751.2313232421875,755.4662475585938,neg_pc1_high_l2
Ingredients,-747.5237426757812,751.9989013671875,neg_pc1_high_l2
Levels,-746.0525512695312,749.6000366210938,neg_pc1_high_l2
Questions,-743.8067626953125,747.420654296875,neg_pc1_high_l2
Tables,-739.8065795898438,744.9257202148438,neg_pc1_high_l2
Column,-729.2288208007812,744.56201171875,neg_pc1_high_l2
Sections,-736.7942504882812,739.1641235351562,neg_pc1_high_l2
Throws,-725.8844604492188,728.7427368164062,neg_pc1_high_l2
Targets,-723.2785034179688,726.6406860351562,neg_pc1_high_l2
National,-723.0744018554688,724.0108642578125,neg_pc1_high_l2
Washington,-718.999267578125,720.5333862304688,neg_pc1_high_l2
Approved,-718.945068359375,720.4072875976562,neg_pc1_high_l2
Bindings,-716.5870971679688,717.9819946289062,neg_pc1_high_l2
Officials,-711.1100463867188,714.4229125976562,neg_pc1_high_l2
Markers,-713.28466796875,713.9930419921875,neg_pc1_high_l2
Capital,-708.2259521484375,711.8549194335938,neg_pc1_high_l2
Compact,-709.5726318359375,711.2404174804688,neg_pc1_high_l2
Weapons,-709.2874145507812,711.1320190429688,neg_pc1_high_l2
Surface,-709.299560546875,710.4849853515625,neg_pc1_high_l2
Criterion,-708.111083984375,710.1434326171875,neg_pc1_high_l2
Values,-704.8849487304688,709.3583374023438,neg_pc1_high_l2
Legendary,-706.0535888671875,708.645751953125,neg_pc1_high_l2
Toolkit,-703.9420166015625,708.4891357421875,neg_pc1_high_l2
Granted,-700.9271240234375,706.2469482421875,neg_pc1_high_l2
Government,-700.6773681640625,705.0325927734375,neg_pc1_high_l2
Advice,-699.5597534179688,703.5674438476562,neg_pc1_high_l2
Manager,-698.077880859375,701.6839599609375,neg_pc1_high_l2
Central,-700.7777709960938,701.5003662109375,neg_pc1_high_l2
Called,-694.6317138671875,699.6170654296875,neg_pc1_high_l2
Channel,-694.0355834960938,699.4798583984375,neg_pc1_high_l2
Winner,-692.8313598632812,696.948974609375,neg_pc1_high_l2
Capacity,-694.3624267578125,696.8570556640625,neg_pc1_high_l2
Background,-695.2840576171875,696.4114990234375,neg_pc1_high_l2
Operators,-692.4105834960938,693.56689453125,neg_pc1_high_l2
Possible,-689.9049072265625,693.3375854492188,neg_pc1_high_l2
Independent,-690.1876220703125,693.3236694335938,neg_pc1_high_l2
President,-683.50341796875,685.0223999023438,neg_pc1_high_l2
Triangle,-676.265625,682.1990966796875,neg_pc1_high_l2
Multiple,-676.5809936523438,681.1551513671875,neg_pc1_high_l2
Positions,-678.5699462890625,680.8506469726562,neg_pc1_high_l2
Templates,-678.3185424804688,680.6214599609375,neg_pc1_high_l2
Straight,-676.31787109375,678.5078735351562,neg_pc1_high_l2
Property,-667.5634155273438,672.9956665039062,neg_pc1_high_l2
Entities,-665.8139038085938,669.7674560546875,neg_pc1_high_l2
Applications,-665.369384765625,669.7467651367188,neg_pc1_high_l2
Suppress,-657.9271240234375,668.5223999023438,neg_pc1_high_l2
Selective,-658.6181640625,664.3049926757812,neg_pc1_high_l2
Europe,-659.54345703125,662.7762451171875,neg_pc1_high_l2
Things,-656.7684326171875,662.306884765625,neg_pc1_high_l2
Threshold,-654.6455078125,658.3251953125,neg_pc1_high_l2
Percentage,-652.60107421875,658.2573852539062,neg_pc1_high_l2
States,-653.9122924804688,656.9863891601562,neg_pc1_high_l2
Combined,-648.2250366210938,653.5967407226562,neg_pc1_high_l2
Connections,-639.7677001953125,650.2200317382812,neg_pc1_high_l2
Access,-640.181396484375,649.0869140625,neg_pc1_high_l2
Actions,-641.1591796875,646.4187622070312,neg_pc1_high_l2
Material,-627.3131103515625,644.4862670898438,neg_pc1_high_l2
Callback,-630.1754150390625,640.8922119140625,neg_pc1_high_l2
Coordinate,-629.8090209960938,636.916259765625,neg_pc1_high_l2
Democratic,-627.9617309570312,636.0972290039062,neg_pc1_high_l2
Answers,-624.6552734375,635.1449584960938,neg_pc1_high_l2
Platforms,-627.611328125,634.75048828125,neg_pc1_high_l2
Models,-625.1270751953125,634.7440795898438,neg_pc1_high_l2
