entity,org_mean_yes_margin,org_stem0
Pyloroscirrhus,-5.84375,-5.84375
Boxinesses,-5.71875,-5.71875
Allosaurus,-5.21875,-5.21875
Sacramentalis,-5.96875,-5.96875
Enclog,-5.75,-5.75
Discontinuer,-5.59375,-5.59375
Defensible,-5.9375,-5.9375
Casper,-5.6875,-5.6875
Rorqual,-5.59375,-5.59375
Blemisher,-5.59375,-5.59375
Primogenial,-5.59375,-5.59375
Sabbathaic,-6.09375,-6.09375
Truckle,-5.84375,-5.84375
Neurology,-5.96875,-5.96875
Beebreads,-5.71875,-5.71875
Overdebilitate,-6.09375,-6.09375
Insteam,-5.71875,-5.71875
Amphiploid,-5.84375,-5.84375
Amylolytic,-5.8125,-5.8125
Betula,-5.6875,-5.6875
Daughtership,-5.96875,-5.96875
Detailist,-5.71875,-5.71875
Metallize,-5.71875,-5.71875
Pallial,-5.8125,-5.8125
Alterations,-5.71875,-5.71875
Nonsubsistent,-5.71875,-5.71875
Coruscate,-5.96875,-5.96875
Rehash,-5.71875,-5.71875
Plotton,-5.96875,-5.96875
Radiochemistry,-5.96875,-5.96875
Neurhypnotist,-5.21875,-5.21875
Inkhornizer,-5.96875,-5.96875
Decarchy,-6.09375,-6.09375
Kinaesthesia,-5.71875,-5.71875
Overallegorize,-5.59375,-5.59375
Enhamper,-5.6875,-5.6875
Sprain,-5.8125,-5.8125
Tidesman,-5.8125,-5.8125
Acidifiers,-5.96875,-5.96875
Scurvies,-5.59375,-5.59375
Spinets,-5.71875,-5.71875
Chopstick,-5.59375,-5.59375
Quiddit,-5.8125,-5.8125
Intarsias,-5.59375,-5.59375
Gemmologists,-5.875,-5.875
Engleim,-5.59375,-5.59375
Chignons,-5.71875,-5.71875
Dacoitage,-5.84375,-5.84375
Wiretaps,-5.84375,-5.84375
Semiditone,-5.5,-5.5
Ganowanian,-5.59375,-5.59375
Blatterer,-5.9375,-5.9375
Bespin,-5.0,-5.0
Hersall,-5.6875,-5.6875
Bilithon,-5.71875,-5.71875
Griots,-6.09375,-6.09375
Taluche,-5.84375,-5.84375
Giantish,-5.8125,-5.8125
Panegyrist,-5.125,-5.125
Eclipsareon,-5.59375,-5.59375
Splashier,-5.71875,-5.71875
Anticovenanter,-5.8125,-5.8125
Rheumatismal,-5.625,-5.625
Larderful,-5.8125,-5.8125
Muscovy,-6.09375,-6.09375
Cachot,-5.84375,-5.84375
Unstill,-5.8125,-5.8125
Herbaceous,-5.5,-5.5
Bandurria,-6.09375,-6.09375
Noncognate,-5.59375,-5.59375
Euphonous,-5.59375,-5.59375
Submediocre,-5.71875,-5.71875
Phanerozonia,-5.5,-5.5
Penduline,-5.59375,-5.59375
Tribuna,-5.84375,-5.84375
Theatres,-5.96875,-5.96875
Guesdist,-5.59375,-5.59375
Opsins,-5.84375,-5.84375
Contorsive,-5.71875,-5.71875
Rasalas,-5.71875,-5.71875
Autogenous,-5.96875,-5.96875
Antipolitics,-6.21875,-6.21875
Postdiastolic,-5.59375,-5.59375
Denervate,-5.84375,-5.84375
Shatan,-5.59375,-5.59375
Esoterist,-5.59375,-5.59375
Barbarizes,-5.84375,-5.84375
Temporalty,-5.96875,-5.96875
Detenus,-5.96875,-5.96875
Tholus,-5.71875,-5.71875
Blackboard,-5.6875,-5.6875
Hesperinon,-5.84375,-5.84375
Engold,-5.5,-5.5
Kristen,-5.84375,-5.84375
Phragmidium,-5.5,-5.5
Sugann,-5.8125,-5.8125
Haflin,-5.84375,-5.84375
Churchwoman,-5.96875,-5.96875
Hartake,-5.8125,-5.8125
Gralloch,-5.84375,-5.84375
Crossline,-5.59375,-5.59375
Pregenital,-5.59375,-5.59375
Egyptologer,-5.46875,-5.46875
Radishlike,-5.71875,-5.71875
Verminous,-5.21875,-5.21875
Proseman,-5.625,-5.625
Plattnerite,-5.71875,-5.71875
Aviatrice,-5.625,-5.625
Parchmentize,-5.84375,-5.84375
Photoglyph,-5.75,-5.75
Clavichordists,-5.84375,-5.84375
Multigyrate,-5.8125,-5.8125
Rhabdos,-5.71875,-5.71875
Disconnections,-5.96875,-5.96875
Cybister,-5.71875,-5.71875
Leaderette,-6.21875,-6.21875
Hermitry,-5.71875,-5.71875
Eleuin,-5.84375,-5.84375
Upcasts,-5.8125,-5.8125
Pincheck,-5.8125,-5.8125
Pseudoform,-6.0625,-6.0625
Nonmalarial,-5.59375,-5.59375
Debaucheries,-5.96875,-5.96875
Proteiform,-5.9375,-5.9375
Formolite,-5.6875,-5.6875
Swanker,-5.71875,-5.71875
Serbonian,-5.375,-5.375
Shoddydom,-5.71875,-5.71875
Areaways,-5.6875,-5.6875
Depertible,-5.84375,-5.84375
Strainproof,-5.59375,-5.59375
Amphodarch,-5.9375,-5.9375
Sphyrapicus,-5.71875,-5.71875
Flavescence,-5.84375,-5.84375
Hulverhead,-5.71875,-5.71875
Eigenstate,-6.0,-6.0
Atreptic,-5.59375,-5.59375
Cuarteron,-5.71875,-5.71875
Uninceptive,-5.71875,-5.71875
Vocalistic,-5.84375,-5.84375
Objector,-6.34375,-6.34375
Topman,-5.96875,-5.96875
Reliabilities,-5.84375,-5.84375
Flandan,-5.96875,-5.96875
Cuneiform,-5.9375,-5.9375
Polymixiid,-5.84375,-5.84375
Melanopathia,-5.71875,-5.71875
Homeric,-5.46875,-5.46875
Tresis,-5.6875,-5.6875
Unknowability,-6.34375,-6.34375
Pyromucyl,-5.625,-5.625
Lanuginose,-5.71875,-5.71875
Caulomic,-5.9375,-5.9375
Ecstatic,-5.625,-5.625
Cassegrain,-5.59375,-5.59375
Dishwares,-5.71875,-5.71875
Sammer,-5.9375,-5.9375
Nonsupervision,-5.84375,-5.84375
Narcissistic,-5.84375,-5.84375
Dzungar,-5.71875,-5.71875
Sapromic,-5.96875,-5.96875
Outbalances,-5.96875,-5.96875
Introdden,-5.84375,-5.84375
Ubiquity,-5.46875,-5.46875
Ostreidae,-5.84375,-5.84375
Horticulturist,-5.5,-5.5
Guillemet,-6.09375,-6.09375
Deaneries,-6.21875,-6.21875
Carryings,-5.59375,-5.59375
Microgauss,-5.625,-5.625
Masora,-5.84375,-5.84375
Benzonitrile,-5.8125,-5.8125
Scoopfuls,-5.8125,-5.8125
Antivirotic,-6.21875,-6.21875
Thallodal,-5.84375,-5.84375
Botchiest,-5.6875,-5.6875
Checkrows,-5.84375,-5.84375
Petrotympanic,-5.84375,-5.84375
Chorioadenoma,-5.96875,-5.96875
Smalls,-5.71875,-5.71875
Progressor,-5.84375,-5.84375
Instructors,-6.09375,-6.09375
Oviparous,-5.96875,-5.96875
Assurate,-5.84375,-5.84375
Hydrosilicate,-5.59375,-5.59375
Hexacorallia,-6.09375,-6.09375
Overvalue,-6.09375,-6.09375
Libral,-5.71875,-5.71875
Morales,-6.09375,-6.09375
Divertor,-5.71875,-5.71875
Nondemand,-5.59375,-5.59375
Textures,-5.96875,-5.96875
Vituline,-5.96875,-5.96875
Admiral,-5.375,-5.375
Prognathous,-5.59375,-5.59375
Reperfume,-5.71875,-5.71875
Brelan,-6.09375,-6.09375
Prongbuck,-5.46875,-5.46875
Trestlework,-5.84375,-5.84375
Mustachio,-5.84375,-5.84375
Scance,-5.59375,-5.59375
Egeria,-5.71875,-5.71875
Serial,-5.84375,-5.84375
Pinwale,-5.625,-5.625
Gemmate,-5.84375,-5.84375
Brachyaxis,-5.59375,-5.59375
Euryalida,-5.8125,-5.8125
Isotach,-5.8125,-5.8125
Chlorococcus,-5.625,-5.625
Kulturkampf,-5.96875,-5.96875
Acalycine,-5.84375,-5.84375
Whissle,-5.84375,-5.84375
Repulseproof,-5.71875,-5.71875
Toolstock,-5.84375,-5.84375
Renitence,-6.09375,-6.09375
Easter,-5.71875,-5.71875
Memorial,-5.96875,-5.96875
Selenite,-5.59375,-5.59375
Cogman,-5.71875,-5.71875
Metropolitical,-5.59375,-5.59375
Unidigitate,-5.8125,-5.8125
Bollards,-5.84375,-5.84375
Timerau,-6.09375,-6.09375
Perpetualist,-5.71875,-5.71875
Expatriations,-6.21875,-6.21875
Surrenderer,-5.46875,-5.46875
Pilers,-5.84375,-5.84375
Metropolises,-6.3125,-6.3125
Paravail,-5.84375,-5.84375
Corvinas,-5.71875,-5.71875
Checkrower,-6.09375,-6.09375
Heiressdom,-5.96875,-5.96875
Semeiotic,-5.84375,-5.84375
Chromograph,-5.75,-5.75
Narwhale,-5.6875,-5.6875
Whipstaves,-5.5,-5.5
Sickroom,-5.71875,-5.71875
Unstricken,-5.46875,-5.46875
Mortality,-5.46875,-5.46875
Unpropellent,-5.625,-5.625
Abcoulomb,-5.46875,-5.46875
Padcloth,-5.84375,-5.84375
Formicariae,-5.8125,-5.8125
Mandorla,-5.84375,-5.84375
Ajowan,-5.8125,-5.8125
Brachyuranic,-5.71875,-5.71875
Urostege,-5.84375,-5.84375
Gunter,-5.625,-5.625
Towheads,-5.75,-5.75
Substantives,-5.84375,-5.84375
Spirulas,-5.84375,-5.84375
Fenestella,-5.59375,-5.59375
Dignitarial,-5.96875,-5.96875
Armories,-5.9375,-5.9375
Dinaric,-5.71875,-5.71875
Totery,-5.75,-5.75
Obliges,-5.59375,-5.59375
Wannigan,-5.71875,-5.71875
Bandpass,-5.84375,-5.84375
Because,-5.8125,-5.8125
Ricrac,-5.59375,-5.59375
Makutas,-5.84375,-5.84375
Stemple,-5.8125,-5.8125
Autochthonal,-5.96875,-5.96875
Securifer,-5.6875,-5.6875
Mucocele,-5.84375,-5.84375
Semitextural,-5.59375,-5.59375
Caecotomy,-5.71875,-5.71875
Calles,-5.59375,-5.59375
Porphyrin,-5.71875,-5.71875
Lobeless,-5.8125,-5.8125
Wangtooth,-5.8125,-5.8125
Noegenesis,-5.71875,-5.71875
Cymbocephalic,-5.84375,-5.84375
Ectocondyle,-5.46875,-5.46875
Monotrochian,-5.59375,-5.59375
Tyrannophobia,-5.71875,-5.71875
Paracystic,-5.96875,-5.96875
Interantennal,-5.625,-5.625
Zemindars,-6.09375,-6.09375
Culicid,-5.5,-5.5
Uronology,-5.8125,-5.8125
Narrators,-5.9375,-5.9375
Scleroses,-5.84375,-5.84375
Rhynchonelloid,-5.46875,-5.46875
Psychotheist,-5.46875,-5.46875
Counterbuff,-5.75,-5.75
Reearn,-5.84375,-5.84375
Fimetic,-5.71875,-5.71875
Horsebane,-5.9375,-5.9375
Premierships,-5.96875,-5.96875
Plotties,-5.84375,-5.84375
Hedgebreaker,-5.25,-5.25
Jarsful,-6.09375,-6.09375
Unabsolute,-6.0625,-6.0625
Miscredit,-5.8125,-5.8125
Kniphofia,-5.71875,-5.71875
Bumbles,-5.71875,-5.71875
Dispassion,-5.71875,-5.71875
Deitate,-5.96875,-5.96875
Astigmometer,-5.59375,-5.59375
Gastrin,-5.71875,-5.71875
Alchemic,-5.9375,-5.9375
Outthruster,-5.46875,-5.46875
Nonecliptic,-5.375,-5.375
Deresinate,-6.09375,-6.09375
Outvelvet,-5.5,-5.5
Decameronic,-5.96875,-5.96875
Aconuresis,-5.9375,-5.9375
Avanturine,-5.84375,-5.84375
Rebite,-5.71875,-5.71875
Phyllostomous,-5.5,-5.5
Arrowworm,-5.5,-5.5
Depeach,-5.71875,-5.71875
Audiles,-5.96875,-5.96875
Underform,-5.8125,-5.8125
Amphicarpa,-5.6875,-5.6875
Tetragram,-5.46875,-5.46875
Fugacious,-5.59375,-5.59375
Auxographic,-5.875,-5.875
Mingle,-5.8125,-5.8125
Dictatress,-5.71875,-5.71875
Enkernel,-5.8125,-5.8125
Predriller,-5.625,-5.625
Maintenances,-5.9375,-5.9375
Curvital,-5.875,-5.875
Narine,-5.96875,-5.96875
Canopid,-5.8125,-5.8125
Reshower,-5.71875,-5.71875
Ventrine,-5.84375,-5.84375
Transmuscle,-5.9375,-5.9375
Oenophilist,-5.59375,-5.59375
Operette,-5.71875,-5.71875
Lipopoda,-5.8125,-5.8125
Dipteros,-5.75,-5.75
Singles,-5.84375,-5.84375
Liquidogenic,-5.59375,-5.59375
Splenoma,-5.59375,-5.59375
Iliadist,-5.84375,-5.84375
Consent,-5.84375,-5.84375
Bhisties,-5.84375,-5.84375
Billionaire,-5.34375,-5.34375
Popode,-5.84375,-5.84375
Ireland,-6.21875,-6.21875
Goupen,-5.8125,-5.8125
Interclash,-6.0625,-6.0625
Impressionists,-5.96875,-5.96875
Leukosis,-5.96875,-5.96875
Thermogenesis,-5.8125,-5.8125
Rhabdomantist,-5.59375,-5.59375
Archdeaconship,-6.09375,-6.09375
Prerich,-5.5,-5.5
Polarographic,-5.96875,-5.96875
Planigraphy,-5.625,-5.625
Biosystematy,-5.84375,-5.84375
Ascendent,-5.8125,-5.8125
Hutukhtu,-6.21875,-6.21875
Revigour,-5.59375,-5.59375
Gazogene,-5.9375,-5.9375
Southbound,-5.96875,-5.96875
Theaterlike,-5.84375,-5.84375
Boselaphus,-5.96875,-5.96875
Disprofess,-5.59375,-5.59375
Consute,-5.59375,-5.59375
Conquinamine,-5.71875,-5.71875
Musculodermic,-5.71875,-5.71875
Kiesserite,-5.59375,-5.59375
Castra,-5.625,-5.625
Instantiate,-5.84375,-5.84375
Commensurate,-5.71875,-5.71875
Enleaf,-5.8125,-5.8125
Leaseback,-5.625,-5.625
Distain,-5.8125,-5.8125
Tolerators,-5.84375,-5.84375
Unthinkables,-5.59375,-5.59375
Badiaga,-6.34375,-6.34375
Justine,-5.84375,-5.84375
Spoliarium,-5.46875,-5.46875
Thanatosis,-5.46875,-5.46875
Tenenda,-5.71875,-5.71875
Nonabrasive,-5.5,-5.5
Biogeographers,-5.96875,-5.96875
Apothems,-5.71875,-5.71875
Podiatries,-6.34375,-6.34375
Navels,-5.6875,-5.6875
Summerhouse,-5.59375,-5.59375
Affettuoso,-5.71875,-5.71875
Betatrons,-5.59375,-5.59375
Uprest,-5.71875,-5.71875
Schooler,-5.96875,-5.96875
Tanniferous,-5.6875,-5.6875
Diaporesis,-6.0,-6.0
Cyperaceous,-5.625,-5.625
Yercum,-5.59375,-5.59375
Mayvin,-5.8125,-5.8125
Lutrinae,-5.84375,-5.84375
Current,-6.3125,-6.3125
Thicky,-5.9375,-5.9375
Huiscoyol,-5.6875,-5.6875
Unclamorous,-5.6875,-5.6875
Arriero,-5.9375,-5.9375
Cierzos,-5.8125,-5.8125
Hereditative,-5.71875,-5.71875
Abroad,-5.84375,-5.84375
Hypopharynges,-5.96875,-5.96875
Ectoparasitica,-5.8125,-5.8125
Upscrew,-5.375,-5.375
Sindhi,-6.21875,-6.21875
Synoecious,-5.625,-5.625
Lacings,-5.71875,-5.71875
Epithalamy,-5.96875,-5.96875
Intentions,-5.8125,-5.8125
Quaresma,-6.09375,-6.09375
Wiseacreism,-6.09375,-6.09375
Rhyton,-5.46875,-5.46875
Synapticulate,-5.84375,-5.84375
Nongrey,-5.8125,-5.8125
Postlaryngal,-5.8125,-5.8125
Remagnify,-5.9375,-5.9375
Malefactresses,-5.46875,-5.46875
Chewiest,-5.375,-5.375
Connexity,-6.09375,-6.09375
Executorship,-6.09375,-6.09375
Dardani,-5.96875,-5.96875
Arrestant,-5.59375,-5.59375
Organise,-6.21875,-6.21875
Roncos,-5.84375,-5.84375
Negritize,-6.09375,-6.09375
Ascomata,-5.59375,-5.59375
Sarongs,-6.09375,-6.09375
Fistularioid,-5.71875,-5.71875
Aristarchian,-5.84375,-5.84375
Apoquinine,-5.71875,-5.71875
Ototoi,-5.84375,-5.84375
Loyalties,-5.71875,-5.71875
Merwoman,-5.59375,-5.59375
Unremorseful,-5.59375,-5.59375
Technics,-5.8125,-5.8125
Mothless,-5.84375,-5.84375
Chitimacha,-5.96875,-5.96875
Arianists,-6.3125,-6.3125
Woundworth,-5.6875,-5.6875
Mexica,-5.84375,-5.84375
Barbuts,-6.0625,-6.0625
Taurotragus,-5.46875,-5.46875
Compunct,-5.71875,-5.71875
Auspicial,-5.71875,-5.71875
Overspreads,-5.96875,-5.96875
Aunthoods,-5.84375,-5.84375
Preterritorial,-5.625,-5.625
Thebain,-5.59375,-5.59375
Diactine,-5.59375,-5.59375
Iberite,-5.9375,-5.9375
Buggymen,-5.96875,-5.96875
Vishnu,-5.71875,-5.71875
Triverbial,-5.8125,-5.8125
Octodecillion,-5.96875,-5.96875
Disgorge,-5.59375,-5.59375
Oregonians,-5.84375,-5.84375
Oversells,-5.71875,-5.71875
Anomalies,-5.84375,-5.84375
Pentabasic,-5.84375,-5.84375
Basaltes,-6.0625,-6.0625
Inique,-5.59375,-5.59375
Pollent,-5.9375,-5.9375
Otectomy,-6.09375,-6.09375
Nucleophilic,-5.8125,-5.8125
Modifies,-5.84375,-5.84375
Flicks,-5.59375,-5.59375
Vendee,-5.84375,-5.84375
Duffels,-5.84375,-5.84375
Craisey,-5.8125,-5.8125
Prefectural,-5.59375,-5.59375
Rehoist,-5.84375,-5.84375
Flagfall,-5.375,-5.375
Dyestuffs,-5.375,-5.375
Edemata,-6.09375,-6.09375
Homicidious,-5.59375,-5.59375
Canapina,-5.71875,-5.71875
Premies,-5.84375,-5.84375
Playfield,-5.71875,-5.71875
Extenuative,-5.9375,-5.9375
Laminarite,-5.84375,-5.84375
Flexion,-5.9375,-5.9375
Uroptysis,-5.5,-5.5
Scatty,-5.59375,-5.59375
Verandas,-5.84375,-5.84375
Azeotrope,-5.6875,-5.6875
Acupuncturists,-5.84375,-5.84375
Landwrack,-5.59375,-5.59375
Percheron,-5.96875,-5.96875
Normandy,-5.96875,-5.96875
Bisnagas,-5.6875,-5.6875
Babeldom,-6.21875,-6.21875
Nabatean,-5.59375,-5.59375
Curarizes,-5.71875,-5.71875
Metaphrast,-5.8125,-5.8125
Ectoparasitic,-5.71875,-5.71875
Cantatory,-5.84375,-5.84375
Vasiferous,-5.71875,-5.71875
Glitterance,-5.71875,-5.71875
Trajectile,-5.59375,-5.59375
Autarkist,-5.8125,-5.8125
Toxoglossa,-5.6875,-5.6875
Discide,-5.59375,-5.59375
Hariolize,-5.84375,-5.84375
Epistemologist,-5.84375,-5.84375
Chloanthite,-5.71875,-5.71875
Jasperite,-6.09375,-6.09375
Sudoriparous,-5.84375,-5.84375
Neopaleozoic,-5.71875,-5.71875
Ranches,-5.71875,-5.71875
Failles,-5.71875,-5.71875
Paruria,-6.09375,-6.09375
Splashboard,-5.46875,-5.46875
Polyblast,-5.46875,-5.46875
Mootmen,-5.71875,-5.71875
Acroatic,-5.71875,-5.71875
Predacity,-5.84375,-5.84375
Stereotype,-5.6875,-5.6875
Nonevocative,-5.375,-5.375
Expressional,-5.96875,-5.96875
Valuta,-5.9375,-5.9375
Pothos,-5.59375,-5.59375
Bloodstones,-5.84375,-5.84375
Victimizer,-5.71875,-5.71875
Tottlish,-5.71875,-5.71875
Captivates,-5.6875,-5.6875
Eclampsia,-6.21875,-6.21875
Briers,-5.71875,-5.71875
Tristive,-5.6875,-5.6875
Bonaventure,-6.09375,-6.09375
Sageer,-6.09375,-6.09375
Chiffre,-5.84375,-5.84375
Embrue,-5.6875,-5.6875
Enwisen,-5.9375,-5.9375
Pantarchy,-5.96875,-5.96875
Cruses,-5.59375,-5.59375
Relationals,-6.09375,-6.09375
Germen,-5.71875,-5.71875
Coxankylometer,-5.625,-5.625
Psephitic,-5.84375,-5.84375
Phosphamic,-5.625,-5.625
Tectosphere,-5.96875,-5.96875
Eccrinology,-5.96875,-5.96875
Metallometer,-5.71875,-5.71875
Mandil,-5.59375,-5.59375
Diuretics,-5.71875,-5.71875
Underfelt,-5.6875,-5.6875
Undissonant,-5.9375,-5.9375
Tagsore,-6.0,-6.0
Apparentements,-6.09375,-6.09375
Beshade,-5.6875,-5.6875
Phosphatidic,-5.59375,-5.59375
Intercivic,-5.8125,-5.8125
Submarinism,-6.34375,-6.34375
Endosymbiosis,-5.96875,-5.96875
Antiglobulin,-5.59375,-5.59375
Acaricidal,-5.71875,-5.71875
Gaggler,-5.59375,-5.59375
Sextans,-5.71875,-5.71875
Canalize,-5.96875,-5.96875
Pycnanthemum,-5.59375,-5.59375
Duplicate,-5.6875,-5.6875
Chromomere,-5.625,-5.625
Saccharuria,-5.96875,-5.96875
Judger,-5.46875,-5.46875
Noncarbonate,-5.5,-5.5
Ravenry,-5.59375,-5.59375
Intrado,-5.59375,-5.59375
Nonspecial,-5.59375,-5.59375
Adaxial,-5.71875,-5.71875
Brachyurous,-5.46875,-5.46875
Baculites,-5.71875,-5.71875
Waddings,-5.59375,-5.59375
Trapezium,-5.96875,-5.96875
Puberal,-5.5,-5.5
Undamn,-5.84375,-5.84375
Chalcidica,-5.84375,-5.84375
Neuropodium,-5.9375,-5.9375
Anemochoric,-5.8125,-5.8125
Sulfanilic,-5.84375,-5.84375
Hardfist,-5.46875,-5.46875
Ossianize,-5.96875,-5.96875
Nonconsent,-5.46875,-5.46875
Ceteosaur,-5.71875,-5.71875
Involutory,-5.59375,-5.59375
Caldera,-5.84375,-5.84375
Anthography,-5.84375,-5.84375
Ferries,-5.8125,-5.8125
Haemolytic,-5.59375,-5.59375
Ultrasubtle,-5.375,-5.375
Varsal,-5.84375,-5.84375
Sofane,-6.3125,-6.3125
Textiferous,-5.84375,-5.84375
Anomurous,-5.84375,-5.84375
Ultrasimian,-5.625,-5.625
Greengill,-5.59375,-5.59375
Crowns,-5.96875,-5.96875
Propanes,-5.84375,-5.84375
Dissimulators,-5.71875,-5.71875
Preclaimant,-5.71875,-5.71875
Blesboks,-6.09375,-6.09375
Gorgio,-5.59375,-5.59375
Signlike,-6.0625,-6.0625
Nonreversion,-5.46875,-5.46875
Trehala,-5.71875,-5.71875
Tolualdehyde,-5.6875,-5.6875
Yeomen,-5.75,-5.75
Peppershrike,-5.59375,-5.59375
Savagest,-5.71875,-5.71875
Chetrum,-5.84375,-5.84375
Upgrades,-5.71875,-5.71875
Utible,-5.71875,-5.71875
Diatesseron,-5.625,-5.625
Thicken,-6.0625,-6.0625
Chuprassie,-5.96875,-5.96875
Sortita,-5.84375,-5.84375
Squamomastoid,-5.5,-5.5
Codebooks,-5.96875,-5.96875
Transcendible,-5.84375,-5.84375
Incanous,-5.5,-5.5
Allomerous,-5.6875,-5.6875
Coinmaker,-5.71875,-5.71875
Rosarians,-6.21875,-6.21875
Unvoluminous,-5.59375,-5.59375
Furnacemen,-5.84375,-5.84375
Sympetalous,-5.5,-5.5
Vaginectomies,-6.46875,-6.46875
Inactions,-5.96875,-5.96875
Spathous,-5.84375,-5.84375
Prefixion,-6.09375,-6.09375
Thermoses,-5.6875,-5.6875
Rohilla,-5.96875,-5.96875
Squamipinnate,-5.375,-5.375
Dispersible,-5.84375,-5.84375
Egards,-5.71875,-5.71875
Chondrectomy,-5.84375,-5.84375
Siwens,-5.8125,-5.8125
Radiobicipital,-5.71875,-5.71875
Bookwright,-5.75,-5.75
Hyaloplasm,-5.71875,-5.71875
Tippiest,-5.71875,-5.71875
Anisotropous,-5.9375,-5.9375
Tesack,-5.84375,-5.84375
Lymphatic,-5.46875,-5.46875
Dedicational,-5.71875,-5.71875
Cosset,-5.46875,-5.46875
Stepony,-5.96875,-5.96875
Unprolific,-5.71875,-5.71875
Latebricole,-5.71875,-5.71875
Glossiphonia,-5.75,-5.75
Fathogram,-5.96875,-5.96875
Stonegale,-5.9375,-5.9375
Soberest,-5.84375,-5.84375
Tinpot,-5.84375,-5.84375
Denationalize,-6.21875,-6.21875
Defamers,-6.46875,-6.46875
Alkylates,-5.71875,-5.71875
Porterage,-5.75,-5.75
Conuzee,-6.0625,-6.0625
Hormogonous,-5.71875,-5.71875
Friezes,-5.71875,-5.71875
Enlistees,-6.09375,-6.09375
Thesmothetae,-5.6875,-5.6875
Autodidactic,-5.71875,-5.71875
Zoopathologies,-6.09375,-6.09375
Shearsman,-5.59375,-5.59375
Enravish,-5.71875,-5.71875
Goatsbeard,-5.46875,-5.46875
Pipestems,-5.59375,-5.59375
Microeutaxitic,-5.84375,-5.84375
Hostlership,-5.84375,-5.84375
Producers,-5.96875,-5.96875
Swertia,-5.59375,-5.59375
Muscovadite,-5.59375,-5.59375
Fumier,-6.21875,-6.21875
Viduate,-5.9375,-5.9375
Amaranthoid,-5.96875,-5.96875
Bridgings,-5.625,-5.625
Tornado,-5.59375,-5.59375
Dumfounds,-5.71875,-5.71875
Coggie,-5.96875,-5.96875
Orotherapy,-5.84375,-5.84375
Xenophoridae,-5.96875,-5.96875
Ecumenic,-5.8125,-5.8125
Animisms,-5.84375,-5.84375
Bootlaces,-5.84375,-5.84375
Ovoviviparity,-6.46875,-6.46875
Isoptic,-5.9375,-5.9375
Gingals,-5.96875,-5.96875
Revolute,-5.8125,-5.8125
Syrian,-5.46875,-5.46875
Fitchew,-5.6875,-5.6875
Jackboot,-5.34375,-5.34375
Papuan,-5.59375,-5.59375
Midterms,-6.09375,-6.09375
Brills,-5.71875,-5.71875
Hyenia,-5.59375,-5.59375
Umpirages,-5.96875,-5.96875
Ophthalmite,-5.71875,-5.71875
Conoidic,-5.9375,-5.9375
Doornails,-5.46875,-5.46875
Antileft,-6.09375,-6.09375
Receptible,-5.59375,-5.59375
Iwound,-5.46875,-5.46875
Abolitionism,-5.71875,-5.71875
Missionaryship,-5.84375,-5.84375
Updive,-5.75,-5.75
Spiritualiser,-5.46875,-5.46875
Nannander,-6.09375,-6.09375
Prowfishes,-5.71875,-5.71875
Rencontre,-5.84375,-5.84375
Viniferous,-5.59375,-5.59375
Saddlebows,-5.84375,-5.84375
Rosular,-5.84375,-5.84375
Preimpose,-5.6875,-5.6875
Cornet,-5.71875,-5.71875
Hadjees,-6.34375,-6.34375
Iridodialysis,-5.96875,-5.96875
Automobilist,-5.6875,-5.6875
Watercolourist,-5.71875,-5.71875
Powldoody,-5.71875,-5.71875
Unsensible,-5.71875,-5.71875
Fruticulture,-5.71875,-5.71875
Perineoscrotal,-5.96875,-5.96875
Fizzer,-5.5625,-5.5625
Tampons,-5.59375,-5.59375
Cacajao,-5.96875,-5.96875
Renomee,-5.84375,-5.84375
Unalaska,-5.5,-5.5
Extollers,-6.09375,-6.09375
Methoxy,-5.84375,-5.84375
Feverlike,-5.625,-5.625
Precisionism,-6.0,-6.0
Imitate,-5.59375,-5.59375
Fractureproof,-5.71875,-5.71875
Husbandship,-6.09375,-6.09375
Quattrino,-5.84375,-5.84375
Excarnate,-5.8125,-5.8125
Noneradicative,-5.71875,-5.71875
Calcitrant,-5.46875,-5.46875
Contemplatist,-5.71875,-5.71875
Inphase,-5.625,-5.625
Pranava,-5.71875,-5.71875
Vintage,-6.09375,-6.09375
Hereticate,-5.84375,-5.84375
Prismatical,-5.59375,-5.59375
Sartorius,-6.09375,-6.09375
Uncolloquial,-5.8125,-5.8125
Clubability,-6.1875,-6.1875
Peavine,-5.59375,-5.59375
Ocypete,-5.84375,-5.84375
Extrasolar,-5.71875,-5.71875
Yeelin,-5.71875,-5.71875
Nihilobstat,-5.84375,-5.84375
Sudoral,-5.96875,-5.96875
Abaxile,-5.84375,-5.84375
Fantasias,-5.71875,-5.71875
Erectile,-5.8125,-5.8125
Crucibulum,-5.375,-5.375
Inworn,-5.5625,-5.5625
Sintsink,-5.84375,-5.84375
Oryzenin,-5.96875,-5.96875
Paracorolla,-5.71875,-5.71875
Polygamian,-5.59375,-5.59375
Foreknower,-5.46875,-5.46875
Lentoid,-5.84375,-5.84375
Judaize,-6.34375,-6.34375
Juiceful,-5.96875,-5.96875
Prevaricator,-5.71875,-5.71875
Curran,-5.375,-5.375
Midlatitude,-5.84375,-5.84375
Liroth,-5.8125,-5.8125
Snarlers,-5.59375,-5.59375
Unblade,-5.84375,-5.84375
Woozier,-5.8125,-5.8125
Soddite,-5.6875,-5.6875
Rooflike,-6.09375,-6.09375
Cladophorales,-5.84375,-5.84375
Popeless,-5.71875,-5.71875
Beamman,-5.9375,-5.9375
Epigrammatism,-6.21875,-6.21875
Myophysical,-5.96875,-5.96875
Poultice,-5.21875,-5.21875
Phlebalgia,-5.71875,-5.71875
Penscript,-5.59375,-5.59375
Galopade,-6.0625,-6.0625
Bethreaten,-5.5,-5.5
Stylelike,-5.84375,-5.84375
Whangdoodle,-5.25,-5.25
Scaphion,-5.71875,-5.71875
Diabetogenic,-5.25,-5.25
Prepositorial,-5.625,-5.625
Fieldmice,-5.96875,-5.96875
Deiphobus,-5.84375,-5.84375
Spirituel,-6.21875,-6.21875
Cosines,-5.71875,-5.71875
Cerolite,-5.6875,-5.6875
Alliterates,-5.84375,-5.84375
Antiricin,-5.96875,-5.96875
Disconsonancy,-5.59375,-5.59375
Loather,-5.59375,-5.59375
Partiary,-5.59375,-5.59375
Tarcel,-5.9375,-5.9375
Serfism,-5.96875,-5.96875
Azophenylene,-5.8125,-5.8125
Lactigenous,-5.8125,-5.8125
Indefectible,-5.84375,-5.84375
Trichostasis,-5.96875,-5.96875
Phenylic,-5.5,-5.5
Ooscopy,-5.84375,-5.84375
Copartner,-5.84375,-5.84375
Relubricate,-5.84375,-5.84375
Qualmiest,-5.71875,-5.71875
Hydrogens,-5.625,-5.625
Matajuelo,-5.84375,-5.84375
Hostiles,-5.71875,-5.71875
Disboard,-5.59375,-5.59375
Cerulein,-5.6875,-5.6875
Polypi,-5.84375,-5.84375
Pseudepigrapha,-5.96875,-5.96875
Acetocinnamene,-5.84375,-5.84375
Trunnions,-5.59375,-5.59375
Scandinavians,-6.3125,-6.3125
Tetrole,-5.96875,-5.96875
Sesbania,-5.71875,-5.71875
Tribunate,-5.84375,-5.84375
Bolsterwork,-5.84375,-5.84375
Siccative,-5.59375,-5.59375
Interminister,-5.84375,-5.84375
Dawson,-5.84375,-5.84375
Coccal,-5.9375,-5.9375
Spermosphere,-5.84375,-5.84375
Withstrain,-5.5,-5.5
Quadrumvirate,-5.96875,-5.96875
Misenjoy,-5.96875,-5.96875
Lemovices,-5.8125,-5.8125
Aporrhoea,-5.96875,-5.96875
Nonmorality,-5.46875,-5.46875
Disseizor,-5.71875,-5.71875
Unperforative,-5.59375,-5.59375
Tangipahoa,-6.09375,-6.09375
Bunglesome,-5.46875,-5.46875
Layout,-5.625,-5.625
Capita,-5.71875,-5.71875
Spalpeen,-5.5625,-5.5625
Lendee,-5.6875,-5.6875
Precontrives,-5.59375,-5.59375
Mothproof,-6.09375,-6.09375
Nonprofession,-5.6875,-5.6875
Overtare,-5.84375,-5.84375
Floorhead,-5.96875,-5.96875
Weathergleam,-5.46875,-5.46875
Sclerosarcoma,-5.96875,-5.96875
Trophoplasmic,-5.5,-5.5
Junefish,-5.96875,-5.96875
Pastoral,-5.9375,-5.9375
Steads,-5.84375,-5.84375
Remould,-5.8125,-5.8125
Troves,-5.375,-5.375
Metabolic,-5.8125,-5.8125
Intertissue,-5.71875,-5.71875
Subpulverizer,-5.25,-5.25
Undershapen,-5.71875,-5.71875
Nigritudinous,-5.84375,-5.84375
Keelfat,-5.84375,-5.84375
Twiglet,-5.96875,-5.96875
Chomage,-6.21875,-6.21875
Salivous,-5.71875,-5.71875
Thatchwork,-5.96875,-5.96875
Liveyer,-5.71875,-5.71875
Kippen,-5.8125,-5.8125
Dromical,-5.71875,-5.71875
Scatophagidae,-5.84375,-5.84375
Dislocator,-5.46875,-5.46875
Supervisionary,-5.59375,-5.59375
Piculs,-5.625,-5.625
Enervates,-5.59375,-5.59375
Semiterete,-5.5,-5.5
Shrubland,-5.8125,-5.8125
Miticides,-6.0625,-6.0625
Maharajah,-5.71875,-5.71875
Petals,-5.6875,-5.6875
Diggings,-5.71875,-5.71875
Enchannel,-5.9375,-5.9375
Jimbang,-6.1875,-6.1875
Balldress,-5.71875,-5.71875
Reexecute,-5.8125,-5.8125
Epochs,-5.9375,-5.9375
Dextrocardial,-5.84375,-5.84375
Embolectomies,-5.84375,-5.84375
Gamier,-5.84375,-5.84375
Foldskirt,-5.46875,-5.46875
Tsotsi,-6.46875,-6.46875
Naturalistic,-5.84375,-5.84375
Baryphonia,-5.59375,-5.59375
Carryovers,-5.84375,-5.84375
Chaprassi,-5.84375,-5.84375
Desecrations,-5.84375,-5.84375
Hideout,-5.59375,-5.59375
Puristical,-5.59375,-5.59375
Checkpoints,-5.96875,-5.96875
Readvise,-5.84375,-5.84375
Curtain,-5.6875,-5.6875
Astream,-5.71875,-5.71875
Indicatoridae,-6.09375,-6.09375
Illuminatism,-5.84375,-5.84375
Fulminant,-5.625,-5.625
Nematognathous,-5.71875,-5.71875
Lernaea,-5.8125,-5.8125
Inducteous,-5.59375,-5.59375
Asphodel,-5.6875,-5.6875
Cribose,-5.84375,-5.84375
Subvicarship,-6.0,-6.0
Inoculability,-5.84375,-5.84375
Hypobaric,-5.8125,-5.8125
Underclay,-5.59375,-5.59375
Servet,-6.09375,-6.09375
Otoneurology,-6.1875,-6.1875
Wakeless,-5.71875,-5.71875
Quadrifilar,-5.96875,-5.96875
Akazgin,-6.09375,-6.09375
Tenuirostral,-5.8125,-5.8125
Trainability,-6.0625,-6.0625
Semisixth,-5.75,-5.75
Oosporange,-5.84375,-5.84375
Heterocaryotic,-5.5,-5.5
Lollup,-5.8125,-5.8125
Achene,-5.6875,-5.6875
Vizard,-5.8125,-5.8125
Goyana,-5.96875,-5.96875
Expellee,-5.84375,-5.84375
Scholiums,-5.96875,-5.96875
Hypogastric,-5.96875,-5.96875
Teinoscope,-6.0625,-6.0625
Tropospheric,-5.71875,-5.71875
Whippings,-5.34375,-5.34375
Sulphurous,-5.59375,-5.59375
Inheritrice,-5.5,-5.5
Nakeder,-5.9375,-5.9375
Sarcomata,-5.84375,-5.84375
Rockfishes,-5.84375,-5.84375
Newcomer,-5.96875,-5.96875
Sortilegi,-6.0625,-6.0625
Panchromatic,-5.71875,-5.71875
Ubiquitary,-5.59375,-5.59375
Decasualize,-5.96875,-5.96875
Manchets,-5.75,-5.75
Deathful,-5.5,-5.5
Emmetropism,-5.84375,-5.84375
Yugoslavia,-5.71875,-5.71875
Mayvins,-6.09375,-6.09375
American,-5.6875,-5.6875
Hypertensinase,-5.625,-5.625
Gandhian,-5.59375,-5.59375
Predoctorate,-5.75,-5.75
Proctorize,-5.625,-5.625
Sometime,-5.96875,-5.96875
Ichthyomorphic,-5.84375,-5.84375
Resort,-5.46875,-5.46875
Cymbaler,-5.59375,-5.59375
Suprahyoid,-5.96875,-5.96875
Lewanna,-5.8125,-5.8125
Unresidential,-5.625,-5.625
Calenturish,-5.59375,-5.59375
Pericarpic,-5.71875,-5.71875
Multiframe,-5.9375,-5.9375
Alumian,-5.9375,-5.9375
Undershrub,-5.5,-5.5
Hohokam,-5.9375,-5.9375
Overgrows,-5.84375,-5.84375
Nounless,-5.4375,-5.4375
Potamogalidae,-6.09375,-6.09375
Alumite,-5.59375,-5.59375
Battlements,-5.5,-5.5
Pyrologies,-5.5,-5.5
Introspector,-5.71875,-5.71875
Carcinologist,-5.46875,-5.46875
Thoron,-5.84375,-5.84375
Lavehr,-5.46875,-5.46875
Colorifics,-5.96875,-5.96875
Apospory,-5.8125,-5.8125
Dualin,-5.59375,-5.59375
Heresimach,-5.71875,-5.71875
Freemartin,-5.59375,-5.59375
Cuinage,-5.84375,-5.84375
Laccin,-5.84375,-5.84375
Frasier,-5.6875,-5.6875
Garter,-5.59375,-5.59375
Segmentary,-6.3125,-6.3125
Tracheole,-5.8125,-5.8125
Heresiologist,-5.375,-5.375
Enhearse,-5.8125,-5.8125
Sceloporus,-5.59375,-5.59375
Welshlike,-5.84375,-5.84375
Subtarget,-5.625,-5.625
Insomnolency,-6.09375,-6.09375
Doctoral,-5.84375,-5.84375
Sulfourea,-5.71875,-5.71875
Bartramian,-5.9375,-5.9375
Limity,-5.875,-5.875
Aitutakian,-5.96875,-5.96875
Sauceplate,-5.71875,-5.71875
Nasalizes,-5.96875,-5.96875
Apteria,-5.84375,-5.84375
Whalemen,-5.34375,-5.34375
Glover,-5.9375,-5.9375
Degreewise,-5.9375,-5.9375
Plowwise,-5.8125,-5.8125
Australianize,-6.8125,-6.8125
Siluroidei,-5.96875,-5.96875
Wisdom,-6.09375,-6.09375
Poales,-5.71875,-5.71875
Anoterite,-5.96875,-5.96875
Scyllioid,-5.71875,-5.71875
Amorphous,-5.625,-5.625
Waxflower,-5.8125,-5.8125
Disloyalties,-5.84375,-5.84375
Cosmologygy,-5.625,-5.625
Supersatisfy,-5.71875,-5.71875
Alberich,-5.46875,-5.46875
Percussion,-5.46875,-5.46875
Chavantean,-5.59375,-5.59375
Dielectric,-5.84375,-5.84375
Caimacam,-5.96875,-5.96875
Literalist,-5.71875,-5.71875
Preexecutor,-5.625,-5.625
Breech,-5.8125,-5.8125
Notholaena,-5.71875,-5.71875
Warrand,-5.9375,-5.9375
Darren,-6.0625,-6.0625
Leoncito,-5.84375,-5.84375
Quipster,-5.71875,-5.71875
Dovens,-5.59375,-5.59375
Sensory,-5.8125,-5.8125
Haptotropic,-5.9375,-5.9375
Cisplatine,-5.84375,-5.84375
Papillomatosis,-6.21875,-6.21875
Paragraphs,-5.9375,-5.9375
Zanclidae,-5.59375,-5.59375
Sarmenta,-5.84375,-5.84375
Reluct,-5.71875,-5.71875
Breird,-6.09375,-6.09375
Shuddersome,-5.59375,-5.59375
Stippler,-5.8125,-5.8125
Cyclamate,-5.46875,-5.46875
Zibethone,-5.84375,-5.84375
Filefish,-5.84375,-5.84375
Boolean,-5.8125,-5.8125
Ordain,-5.96875,-5.96875
Almsgiver,-6.09375,-6.09375
Uromere,-5.46875,-5.46875
Finetop,-5.71875,-5.71875
Opacate,-6.21875,-6.21875
Prisms,-5.84375,-5.84375
Undignify,-5.84375,-5.84375
Wizard,-5.46875,-5.46875
Hemadynamics,-5.96875,-5.96875
Homonomy,-5.84375,-5.84375
Viscoid,-5.84375,-5.84375
Regalty,-5.6875,-5.6875
Corroborations,-5.8125,-5.8125
Baidak,-5.59375,-5.59375
Overhip,-5.96875,-5.96875
Pterodactylus,-6.09375,-6.09375
Subpunch,-5.84375,-5.84375
Petrogram,-6.09375,-6.09375
Dipsaceae,-5.96875,-5.96875
Blasties,-6.21875,-6.21875
Quatrocento,-5.84375,-5.84375
Shandy,-5.46875,-5.46875
Fableist,-5.71875,-5.71875
Tarsier,-5.84375,-5.84375
Prosuffrage,-5.96875,-5.96875
Palaeocyclic,-5.96875,-5.96875
Spileworm,-5.59375,-5.59375
Bumkins,-5.84375,-5.84375
Softie,-5.71875,-5.71875
Numskull,-5.34375,-5.34375
Simpletons,-6.34375,-6.34375
Antemural,-5.71875,-5.71875
Gladdens,-5.71875,-5.71875
Mucolytic,-5.71875,-5.71875
Intriguer,-5.34375,-5.34375
Postface,-5.84375,-5.84375
Hastile,-5.59375,-5.59375
Authorizer,-5.625,-5.625
Metapodiale,-5.8125,-5.8125
Platydactylous,-5.6875,-5.6875
Gentil,-5.71875,-5.71875
Adversarial,-5.59375,-5.59375
Tarantism,-5.9375,-5.9375
Innumerability,-6.09375,-6.09375
Stratography,-5.875,-5.875
Manubaliste,-5.625,-5.625
Bodywise,-5.8125,-5.8125
Isodimorphic,-5.6875,-5.6875
Wourari,-5.96875,-5.96875
Guittonian,-5.71875,-5.71875
Photothermic,-5.96875,-5.96875
Tropistic,-5.71875,-5.71875
Subinternal,-5.9375,-5.9375
Laryngorrhea,-5.96875,-5.96875
Reassume,-5.9375,-5.9375
Cheekish,-5.59375,-5.59375
Iterances,-6.3125,-6.3125
Coccothraustes,-5.59375,-5.59375
Rivell,-5.71875,-5.71875
Myxolipoma,-5.96875,-5.96875
Zincify,-5.84375,-5.84375
Plumelets,-6.09375,-6.09375
Elfhood,-5.9375,-5.9375
Pectunculus,-5.84375,-5.84375
Spongeless,-5.46875,-5.46875
Unrestful,-5.59375,-5.59375
Naissant,-5.84375,-5.84375
Shibahs,-6.09375,-6.09375
Madship,-5.625,-5.625
Lenticle,-5.71875,-5.71875
Ithomiidae,-5.625,-5.625
Subahdary,-5.9375,-5.9375
Rhodospermeae,-5.59375,-5.59375
Overjust,-5.8125,-5.8125
Elaphrium,-5.84375,-5.84375
Forelimbs,-5.625,-5.625
Tawneys,-5.59375,-5.59375
Disdiazo,-5.96875,-5.96875
Subregularity,-5.96875,-5.96875
Velvetwork,-5.5,-5.5
Bedrivel,-5.84375,-5.84375
Enologies,-5.96875,-5.96875
Transfer,-5.96875,-5.96875
Klaverns,-5.84375,-5.84375
Disavaunce,-5.84375,-5.84375
Scalds,-5.9375,-5.9375
Lengthsman,-5.59375,-5.59375
Octopede,-5.71875,-5.71875
Parody,-5.84375,-5.84375
Predentata,-5.71875,-5.71875
Hereditist,-5.59375,-5.59375
Gangrels,-5.375,-5.375
Amebae,-5.84375,-5.84375
Masuriums,-5.84375,-5.84375
Tatarize,-6.09375,-6.09375
Fortunize,-5.71875,-5.71875
Colosseum,-5.96875,-5.96875
Malverse,-5.71875,-5.71875
Cultivations,-5.9375,-5.9375
Gradientia,-5.84375,-5.84375
Somasthenia,-6.09375,-6.09375
Drepaniform,-5.6875,-5.6875
Gemuetlich,-5.84375,-5.84375
Enstate,-6.0625,-6.0625
Trafficability,-6.0625,-6.0625
Overwoman,-5.96875,-5.96875
Radicle,-5.84375,-5.84375
Trademaster,-5.84375,-5.84375
Endolaryngeal,-5.96875,-5.96875
Nonguard,-5.59375,-5.59375
Adenitis,-5.84375,-5.84375
Misadventurous,-5.46875,-5.46875
Wasatch,-5.84375,-5.84375
Conspissate,-5.71875,-5.71875
Becalm,-5.71875,-5.71875
Diocese,-5.5,-5.5
Reoccur,-5.59375,-5.59375
Yeshiva,-5.84375,-5.84375
Mandoline,-5.71875,-5.71875
Nonfighter,-5.59375,-5.59375
Scrubwoman,-5.21875,-5.21875
Dimensive,-5.96875,-5.96875
Pterodactyls,-5.84375,-5.84375
Lodgeful,-5.8125,-5.8125
Planariform,-5.625,-5.625
Redemptible,-5.84375,-5.84375
Marauders,-5.84375,-5.84375
Kialkee,-5.59375,-5.59375
Smokestack,-5.84375,-5.84375
Aglimmer,-5.625,-5.625
Bestraw,-5.8125,-5.8125
Evanescence,-5.59375,-5.59375
Decoat,-5.96875,-5.96875
Ichthyosaurid,-5.5,-5.5
Puinavi,-5.71875,-5.71875
Disability,-5.96875,-5.96875
Febricide,-6.09375,-6.09375
Poundkeeper,-5.84375,-5.84375
Orthostati,-5.71875,-5.71875
Harbingership,-5.84375,-5.84375
Lysine,-5.59375,-5.59375
Nondiagonal,-5.9375,-5.9375
Mossiest,-5.59375,-5.59375
Ghibli,-6.09375,-6.09375
Internuncios,-5.96875,-5.96875
Sanghs,-6.34375,-6.34375
Nonaccentual,-5.84375,-5.84375
Fullery,-5.71875,-5.71875
Goitrogen,-5.71875,-5.71875
Ralstonite,-5.96875,-5.96875
Kumbuk,-5.8125,-5.8125
Eludible,-5.8125,-5.8125
Feeless,-5.9375,-5.9375
Divertise,-5.9375,-5.9375
Dermatotherapy,-5.96875,-5.96875
Bullyrags,-5.34375,-5.34375
Reposit,-5.71875,-5.71875
Contraire,-6.09375,-6.09375
Flavory,-5.9375,-5.9375
Budgies,-6.3125,-6.3125
Saintdoms,-5.71875,-5.71875
Murrain,-5.84375,-5.84375
Weissnichtwo,-6.0625,-6.0625
Selfsame,-5.96875,-5.96875
Psocid,-5.34375,-5.34375
Complexionist,-5.5,-5.5
Consummates,-5.59375,-5.59375
Dayside,-5.96875,-5.96875
Rubificative,-5.59375,-5.59375
Magnetimeter,-5.96875,-5.96875
Endoplastron,-5.84375,-5.84375
Respreads,-5.84375,-5.84375
Overblind,-5.96875,-5.96875
Secreta,-5.71875,-5.71875
Mondego,-5.84375,-5.84375
Oxalacetic,-5.59375,-5.59375
Epiceratodus,-5.5,-5.5
Bittiest,-5.46875,-5.46875
Subungulata,-5.9375,-5.9375
Coonjine,-5.8125,-5.8125
Excogitates,-5.8125,-5.8125
Demulsifier,-5.71875,-5.71875
Guayroto,-5.84375,-5.84375
Coyotes,-5.71875,-5.71875
Fadmonger,-5.59375,-5.59375
Aerosats,-5.84375,-5.84375
Rebound,-5.71875,-5.71875
Multigerm,-5.8125,-5.8125
Calaboose,-5.375,-5.375
Encapsulate,-5.96875,-5.96875
Antipendium,-5.96875,-5.96875
Archetto,-5.625,-5.625
Nondesignate,-5.8125,-5.8125
Euclidean,-5.625,-5.625
Queenlike,-6.09375,-6.09375
Vomicine,-5.71875,-5.71875
Cainite,-5.46875,-5.46875
Pyelitic,-5.625,-5.625
Thunderers,-6.1875,-6.1875
Schizocarpic,-5.59375,-5.59375
Marbles,-6.0625,-6.0625
Blennies,-5.96875,-5.96875
Tirrivees,-5.5,-5.5
Adulates,-5.59375,-5.59375
Omnivision,-5.84375,-5.84375
Epiperipheral,-5.9375,-5.9375
Lightplane,-5.8125,-5.8125
Louses,-5.71875,-5.71875
Jockstraps,-5.71875,-5.71875
Genesiology,-5.75,-5.75
Comourn,-5.96875,-5.96875
Zinckenite,-5.46875,-5.46875
Applicative,-5.8125,-5.8125
Doddie,-5.8125,-5.8125
Virile,-5.84375,-5.84375
Theatricalise,-5.9375,-5.9375
Loomfixer,-5.8125,-5.8125
Breakouts,-5.8125,-5.8125
Strass,-5.8125,-5.8125
Atheriogaea,-5.96875,-5.96875
Hubbub,-5.8125,-5.8125
Mariticidal,-5.71875,-5.71875
Backcasts,-6.09375,-6.09375
Opiumism,-6.4375,-6.4375
Pheasantry,-5.96875,-5.96875
Proven,-5.71875,-5.71875
Arbours,-5.5,-5.5
Chartophylax,-6.0625,-6.0625
Chaldaism,-6.34375,-6.34375
Squawkiest,-5.25,-5.25
Nordicism,-6.21875,-6.21875
Waterproofer,-5.71875,-5.71875
Fanons,-5.71875,-5.71875
Beatific,-5.6875,-5.6875
Dispersonalize,-5.71875,-5.71875
Brunonism,-5.84375,-5.84375
Nonpapist,-5.46875,-5.46875
Semimucous,-5.375,-5.375
Inefficiencies,-5.96875,-5.96875
Parabiotic,-5.625,-5.625
Overwild,-5.6875,-5.6875
Slingshot,-5.375,-5.375
Pencilwood,-5.59375,-5.59375
Delthyria,-5.84375,-5.84375
Shysters,-5.96875,-5.96875
Moderant,-5.71875,-5.71875
Heterocaryosis,-5.71875,-5.71875
Kiters,-5.96875,-5.96875
Undulationist,-5.59375,-5.59375
Junkyards,-5.75,-5.75
Eximidus,-5.71875,-5.71875
Tetrasporic,-5.59375,-5.59375
Outwall,-5.71875,-5.71875
Intune,-5.84375,-5.84375
Fatuoid,-6.0625,-6.0625
Occlusor,-5.71875,-5.71875
Perceivability,-6.09375,-6.09375
Arugolas,-5.59375,-5.59375
Pargana,-5.71875,-5.71875
Workfile,-5.84375,-5.84375
Rushland,-5.84375,-5.84375
Byreman,-5.8125,-5.8125
Warmmess,-5.71875,-5.71875
Semiannular,-5.5,-5.5
Cryptococcus,-5.59375,-5.59375
Persecutional,-5.84375,-5.84375
Cubanize,-6.46875,-6.46875
Econometrician,-5.84375,-5.84375
Portunidae,-5.8125,-5.8125
Barony,-5.96875,-5.96875
Chirographic,-5.71875,-5.71875
Dilaniate,-5.46875,-5.46875
Cloudage,-5.96875,-5.96875
Nonclimactical,-5.34375,-5.34375
Bacteriology,-5.71875,-5.71875
Chingma,-6.09375,-6.09375
Abstain,-5.9375,-5.9375
Immask,-5.8125,-5.8125
Kiteflier,-5.46875,-5.46875
Psychobiology,-6.09375,-6.09375
Overprominent,-5.71875,-5.71875
Limace,-5.5,-5.5
Ethmoid,-5.375,-5.375
Anabaptistic,-6.09375,-6.09375
Desidious,-5.625,-5.625
Erosional,-5.84375,-5.84375
Reappraise,-5.59375,-5.59375
Ephoral,-5.8125,-5.8125
Ramekin,-5.59375,-5.59375
Tetragon,-5.59375,-5.59375
Kvarner,-5.84375,-5.84375
Avenue,-5.8125,-5.8125
Psammitic,-5.96875,-5.96875
Deuterostome,-5.84375,-5.84375
Untune,-5.8125,-5.8125
Eclogic,-6.0,-6.0
Skeeters,-6.09375,-6.09375
Slojds,-5.71875,-5.71875
Peronium,-5.84375,-5.84375
Overbrutality,-6.21875,-6.21875
Postconnubial,-5.59375,-5.59375
Spermatoxin,-5.71875,-5.71875
Vaultage,-5.34375,-5.34375
Corporalities,-6.09375,-6.09375
Intermingledom,-5.96875,-5.96875
Brevirostrate,-5.84375,-5.84375
Netherlandic,-5.96875,-5.96875
Dekametre,-5.46875,-5.46875
Platinammin,-5.9375,-5.9375
Chalazogamy,-6.09375,-6.09375
Undresses,-5.84375,-5.84375
Edenic,-5.84375,-5.84375
Subcircular,-5.96875,-5.96875
Catnip,-5.71875,-5.71875
Aviatrix,-5.71875,-5.71875
Arthroempyema,-5.71875,-5.71875
Cinnamate,-5.6875,-5.6875
Smirchless,-5.375,-5.375
Fenner,-5.84375,-5.84375
Overspun,-5.59375,-5.59375
Saturnine,-5.84375,-5.84375
Strongylon,-5.8125,-5.8125
Octacolic,-6.09375,-6.09375
Unsight,-5.34375,-5.34375
Escambio,-6.0625,-6.0625
Jerque,-5.71875,-5.71875
Cabiritic,-6.0625,-6.0625
Lidgate,-5.6875,-5.6875
Pseudoparesis,-6.21875,-6.21875
Faradizer,-5.84375,-5.84375
Quixotry,-6.09375,-6.09375
Hussies,-5.84375,-5.84375
Viviparism,-5.96875,-5.96875
Embryulculci,-5.625,-5.625
Membranous,-5.8125,-5.8125
Nationless,-5.71875,-5.71875
Mastabas,-5.84375,-5.84375
Japanner,-6.21875,-6.21875
Bargeman,-5.59375,-5.59375
Oxtongue,-5.84375,-5.84375
Anomoeanism,-6.34375,-6.34375
Trisensory,-5.8125,-5.8125
Irresponsive,-5.59375,-5.59375
Rockbird,-5.84375,-5.84375
Forelocks,-5.625,-5.625
Panegyricon,-5.59375,-5.59375
Distressful,-5.8125,-5.8125
Alodium,-6.0625,-6.0625
Berberidaceae,-5.96875,-5.96875
Depasture,-5.59375,-5.59375
Xanthinuria,-6.1875,-6.1875
Prespinous,-5.84375,-5.84375
Summarizations,-5.71875,-5.71875
Tettigoniidae,-5.96875,-5.96875
Ontologise,-6.0,-6.0
Outrede,-5.9375,-5.9375
Weirder,-5.5,-5.5
Albuminise,-6.1875,-6.1875
Semiorbiculate,-5.5,-5.5
Preoffer,-5.84375,-5.84375
Stowaway,-5.34375,-5.34375
Electrotypy,-5.875,-5.875
Ophian,-5.96875,-5.96875
Anosmic,-5.59375,-5.59375
Semiclimber,-5.59375,-5.59375
Scorpios,-5.96875,-5.96875
Coarctate,-5.59375,-5.59375
Limnoria,-5.59375,-5.59375
Misnarrate,-5.9375,-5.9375
Pneumococcous,-6.09375,-6.09375
Jukebox,-5.6875,-5.6875
Unmonarchical,-5.96875,-5.96875
Engrosses,-5.34375,-5.34375
Colonizers,-5.96875,-5.96875
Outdoor,-5.625,-5.625
Iulidan,-5.84375,-5.84375
Photodermatism,-6.09375,-6.09375
Startler,-5.625,-5.625
Marita,-5.8125,-5.8125
Beqwete,-6.09375,-6.09375
Limbec,-5.625,-5.625
Glauke,-5.46875,-5.46875
Imides,-5.6875,-5.6875
Gadger,-5.84375,-5.84375
Forams,-5.59375,-5.59375
Pregame,-5.625,-5.625
Blunnen,-5.46875,-5.46875
Termites,-5.59375,-5.59375
Chrysophanic,-5.84375,-5.84375
Fructoses,-5.375,-5.375
Inability,-5.84375,-5.84375
Puppyfish,-5.46875,-5.46875
Mauler,-5.71875,-5.71875
Erotomania,-6.09375,-6.09375
Postscripts,-5.71875,-5.71875
Waferwoman,-5.59375,-5.59375
Houvari,-5.84375,-5.84375
Stanjen,-5.96875,-5.96875
Secularize,-5.96875,-5.96875
Nomina,-5.84375,-5.84375
Angiasthenia,-6.09375,-6.09375
Lacerta,-5.59375,-5.59375
Beguard,-5.625,-5.625
Flamelike,-5.6875,-5.6875
Docudrama,-5.96875,-5.96875
Foretooth,-5.46875,-5.46875
Bryophyte,-5.625,-5.625
Shanks,-5.71875,-5.71875
Ichthyal,-5.84375,-5.84375
Thimbleman,-5.96875,-5.96875
Ministrate,-5.84375,-5.84375
Studerite,-6.09375,-6.09375
Abiogenetical,-5.71875,-5.71875
Poloniums,-6.09375,-6.09375
Tidings,-5.71875,-5.71875
Nematogene,-5.9375,-5.9375
Lawsuits,-6.09375,-6.09375
Incomings,-6.09375,-6.09375
Archdevil,-5.46875,-5.46875
Conditione,-5.9375,-5.9375
Mishit,-5.8125,-5.8125
Guyana,-6.34375,-6.34375
Peridiniaceae,-5.84375,-5.84375
Scotomic,-5.84375,-5.84375
Megatheriidae,-6.0625,-6.0625
Perreia,-5.71875,-5.71875
Juggernauts,-6.09375,-6.09375
Seccotine,-5.84375,-5.84375
Appreciators,-5.84375,-5.84375
Cowtail,-5.625,-5.625
Egocentristic,-5.96875,-5.96875
Nivernaise,-5.9375,-5.9375
Cancellous,-5.59375,-5.59375
Urbaner,-6.1875,-6.1875
Ernest,-5.9375,-5.9375
Jarvies,-5.59375,-5.59375
Traitorwise,-5.84375,-5.84375
Quiets,-5.59375,-5.59375
Mahjongg,-6.4375,-6.4375
Bunkery,-5.59375,-5.59375
Amenability,-6.1875,-6.1875
Phenotypes,-5.875,-5.875
Paratoluidine,-5.84375,-5.84375
Sorbate,-5.71875,-5.71875
Digitals,-5.96875,-5.96875
Recommender,-5.625,-5.625
Chloropsia,-5.625,-5.625
Figurants,-6.09375,-6.09375
Nonambitious,-5.46875,-5.46875
Aerodynes,-5.75,-5.75
Noncomplicity,-6.09375,-6.09375
Imanlaut,-5.9375,-5.9375
Betain,-5.59375,-5.59375
Surmisal,-5.84375,-5.84375
Unillusory,-5.96875,-5.96875
Brassies,-5.84375,-5.84375
Laurelwood,-5.625,-5.625
Wanwit,-5.84375,-5.84375
Brontolith,-5.59375,-5.59375
Platinotype,-5.71875,-5.71875
Subtersurface,-5.71875,-5.71875
Chemotropic,-5.59375,-5.59375
Megarensian,-5.84375,-5.84375
Vargueno,-5.8125,-5.8125
Reinduce,-5.71875,-5.71875
Euaster,-5.71875,-5.71875
Microbe,-5.375,-5.375
Rattlertree,-5.46875,-5.46875
Empiric,-5.75,-5.75
Indoctrinate,-5.96875,-5.96875
Sulfion,-5.59375,-5.59375
Macrodontism,-6.21875,-6.21875
Lionisers,-5.96875,-5.96875
Disarmer,-5.59375,-5.59375
Lamasary,-5.96875,-5.96875
Nonatmospheric,-5.71875,-5.71875
Celtist,-5.96875,-5.96875
Hydrocarbonic,-5.625,-5.625
Consignatary,-5.71875,-5.71875
Unspatial,-5.59375,-5.59375
Paella,-5.71875,-5.71875
Micellae,-5.59375,-5.59375
Sankhya,-5.71875,-5.71875
Toxophobia,-6.21875,-6.21875
Carefuller,-5.84375,-5.84375
Thermopleion,-5.75,-5.75
Autoloaders,-6.125,-6.125
Endoglobular,-6.0625,-6.0625
Shapiest,-5.5,-5.5
Slavism,-5.875,-5.875
Teletactile,-5.84375,-5.84375
Indicter,-5.71875,-5.71875
Gelder,-5.84375,-5.84375
Veinwork,-5.59375,-5.59375
Skatikas,-5.96875,-5.96875
Metrostaxis,-5.8125,-5.8125
Egracias,-5.6875,-5.6875
Stonehatch,-5.8125,-5.8125
Absolvent,-5.59375,-5.59375
Epibole,-5.71875,-5.71875
Reticle,-5.75,-5.75
Expediential,-5.625,-5.625
Supercolumnar,-5.71875,-5.71875
Outpush,-5.84375,-5.84375
Oriolidae,-6.21875,-6.21875
Portas,-6.1875,-6.1875
Mannites,-5.71875,-5.71875
Thynnid,-5.59375,-5.59375
Chaffinch,-5.9375,-5.9375
Kendir,-6.0625,-6.0625
Nanosomus,-5.71875,-5.71875
Magnetosphere,-5.75,-5.75
Gymnoconia,-5.625,-5.625
Furunculus,-5.71875,-5.71875
Noncyclic,-5.71875,-5.71875
Semibiologic,-5.5,-5.5
Neoterical,-5.84375,-5.84375
Hemoplastic,-5.9375,-5.9375
Lactesce,-5.59375,-5.59375
Varieties,-5.625,-5.625
Foredates,-5.71875,-5.71875
Tigerlike,-5.75,-5.75
Confounders,-5.96875,-5.96875
Queller,-5.59375,-5.59375
Dietzeite,-6.09375,-6.09375
Ohmmeters,-5.59375,-5.59375
Hydatomorphic,-5.59375,-5.59375
Devalue,-6.09375,-6.09375
Tenfold,-5.71875,-5.71875
Shiraz,-5.875,-5.875
Imposthumate,-5.96875,-5.96875
Antidogmatism,-6.34375,-6.34375
Fluemen,-5.84375,-5.84375
Samani,-5.8125,-5.8125
Ratlins,-5.8125,-5.8125
Unintegrative,-5.84375,-5.84375
Squidgier,-5.375,-5.375
Heterosis,-5.9375,-5.9375
Hijacks,-5.96875,-5.96875
Potties,-5.71875,-5.71875
Smellie,-5.59375,-5.59375
Stoolball,-6.09375,-6.09375
Podargidae,-6.4375,-6.4375
Chattelship,-6.09375,-6.09375
Maturescence,-5.96875,-5.96875
Ziggurat,-5.6875,-5.6875
Angiosymphysis,-5.8125,-5.8125
Caimitillo,-5.46875,-5.46875
Meringues,-5.84375,-5.84375
Zymometer,-5.46875,-5.46875
Overcommit,-5.59375,-5.59375
Furfuramid,-5.8125,-5.8125
Tiglon,-5.71875,-5.71875
Bitonalities,-5.96875,-5.96875
Toiler,-5.84375,-5.84375
Tabulare,-5.59375,-5.59375
Jobarbe,-6.09375,-6.09375
Bisetose,-5.6875,-5.6875
Monodist,-5.71875,-5.71875
Unfoxy,-5.84375,-5.84375
Lamblike,-5.9375,-5.9375
Afrikaans,-6.09375,-6.09375
Rerecord,-5.8125,-5.8125
Celiac,-5.71875,-5.71875
Imperialize,-5.5,-5.5
Tinctures,-5.9375,-5.9375
Polygenesist,-5.34375,-5.34375
Chervils,-5.71875,-5.71875
Backwasher,-5.59375,-5.59375
Lignicolous,-5.84375,-5.84375
Silvex,-5.71875,-5.71875
Ectocarpus,-5.84375,-5.84375
Gastrovascular,-5.71875,-5.71875
Periodicalism,-5.84375,-5.84375
Pumice,-5.71875,-5.71875
Honourless,-5.84375,-5.84375
Plotless,-5.8125,-5.8125
Bareges,-6.09375,-6.09375
Taxameter,-5.75,-5.75
Frippery,-5.46875,-5.46875
Teamwise,-5.96875,-5.96875
Presses,-5.71875,-5.71875
Tetrachlorides,-5.59375,-5.59375
Mulish,-5.46875,-5.46875
Hesitance,-5.96875,-5.96875
Whitestone,-5.5,-5.5
Flypasts,-5.8125,-5.8125
Petasuses,-5.84375,-5.84375
Remeet,-5.8125,-5.8125
Trijugate,-5.84375,-5.84375
Seamew,-5.375,-5.375
Mammoths,-5.71875,-5.71875
Tyrannidae,-5.59375,-5.59375
Nebraskans,-6.1875,-6.1875
Andvari,-5.6875,-5.6875
Pelargi,-5.84375,-5.84375
Aurums,-5.71875,-5.71875
Dhootie,-5.8125,-5.8125
Phillumenist,-5.5,-5.5
Protaxial,-5.71875,-5.71875
Unshackle,-5.84375,-5.84375
Ericineous,-5.71875,-5.71875
Demulsion,-5.71875,-5.71875
Saponine,-5.71875,-5.71875
Benjamin,-6.3125,-6.3125
Isolates,-5.84375,-5.84375
Biospeleology,-5.5,-5.5
Sectarist,-5.59375,-5.59375
Phoneme,-5.71875,-5.71875
Rankish,-5.8125,-5.8125
Tyroglyphid,-5.5,-5.5
Bitterworm,-5.59375,-5.59375
Kailyards,-5.59375,-5.59375
Cyphomandra,-5.84375,-5.84375
Purkinje,-5.59375,-5.59375
Expropriate,-5.84375,-5.84375
Unconversion,-5.96875,-5.96875
Amenta,-5.8125,-5.8125
Antiquary,-5.5,-5.5
Formulations,-5.84375,-5.84375
Soffits,-5.84375,-5.84375
Areola,-5.59375,-5.59375
Eupnoea,-5.96875,-5.96875
Grewsomest,-5.84375,-5.84375
Hellenisticism,-6.09375,-6.09375
Youdendrift,-5.71875,-5.71875
Centraxonial,-5.71875,-5.71875
Discernible,-5.6875,-5.6875
Motilities,-5.5,-5.5
Inaudibility,-5.84375,-5.84375
Numnah,-5.625,-5.625
Pronouncer,-5.59375,-5.59375
Smilacaceae,-5.59375,-5.59375
Colinearity,-5.84375,-5.84375
Clamcracker,-5.59375,-5.59375
Coalmonger,-5.46875,-5.46875
Banish,-5.59375,-5.59375
Pareoean,-5.59375,-5.59375
Timpanums,-5.71875,-5.71875
Pentameran,-5.71875,-5.71875
Prorectorate,-5.84375,-5.84375
Dynamophone,-5.59375,-5.59375
Medusas,-5.59375,-5.59375
Unigenous,-5.71875,-5.71875
Osteoplaque,-5.96875,-5.96875
Causus,-5.71875,-5.71875
Despond,-5.71875,-5.71875
Laudator,-6.09375,-6.09375
Pyelometry,-5.875,-5.875
Domiciliary,-5.71875,-5.71875
Largos,-6.3125,-6.3125
Dorsispinal,-5.71875,-5.71875
Precis,-5.59375,-5.59375
Acutorsion,-5.71875,-5.71875
Ultraservile,-5.5,-5.5
Sphenopsid,-5.84375,-5.84375
Lepidophyte,-5.71875,-5.71875
Unblindfold,-5.96875,-5.96875
Erithacus,-5.59375,-5.59375
Prizefighters,-5.625,-5.625
Nybble,-5.46875,-5.46875
Chloridize,-5.84375,-5.84375
Bacillar,-5.6875,-5.6875
Jucuna,-5.96875,-5.96875
Wafters,-5.6875,-5.6875
Gynecologic,-5.84375,-5.84375
Outsift,-5.75,-5.75
Explosive,-5.625,-5.625
Pileous,-5.71875,-5.71875
Xanthogenamide,-6.09375,-6.09375
Interglandular,-5.8125,-5.8125
Ptenoglossate,-5.59375,-5.59375
Distills,-5.8125,-5.8125
Lambdas,-5.5,-5.5
Tachyon,-5.46875,-5.46875
Factual,-5.84375,-5.84375
Cosmism,-5.96875,-5.96875
Hydrorhizal,-5.71875,-5.71875
Tegular,-5.8125,-5.8125
Maddock,-5.71875,-5.71875
Boltonia,-5.84375,-5.84375
Dibstones,-5.84375,-5.84375
Heterotypic,-5.84375,-5.84375
Oilfishes,-6.21875,-6.21875
Grinner,-5.8125,-5.8125
Onionlike,-5.9375,-5.9375
Excerptive,-5.71875,-5.71875
Quintes,-5.71875,-5.71875
Exactest,-5.96875,-5.96875
Aletocyte,-5.84375,-5.84375
Suboxid,-5.96875,-5.96875
Ponderate,-5.71875,-5.71875
Homilete,-5.59375,-5.59375
Encephalocele,-5.96875,-5.96875
Acromial,-5.625,-5.625
Thymoma,-5.84375,-5.84375
Protoplasmatic,-5.71875,-5.71875
Sibyls,-5.84375,-5.84375
Salvors,-6.09375,-6.09375
Aplacophora,-5.8125,-5.8125
Unfrolicsome,-5.46875,-5.46875
Parabotulism,-6.34375,-6.34375
Samucu,-5.9375,-5.9375
Mecodonta,-5.71875,-5.71875
Subversives,-5.96875,-5.96875
Undeductive,-5.84375,-5.84375
Uncompass,-5.96875,-5.96875
Equidiurnal,-6.3125,-6.3125
Shittim,-5.59375,-5.59375
Sonship,-6.34375,-6.34375
Deresinize,-5.84375,-5.84375
Parage,-5.96875,-5.96875
Sparrowwort,-5.34375,-5.34375
Gombroons,-5.96875,-5.96875
Deaden,-5.46875,-5.46875
Picador,-5.71875,-5.71875
Conormal,-6.09375,-6.09375
Peracid,-5.71875,-5.71875
Disunify,-5.71875,-5.71875
Proanaphora,-6.09375,-6.09375
Scoliotic,-5.59375,-5.59375
Replacer,-5.46875,-5.46875
Septemberist,-5.59375,-5.59375
Populator,-5.71875,-5.71875
Proletarianism,-5.96875,-5.96875
Superimposure,-5.34375,-5.34375
Caricaturists,-5.96875,-5.96875
Phalangerinae,-5.96875,-5.96875
Bimensal,-6.0625,-6.0625
Unconvenience,-5.59375,-5.59375
Pettah,-5.6875,-5.6875
Planktont,-5.59375,-5.59375
Annuitant,-5.71875,-5.71875
Feticides,-5.96875,-5.96875
Skilts,-5.59375,-5.59375
Jointers,-5.71875,-5.71875
Anagrammatic,-5.9375,-5.9375
Orguil,-5.46875,-5.46875
Haftaroth,-6.09375,-6.09375
Riggal,-5.625,-5.625
Candlers,-5.71875,-5.71875
Benefactorship,-5.96875,-5.96875
Unfalsity,-5.84375,-5.84375
Evolvent,-5.84375,-5.84375
Frankfold,-5.5,-5.5
Sarcolite,-5.84375,-5.84375
Indoctrine,-5.71875,-5.71875
Cobeliever,-6.0625,-6.0625
Coumarane,-5.84375,-5.84375
Canoeist,-5.25,-5.25
Syringium,-5.71875,-5.71875
Nasality,-5.9375,-5.9375
Topographics,-5.59375,-5.59375
Haywire,-5.46875,-5.46875
Mosquitoproof,-5.5,-5.5
Mercantilistic,-5.71875,-5.71875
Uninterruptive,-5.71875,-5.71875
Emeril,-5.46875,-5.46875
Subprior,-5.84375,-5.84375
Cicurate,-6.09375,-6.09375
Dracaena,-5.34375,-5.34375
Unitarist,-5.59375,-5.59375
Struthioid,-5.6875,-5.6875
Voorhuis,-5.9375,-5.9375
Machaira,-5.9375,-5.9375
Zorotypus,-5.84375,-5.84375
Spiritrompe,-5.8125,-5.8125
Evovae,-5.71875,-5.71875
Sanzen,-5.59375,-5.59375
Timbreller,-5.96875,-5.96875
Gateworks,-5.46875,-5.46875
Sphacelate,-5.71875,-5.71875
Brideknot,-5.625,-5.625
Lichenicolous,-5.6875,-5.6875
Xylidines,-5.96875,-5.96875
Badaxe,-6.09375,-6.09375
Catalogers,-5.71875,-5.71875
Scientism,-5.84375,-5.84375
Zoogamous,-5.71875,-5.71875
Delphinium,-5.84375,-5.84375
Tetraspermal,-5.71875,-5.71875
Priestianity,-5.59375,-5.59375
Resourceful,-5.59375,-5.59375
Pressmark,-6.21875,-6.21875
Honorarium,-5.9375,-5.9375
Zootomist,-5.46875,-5.46875
Taeniacide,-5.71875,-5.71875
Sphenographist,-5.71875,-5.71875
Nonmitigative,-5.59375,-5.59375
Hairwood,-5.71875,-5.71875
Bengali,-5.84375,-5.84375
Slimnesses,-5.71875,-5.71875
Holoblastic,-5.8125,-5.8125
Aeromarine,-5.59375,-5.59375
Eclaircise,-5.96875,-5.96875
Musicophysical,-6.09375,-6.09375
Butterfish,-5.71875,-5.71875
Lacerate,-5.84375,-5.84375
Haoles,-5.96875,-5.96875
Preposterous,-5.6875,-5.6875
Sauceman,-5.59375,-5.59375
Preoppressor,-5.5,-5.5
Durban,-6.1875,-6.1875
Outback,-5.46875,-5.46875
Heterophaga,-5.71875,-5.71875
Stravage,-5.6875,-5.6875
Pignon,-5.96875,-5.96875
Vinylic,-5.8125,-5.8125
Hawksbill,-5.71875,-5.71875
Boothes,-5.84375,-5.84375
Presuppress,-5.84375,-5.84375
Deviler,-5.8125,-5.8125
Lingams,-5.96875,-5.96875
Allosyndetic,-5.8125,-5.8125
Pentadicity,-6.3125,-6.3125
Trematosaurus,-5.46875,-5.46875
Voices,-6.21875,-6.21875
Nonsurrender,-5.71875,-5.71875
Friandise,-5.84375,-5.84375
Unmagisterial,-5.71875,-5.71875
Parleyer,-5.6875,-5.6875
Deckles,-5.46875,-5.46875
Platings,-5.8125,-5.8125
Assistances,-5.96875,-5.96875
Photoradio,-5.5,-5.5
Strives,-5.6875,-5.6875
Leipzig,-6.34375,-6.34375
Unexonerative,-5.46875,-5.46875
Radiatoporous,-5.625,-5.625
Facund,-5.84375,-5.84375
Pleuronect,-5.59375,-5.59375
Imbrue,-5.59375,-5.59375
Broguish,-5.5,-5.5
Cassiopeia,-5.46875,-5.46875
Antipapacy,-6.09375,-6.09375
Walkingstick,-5.34375,-5.34375
Angliae,-5.84375,-5.84375
Farley,-5.71875,-5.71875
Marshlands,-5.8125,-5.8125
Britannian,-5.46875,-5.46875
Bimetallism,-6.21875,-6.21875
Dhunchee,-5.9375,-5.9375
Trigonocerous,-5.34375,-5.34375
Muzhik,-5.71875,-5.71875
Carcinogeneses,-5.84375,-5.84375
Hyperploidy,-5.84375,-5.84375
Kujawiak,-5.71875,-5.71875
Haulmiest,-5.8125,-5.8125
Prehistorics,-5.71875,-5.71875
Wauchts,-5.84375,-5.84375
Salamandroid,-5.71875,-5.71875
Quantimeter,-5.84375,-5.84375
Waiver,-5.84375,-5.84375
Naturelike,-5.96875,-5.96875
Inhumanism,-6.21875,-6.21875
Outscold,-5.46875,-5.46875
Safflowers,-5.8125,-5.8125
Retrample,-5.71875,-5.71875
Chestnutty,-5.9375,-5.9375
Tribromide,-5.71875,-5.71875
Indicavit,-5.96875,-5.96875
Polyglottonic,-5.625,-5.625
Birdbaths,-5.71875,-5.71875
Sudatorium,-5.96875,-5.96875
Manipulability,-5.375,-5.375
Peckhamite,-5.46875,-5.46875
Imbiber,-5.625,-5.625
Victualer,-5.71875,-5.71875
Wernerite,-5.84375,-5.84375
Enswathe,-5.59375,-5.59375
Anabiotic,-5.6875,-5.6875
Pssimistical,-5.34375,-5.34375
Hasteners,-5.71875,-5.71875
Dandriff,-5.46875,-5.46875
Kabbala,-5.84375,-5.84375
Kaoliang,-5.625,-5.625
Weewaw,-5.6875,-5.6875
Diapasm,-5.75,-5.75
Temptsome,-5.375,-5.375
Gunfires,-5.96875,-5.96875
Birminghamize,-6.1875,-6.1875
Protonymph,-5.84375,-5.84375
Hammaid,-5.8125,-5.8125
Nestings,-5.9375,-5.9375
Uncage,-6.0625,-6.0625
Placaters,-5.84375,-5.84375
Grifters,-6.21875,-6.21875
Ascaridol,-5.96875,-5.96875
Hoplomachy,-5.9375,-5.9375
Endoarteritis,-6.59375,-6.59375
Connecters,-6.4375,-6.4375
Burion,-5.71875,-5.71875
Waterlandian,-5.71875,-5.71875
Tamulic,-5.71875,-5.71875
Stronghand,-5.46875,-5.46875
Laccoliths,-5.71875,-5.71875
Berigora,-5.96875,-5.96875
Postulance,-5.71875,-5.71875
Cultivars,-5.96875,-5.96875
Piquiere,-5.71875,-5.71875
Pilotages,-5.84375,-5.84375
Oxyamine,-5.96875,-5.96875
Aldamin,-5.6875,-5.6875
Apothegmatize,-6.09375,-6.09375
Siskins,-6.09375,-6.09375
Gaffsail,-5.59375,-5.59375
Disamis,-5.96875,-5.96875
Caesural,-5.59375,-5.59375
Systemizer,-6.0625,-6.0625
Novelise,-6.0625,-6.0625
Craton,-5.59375,-5.59375
Australian,-5.84375,-5.84375
Subobtuse,-5.8125,-5.8125
Semipros,-5.59375,-5.59375
Nonemulative,-5.6875,-5.6875
Crimpier,-5.46875,-5.46875
Outlets,-5.6875,-5.6875
Dahabiahs,-5.71875,-5.71875
Stallinger,-5.96875,-5.96875
Tiglinic,-5.84375,-5.84375
Dethroner,-5.71875,-5.71875
Fripper,-5.71875,-5.71875
Sherardize,-5.875,-5.875
Certosino,-5.9375,-5.9375
Skimmings,-5.59375,-5.59375
Unaspersive,-5.84375,-5.84375
Overwarms,-5.71875,-5.71875
Abstrusity,-5.71875,-5.71875
Energism,-5.96875,-5.96875
Terrorless,-5.71875,-5.71875
Cembalo,-5.84375,-5.84375
Camouflage,-5.71875,-5.71875
Naturize,-5.96875,-5.96875
Disunite,-6.09375,-6.09375
Sonatine,-6.21875,-6.21875
Cnidophobia,-5.71875,-5.71875
Bottine,-5.6875,-5.6875
Postcavae,-5.84375,-5.84375
Tholeiitic,-5.96875,-5.96875
Alnicoes,-5.84375,-5.84375
Canister,-5.46875,-5.46875
Affinity,-5.84375,-5.84375
Greyhound,-5.46875,-5.46875
Slavicist,-5.375,-5.375
Skiffs,-5.59375,-5.59375
Dictaen,-5.8125,-5.8125
Ouzels,-5.84375,-5.84375
Forkbeard,-5.4375,-5.4375
Aftermost,-5.46875,-5.46875
Clumsiest,-5.46875,-5.46875
Ectozoa,-5.59375,-5.59375
Aquarius,-5.59375,-5.59375
Calamistrate,-5.5,-5.5
Sacristies,-5.84375,-5.84375
Insectine,-5.84375,-5.84375
Monogamies,-5.96875,-5.96875
Bravoite,-5.71875,-5.71875
Sandkey,-5.71875,-5.71875
Assurgency,-6.09375,-6.09375
Logans,-5.59375,-5.59375
Kibitz,-5.59375,-5.59375
Shuvra,-5.96875,-5.96875
Guillotinist,-5.46875,-5.46875
Milliphot,-5.75,-5.75
Overpost,-6.0625,-6.0625
Borophenylic,-5.71875,-5.71875
Kodaker,-5.59375,-5.59375
Mesopelagic,-5.84375,-5.84375
Declines,-5.71875,-5.71875
Wagnerist,-5.59375,-5.59375
Peacockiest,-5.59375,-5.59375
Anticonductor,-5.84375,-5.84375
Retrude,-5.59375,-5.59375
Sinanthropus,-5.96875,-5.96875
Unegoist,-5.84375,-5.84375
Thoughtsick,-5.84375,-5.84375
Popinac,-5.96875,-5.96875
Mitrate,-5.9375,-5.9375
Fabricate,-5.9375,-5.9375
Landmarks,-5.71875,-5.71875
Pyrrhuloxia,-5.46875,-5.46875
Zarnec,-5.59375,-5.59375
Ampelidae,-6.3125,-6.3125
Ascitb,-5.6875,-5.6875
Lowder,-5.59375,-5.59375
Tallowberry,-5.59375,-5.59375
Humiture,-5.84375,-5.84375
Interscendent,-5.625,-5.625
Protovestiary,-5.8125,-5.8125
Bookmarks,-5.84375,-5.84375
Manufact,-5.8125,-5.8125
Redivision,-6.21875,-6.21875
Unfatalistic,-5.6875,-5.6875
Kaffraria,-5.84375,-5.84375
Babool,-5.8125,-5.8125
Umbilroot,-5.46875,-5.46875
Barkstone,-5.59375,-5.59375
Foreheads,-5.6875,-5.6875
Parapophysis,-5.96875,-5.96875
Chaconne,-5.84375,-5.84375
Atlantides,-5.71875,-5.71875
Caickle,-5.59375,-5.59375
Enclitic,-5.8125,-5.8125
Peritoneopexy,-6.21875,-6.21875
Phlebostrepsis,-6.1875,-6.1875
Outdraw,-5.59375,-5.59375
Ninebark,-5.46875,-5.46875
Redintegrator,-5.75,-5.75
Fossicker,-5.71875,-5.71875
Heteromya,-5.9375,-5.9375
Oxidises,-6.09375,-6.09375
Mortress,-5.46875,-5.46875
Evident,-5.96875,-5.96875
Kulmet,-5.71875,-5.71875
Metamerous,-5.71875,-5.71875
Panurgic,-5.59375,-5.59375
Iodoprotein,-5.84375,-5.84375
Birdseyes,-5.8125,-5.8125
Smorebro,-5.375,-5.375
Radiotracer,-5.6875,-5.6875
Breechesflower,-5.5625,-5.5625
Technology,-5.84375,-5.84375
Polygamical,-5.59375,-5.59375
Pluriparity,-6.4375,-6.4375
Torula,-5.46875,-5.46875
Sermonish,-5.59375,-5.59375
Nonbachelor,-5.625,-5.625
Rephael,-5.46875,-5.46875
Thionate,-5.84375,-5.84375
Cutwal,-5.8125,-5.8125
Iodite,-5.625,-5.625
Knobby,-5.4375,-5.4375
Trinil,-5.46875,-5.46875
Dentiscalp,-5.59375,-5.59375
Incrassate,-5.84375,-5.84375
Gaultheria,-5.71875,-5.71875
Subdichotomies,-6.34375,-6.34375
Kronur,-5.9375,-5.9375
Hornworm,-5.59375,-5.59375
Industry,-5.71875,-5.71875
Rheostatic,-5.8125,-5.8125
Bicaudate,-5.96875,-5.96875
Fireclay,-5.46875,-5.46875
Intertown,-5.6875,-5.6875
Firebreaks,-6.09375,-6.09375
Pratiloma,-5.6875,-5.6875
Dopper,-5.59375,-5.59375
Helicopts,-5.6875,-5.6875
Whirlicote,-5.25,-5.25
Chechem,-5.96875,-5.96875
Prowarden,-5.59375,-5.59375
Untaste,-5.59375,-5.59375
Lithotrity,-5.84375,-5.84375
Atumble,-5.59375,-5.59375
Bequest,-5.6875,-5.6875
Substrative,-5.9375,-5.9375
Beautifier,-5.75,-5.75
Betaken,-5.71875,-5.71875
Irrelevant,-5.84375,-5.84375
Bilharzial,-5.34375,-5.34375
Salvator,-6.09375,-6.09375
Rudbeckia,-5.5,-5.5
Heaters,-6.09375,-6.09375
Squirreltail,-5.6875,-5.6875
Campanist,-5.6875,-5.6875
Noninjurious,-5.59375,-5.59375
Artifex,-5.59375,-5.59375
Outlooks,-5.71875,-5.71875
Wingers,-6.21875,-6.21875
Nontensile,-5.6875,-5.6875
Nontherapeutic,-5.625,-5.625
Frouziest,-5.8125,-5.8125
Preformulate,-5.71875,-5.71875
Burler,-5.8125,-5.8125
Imposts,-5.59375,-5.59375
Gordioid,-5.71875,-5.71875
Toastee,-5.46875,-5.46875
Preacherize,-5.96875,-5.96875
Vyrnwy,-5.71875,-5.71875
Scabrous,-5.34375,-5.34375
Intensify,-6.09375,-6.09375
Thrushel,-5.9375,-5.9375
Unmilitant,-5.84375,-5.84375
Replial,-5.59375,-5.59375
Appointees,-6.09375,-6.09375
Palaeocene,-5.71875,-5.71875
Firebases,-5.71875,-5.71875
Goeduck,-5.8125,-5.8125
Bloodsuck,-5.46875,-5.46875
Orangeat,-5.625,-5.625
Metricates,-5.875,-5.875
Cunnings,-5.96875,-5.96875
Chevrolet,-5.59375,-5.59375
Polystomata,-6.09375,-6.09375
Maclurin,-6.0625,-6.0625
Degummer,-5.8125,-5.8125
Tallnesses,-5.96875,-5.96875
Boondocker,-5.96875,-5.96875
Glucokinin,-5.71875,-5.71875
Tachisms,-5.84375,-5.84375
Noninductive,-5.59375,-5.59375
Hamulous,-5.59375,-5.59375
Briarberry,-5.59375,-5.59375
Semiacetic,-5.25,-5.25
Enlight,-5.96875,-5.96875
Omnivorous,-5.6875,-5.6875
Demesmerize,-5.5,-5.5
Spleetnew,-5.71875,-5.71875
Invectives,-5.59375,-5.59375
Tacheometric,-5.84375,-5.84375
Nonspill,-5.46875,-5.46875
Septate,-5.84375,-5.84375
Stileman,-5.6875,-5.6875
Perfects,-5.71875,-5.71875
Patients,-6.21875,-6.21875
Pretechnical,-5.71875,-5.71875
Pyroline,-5.5,-5.5
Nonlicit,-5.625,-5.625
Alphonsin,-5.71875,-5.71875
Paravesical,-5.96875,-5.96875
Urosomitic,-5.96875,-5.96875
Pomatoes,-5.59375,-5.59375
Submerse,-5.71875,-5.71875
Pupilability,-5.84375,-5.84375
Eyedroppers,-5.59375,-5.59375
Amentaceous,-5.625,-5.625
Collectioner,-5.59375,-5.59375
Emphases,-5.84375,-5.84375
Rajesh,-5.59375,-5.59375
Semaphorist,-5.375,-5.375
Fetishize,-5.71875,-5.71875
Unsnap,-5.5,-5.5
Gelatinigerous,-5.46875,-5.46875
Goalee,-6.0625,-6.0625
Achlamydeae,-5.96875,-5.96875
Colonial,-5.34375,-5.34375
Tyleberry,-5.59375,-5.59375
Cavalierish,-5.71875,-5.71875
Nuthatches,-5.71875,-5.71875
Pollenite,-5.96875,-5.96875
Hucklebone,-5.6875,-5.6875
Autograft,-5.8125,-5.8125
Cathedras,-5.96875,-5.96875
Sabulum,-5.96875,-5.96875
Phlegmless,-5.5,-5.5
Amnion,-5.71875,-5.71875
Berkeleyism,-5.71875,-5.71875
Sanhedrim,-6.09375,-6.09375
Morticians,-5.71875,-5.71875
Czarism,-6.21875,-6.21875
Hemicrania,-6.21875,-6.21875
Innative,-5.84375,-5.84375
Kukang,-5.9375,-5.9375
Genioglossus,-5.9375,-5.9375
Chitarrino,-6.09375,-6.09375
Harrycane,-5.71875,-5.71875
Filthless,-5.59375,-5.59375
Reprints,-5.59375,-5.59375
Formulators,-5.71875,-5.71875
Shotguns,-5.71875,-5.71875
Visceroptotic,-5.71875,-5.71875
Obovate,-5.71875,-5.71875
Overwrest,-5.46875,-5.46875
Bearcoot,-5.59375,-5.59375
Trasteverine,-5.84375,-5.84375
Aquinist,-5.46875,-5.46875
Childes,-5.34375,-5.34375
Chitarrone,-5.71875,-5.71875
Sciolisms,-6.21875,-6.21875
Pellmell,-5.59375,-5.59375
Apollonian,-5.59375,-5.59375
Presets,-5.71875,-5.71875
Barrenest,-5.46875,-5.46875
Embryologies,-5.71875,-5.71875
Justifier,-5.8125,-5.8125
Postlude,-5.71875,-5.71875
Interenjoy,-5.84375,-5.84375
Maizenic,-6.21875,-6.21875
Paragenetic,-5.96875,-5.96875
Juggins,-5.96875,-5.96875
Incunabulist,-5.46875,-5.46875
Empathizes,-5.84375,-5.84375
Dactylozooid,-5.71875,-5.71875
Sciurus,-5.84375,-5.84375
Miliary,-6.09375,-6.09375
Brazilite,-6.09375,-6.09375
Gymnoglossa,-5.625,-5.625
Inwreathe,-5.71875,-5.71875
Bovver,-5.59375,-5.59375
Epicranium,-5.71875,-5.71875
Procacious,-5.84375,-5.84375
Processionals,-5.71875,-5.71875
Overmonopolize,-5.84375,-5.84375
Maledict,-5.71875,-5.71875
Monopodes,-5.46875,-5.46875
Precommend,-5.71875,-5.71875
Ferrometer,-5.71875,-5.71875
Antipass,-5.9375,-5.9375
Decastich,-5.84375,-5.84375
Homatomic,-5.59375,-5.59375
Paedometrical,-5.59375,-5.59375
Archiheretical,-5.625,-5.625
Acrylaldehyde,-5.84375,-5.84375
Crampoons,-5.59375,-5.59375
Exulate,-5.5,-5.5
Waggish,-5.71875,-5.71875
Cuboctahedron,-5.375,-5.375
Sepoys,-6.09375,-6.09375
Carmine,-5.96875,-5.96875
Semiliberal,-5.84375,-5.84375
Dosimetrist,-5.625,-5.625
Espanol,-5.84375,-5.84375
Fricti,-5.71875,-5.71875
Buhrstone,-5.6875,-5.6875
Acrindoline,-5.84375,-5.84375
Mediofrontal,-6.09375,-6.09375
Iotacism,-5.75,-5.75
Cobleskill,-5.9375,-5.9375
Calvous,-5.84375,-5.84375
Hetaery,-5.96875,-5.96875
Muckamuck,-5.4375,-5.4375
Randite,-6.09375,-6.09375
Derere,-6.21875,-6.21875
Melospiza,-5.5,-5.5
Nonpossessive,-5.5,-5.5
Succulence,-5.59375,-5.59375
Predefence,-5.625,-5.625
Spiraeas,-5.6875,-5.6875
Gothicism,-6.21875,-6.21875
Awrong,-5.46875,-5.46875
Homuncule,-5.375,-5.375
Theatrograph,-5.6875,-5.6875
Sadducees,-6.0625,-6.0625
Anthrophore,-5.8125,-5.8125
Jabules,-6.0625,-6.0625
Aiolis,-5.71875,-5.71875
Laryngoscopies,-5.84375,-5.84375
Unshut,-5.71875,-5.71875
Ballutes,-5.84375,-5.84375
Thelemite,-5.84375,-5.84375
Fishboats,-5.96875,-5.96875
Ootocoidea,-5.96875,-5.96875
Invernesses,-5.84375,-5.84375
Omadhaun,-5.96875,-5.96875
Ichthyotic,-5.6875,-5.6875
Reclusery,-5.59375,-5.59375
Pinecones,-5.9375,-5.9375
Influenzic,-5.84375,-5.84375
Esperantist,-5.75,-5.75
Bridelace,-5.71875,-5.71875
Identism,-5.96875,-5.96875
Alburnums,-5.8125,-5.8125
Zombies,-5.71875,-5.71875
Forthgaze,-5.6875,-5.6875
Clerids,-5.84375,-5.84375
Spaghetti,-5.5625,-5.5625
Warmth,-5.8125,-5.8125
Pelure,-5.46875,-5.46875
Lashkar,-5.8125,-5.8125
Subtepidity,-5.8125,-5.8125
Psychometry,-5.46875,-5.46875
Unriddles,-5.8125,-5.8125
Guider,-5.9375,-5.9375
Behalves,-5.71875,-5.71875
Jacobinism,-6.09375,-6.09375
Swordtail,-5.46875,-5.46875
Bogota,-6.21875,-6.21875
Disablers,-5.96875,-5.96875
Itonidid,-5.75,-5.75
Ovaliform,-5.9375,-5.9375
Houtou,-6.09375,-6.09375
Molochs,-5.59375,-5.59375
Bandits,-5.84375,-5.84375
Homewort,-5.46875,-5.46875
Timerity,-6.0625,-6.0625
Fidepromission,-5.9375,-5.9375
Sandstone,-5.71875,-5.71875
Gedunk,-5.5,-5.5
Declivity,-5.5,-5.5
Gabbarts,-5.59375,-5.59375
Sideroxylon,-5.6875,-5.6875
Cystoidea,-5.71875,-5.71875
Bajocco,-5.9375,-5.9375
Microsporon,-5.5,-5.5
Phlyctenule,-5.375,-5.375
Breakerman,-5.375,-5.375
Moruloid,-5.71875,-5.71875
Micronutrient,-5.84375,-5.84375
Cookey,-5.6875,-5.6875
Underlease,-5.6875,-5.6875
Sholom,-5.71875,-5.71875
Glomeruli,-5.9375,-5.9375
Goatees,-5.96875,-5.96875
Retwists,-5.71875,-5.71875
Wlatsome,-5.6875,-5.6875
Stimulations,-5.9375,-5.9375
Plaidy,-5.96875,-5.96875
Stealers,-5.46875,-5.46875
Cervical,-5.8125,-5.8125
Diaphoresis,-5.5,-5.5
Blesmol,-5.8125,-5.8125
Ceramidium,-5.8125,-5.8125
Doughbellies,-5.59375,-5.59375
Cornmeal,-5.59375,-5.59375
Clonicotonic,-5.6875,-5.6875
Palmitin,-5.71875,-5.71875
Checkups,-5.84375,-5.84375
Secretagogue,-5.5,-5.5
Seacrafts,-5.9375,-5.9375
Polymorphous,-5.71875,-5.71875
Badger,-5.8125,-5.8125
Coderives,-5.84375,-5.84375
Wenchman,-6.09375,-6.09375
Sharkful,-5.84375,-5.84375
Phaenogenesis,-5.625,-5.625
Mastmen,-5.84375,-5.84375
Legitime,-6.0625,-6.0625
Sciolists,-6.21875,-6.21875
Notanduda,-5.96875,-5.96875
Sebiferous,-5.6875,-5.6875
Organotropic,-6.09375,-6.09375
Kilobytes,-5.71875,-5.71875
Prolongs,-5.84375,-5.84375
Unveil,-5.71875,-5.71875
Transits,-5.84375,-5.84375
Novatianist,-6.1875,-6.1875
Pyropuncture,-5.71875,-5.71875
Photophysical,-5.96875,-5.96875
Periwinkler,-5.71875,-5.71875
Foreteeth,-5.375,-5.375
Theropoda,-5.625,-5.625
Petrogenetic,-5.875,-5.875
Fleuronnee,-5.84375,-5.84375
Characteries,-5.71875,-5.71875
Jigget,-5.6875,-5.6875
Auriphrygia,-5.59375,-5.59375
Liespfund,-5.84375,-5.84375
Jujuisms,-5.9375,-5.9375
Philologastry,-5.6875,-5.6875
Fakeer,-5.84375,-5.84375
Soilages,-6.09375,-6.09375
Encheer,-5.84375,-5.84375
Overfit,-5.8125,-5.8125
Areometry,-5.96875,-5.96875
Goldenest,-5.84375,-5.84375
Metrectasia,-5.84375,-5.84375
Backfires,-5.84375,-5.84375
Fieldleft,-6.4375,-6.4375
Lavinia,-5.71875,-5.71875
Knucklier,-5.6875,-5.6875
Anguses,-5.96875,-5.96875
Arianizer,-6.09375,-6.09375
Haplonts,-5.96875,-5.96875
Substyle,-5.96875,-5.96875
Erethizontidae,-5.71875,-5.71875
Balances,-5.84375,-5.84375
Pyuria,-5.59375,-5.59375
Temporalism,-6.34375,-6.34375
Bengal,-5.84375,-5.84375
Peaces,-6.09375,-6.09375
Overregulate,-6.09375,-6.09375
Methodizer,-5.875,-5.875
Hydrophyton,-5.5,-5.5
Leatherboard,-5.6875,-5.6875
Ornithopoda,-5.96875,-5.96875
Nonenunciatory,-5.84375,-5.84375
Whitherward,-5.25,-5.25
Slummage,-5.375,-5.375
Rudimentary,-5.71875,-5.71875
Turnipwood,-5.8125,-5.8125
Anteluminary,-5.84375,-5.84375
Kingship,-6.09375,-6.09375
Unequability,-5.96875,-5.96875
Springlock,-5.84375,-5.84375
Oftwhiles,-5.84375,-5.84375
Pocketcase,-5.875,-5.875
Confessionist,-5.46875,-5.46875
Forebode,-5.5625,-5.5625
Panties,-5.46875,-5.46875
Lochiocyte,-5.75,-5.75
Menshevist,-5.71875,-5.71875
Chaptrel,-5.71875,-5.71875
Wither,-5.375,-5.375
Aspace,-5.9375,-5.9375
Kitharas,-5.71875,-5.71875
Bloodlettings,-5.84375,-5.84375
Squasher,-5.21875,-5.21875
Umbellales,-5.6875,-5.6875
Supercelestial,-5.6875,-5.6875
Gestura,-5.8125,-5.8125
Reforbid,-5.84375,-5.84375
Bawlers,-5.84375,-5.84375
Messianism,-6.34375,-6.34375
Planful,-5.59375,-5.59375
Clinocephalus,-5.84375,-5.84375
Annellata,-5.8125,-5.8125
Disorganic,-5.96875,-5.96875
Rebathe,-5.71875,-5.71875
Jetsam,-5.46875,-5.46875
Momental,-5.8125,-5.8125
Modifiability,-6.09375,-6.09375
Pariglin,-6.0625,-6.0625
Chokies,-5.71875,-5.71875
Hacendado,-5.84375,-5.84375
Heavenliest,-5.96875,-5.96875
Unpoignant,-5.6875,-5.6875
Epicardial,-5.96875,-5.96875
Hyperaeolism,-6.1875,-6.1875
Immigrations,-5.59375,-5.59375
Sheriffhood,-5.84375,-5.84375
Gastrophilism,-6.09375,-6.09375
Procotton,-5.84375,-5.84375
Oxytocin,-5.8125,-5.8125
Aquarid,-5.71875,-5.71875
Skokiaan,-5.34375,-5.34375
Phyllodia,-5.59375,-5.59375
Plateiasmus,-6.09375,-6.09375
Galleyworm,-5.8125,-5.8125
Atomician,-5.5,-5.5
Frowst,-5.46875,-5.46875
Biasses,-5.71875,-5.71875
Nonorthodox,-5.46875,-5.46875
Procellariine,-5.84375,-5.84375
Hymenic,-5.8125,-5.8125
Epimyocardium,-5.96875,-5.96875
Dobies,-5.96875,-5.96875
Resinous,-5.75,-5.75
Tautousious,-5.8125,-5.8125
Polysiphonous,-5.6875,-5.6875
Zendician,-5.59375,-5.59375
Underpetticoat,-5.71875,-5.71875
Paludamenta,-5.71875,-5.71875
Titres,-5.9375,-5.9375
Chansonette,-5.96875,-5.96875
Gadite,-5.71875,-5.71875
Barratries,-5.96875,-5.96875
Ostensory,-5.8125,-5.8125
Potsies,-5.84375,-5.84375
Catechistical,-5.6875,-5.6875
Unoecumenic,-5.84375,-5.84375
Glossoscopy,-5.84375,-5.84375
Fidejussionary,-5.71875,-5.71875
Polyphote,-5.71875,-5.71875
Quinanarii,-5.96875,-5.96875
Postmuscular,-5.75,-5.75
Hypsophyllary,-6.0625,-6.0625
Calotypist,-5.625,-5.625
Oversprung,-5.84375,-5.84375
Recepts,-5.8125,-5.8125
Vestries,-5.71875,-5.71875
Beakiest,-5.46875,-5.46875
Fibrine,-5.71875,-5.71875
Hemispasm,-5.71875,-5.71875
Piscary,-5.59375,-5.59375
Slugfest,-6.0625,-6.0625
Fringehead,-5.21875,-5.21875
Stammel,-6.0625,-6.0625
Calicate,-5.84375,-5.84375
Prefurlough,-5.46875,-5.46875
Rallyings,-5.84375,-5.84375
Sublacustrine,-5.71875,-5.71875
Wapitis,-5.71875,-5.71875
Ruckus,-5.71875,-5.71875
Protogine,-5.59375,-5.59375
Unicef,-5.59375,-5.59375
Monolithic,-5.375,-5.375
Betises,-5.96875,-5.96875
Planetaries,-5.59375,-5.59375
Prehesitate,-5.59375,-5.59375
Intercentral,-6.09375,-6.09375
Mycobacterial,-5.84375,-5.84375
Guidecraft,-5.84375,-5.84375
Aguglia,-5.8125,-5.8125
Gunarchy,-6.21875,-6.21875
Feteritas,-5.71875,-5.71875
Collard,-5.84375,-5.84375
Wellstrand,-5.71875,-5.71875
Curvifoliate,-5.84375,-5.84375
Geoglossum,-5.8125,-5.8125
Warniss,-5.9375,-5.9375
Sempiternize,-6.0625,-6.0625
Malayalam,-5.84375,-5.84375
Contestate,-5.625,-5.625
Demineralizer,-5.59375,-5.59375
Caroigne,-5.84375,-5.84375
Chiavetta,-5.84375,-5.84375
Balers,-5.71875,-5.71875
Excepter,-5.84375,-5.84375
Swordman,-5.46875,-5.46875
Sketchers,-5.59375,-5.59375
Blackfishes,-6.09375,-6.09375
Metroptosis,-6.0625,-6.0625
Sewround,-5.84375,-5.84375
Natalian,-5.96875,-5.96875
Sulphamyl,-5.84375,-5.84375
Rubythroat,-5.46875,-5.46875
Treacle,-5.59375,-5.59375
Monometallism,-6.09375,-6.09375
Anhydrate,-5.9375,-5.9375
Postliterate,-5.375,-5.375
Garancine,-5.8125,-5.8125
Topmost,-6.0625,-6.0625
Sendal,-5.71875,-5.71875
Peltae,-5.59375,-5.59375
Cancerite,-5.59375,-5.59375
Oxychloric,-5.96875,-5.96875
Hemistich,-5.6875,-5.6875
Cherry,-5.84375,-5.84375
Chugalugs,-5.71875,-5.71875
Collyria,-5.46875,-5.46875
Subsimian,-5.9375,-5.9375
Punatoo,-5.84375,-5.84375
Sexpots,-5.96875,-5.96875
Permeates,-5.84375,-5.84375
Sporotrichosis,-6.21875,-6.21875
Uncloven,-5.59375,-5.59375
Cinclus,-5.8125,-5.8125
Repoll,-5.75,-5.75
Jansenize,-6.09375,-6.09375
Antidotism,-6.34375,-6.34375
Impotent,-5.46875,-5.46875
Haemacytometer,-5.71875,-5.71875
Priestshire,-5.84375,-5.84375
Renerve,-5.84375,-5.84375
Dichotomous,-5.6875,-5.6875
Kalsomine,-5.84375,-5.84375
Parosmic,-5.96875,-5.96875
Episplenitis,-5.875,-5.875
Schemas,-5.96875,-5.96875
Satinfin,-5.96875,-5.96875
Synclinical,-5.625,-5.625
Kilocycles,-5.71875,-5.71875
Devitrify,-6.0625,-6.0625
Multiengine,-5.5,-5.5
Digenic,-5.96875,-5.96875
Fiberizer,-5.59375,-5.59375
Zingel,-5.71875,-5.71875
Spoonfuls,-5.59375,-5.59375
Synergic,-5.71875,-5.71875
Lifeleaf,-5.71875,-5.71875
Undealt,-5.6875,-5.6875
Sulphamide,-5.71875,-5.71875
Coolen,-6.0625,-6.0625
Handybook,-5.9375,-5.9375
Procathedrals,-5.96875,-5.96875
Wapper,-5.71875,-5.71875
Odontocele,-5.84375,-5.84375
Joggler,-5.8125,-5.8125
Lavatories,-5.71875,-5.71875
Serpette,-5.71875,-5.71875
Enwood,-5.71875,-5.71875
Sialoschesis,-6.34375,-6.34375
Hexamethonium,-5.6875,-5.6875
Mesarch,-5.71875,-5.71875
Monothalamic,-5.46875,-5.46875
Ingrate,-5.34375,-5.34375
Zongora,-5.96875,-5.96875
Chrosperma,-5.84375,-5.84375
Stereography,-5.8125,-5.8125
Costicartilage,-6.09375,-6.09375
Spadones,-6.21875,-6.21875
Pansophist,-5.71875,-5.71875
Carrocci,-5.75,-5.75
Tither,-5.8125,-5.8125
Disthrone,-5.84375,-5.84375
Aptnesses,-5.84375,-5.84375
Pyopoietic,-5.59375,-5.59375
Lungworm,-5.59375,-5.59375
Togger,-5.71875,-5.71875
Haveage,-5.84375,-5.84375
Noneugenical,-5.59375,-5.59375
Velarize,-5.5,-5.5
Blenniid,-5.59375,-5.59375
Redarken,-5.71875,-5.71875
Taffia,-5.84375,-5.84375
Mirepoix,-5.84375,-5.84375
Taunters,-5.96875,-5.96875
Caccias,-5.96875,-5.96875
Epistlers,-5.84375,-5.84375
Batteuse,-5.8125,-5.8125
Semiclose,-5.71875,-5.71875
Chough,-5.8125,-5.8125
Emirates,-5.96875,-5.96875
Kindlier,-6.0625,-6.0625
Underfall,-5.59375,-5.59375
Millpost,-5.71875,-5.71875
Ceroline,-5.5625,-5.5625
Subsecretaries,-6.09375,-6.09375
Jamlike,-5.84375,-5.84375
Beryllosis,-5.71875,-5.71875
Wallful,-6.0625,-6.0625
Unfrees,-5.71875,-5.71875
Decream,-5.96875,-5.96875
Stercoraceous,-5.34375,-5.34375
Knapbottle,-5.8125,-5.8125
Treponemiasis,-6.46875,-6.46875
Glossatorial,-5.96875,-5.96875
Vaccinias,-5.46875,-5.46875
Alternity,-6.09375,-6.09375
Indicia,-5.96875,-5.96875
Araucano,-5.84375,-5.84375
Homoiousia,-5.84375,-5.84375
Mercify,-5.96875,-5.96875
Heists,-5.5,-5.5
Dialog,-6.21875,-6.21875
Hildebrandism,-6.46875,-6.46875
Barret,-5.375,-5.375
Hellholes,-6.21875,-6.21875
Deificatory,-5.84375,-5.84375
Ambisinister,-5.5,-5.5
Fluoridize,-6.09375,-6.09375
Vaginicoline,-5.96875,-5.96875
Birdfarms,-5.84375,-5.84375
Supersafe,-5.84375,-5.84375
Refrigerative,-5.71875,-5.71875
Ploughshoe,-5.71875,-5.71875
Galvanist,-5.6875,-5.6875
Slotbacks,-5.625,-5.625
Cephaline,-5.84375,-5.84375
Carolina,-5.71875,-5.71875
Animus,-5.71875,-5.71875
Erbium,-5.46875,-5.46875
Unpenitential,-5.59375,-5.59375
Subnotational,-5.71875,-5.71875
Lipoblastoma,-6.34375,-6.34375
Quaggiest,-5.46875,-5.46875
Subsensuous,-5.71875,-5.71875
Cartouches,-5.84375,-5.84375
Scutch,-5.5,-5.5
Raunge,-5.71875,-5.71875
Lifeward,-5.96875,-5.96875
Kieserite,-5.71875,-5.71875
Pearmain,-5.46875,-5.46875
Acetamidine,-5.71875,-5.71875
Underkingdom,-5.25,-5.25
Bannerfish,-5.71875,-5.71875
Airiferous,-5.8125,-5.8125
Doubts,-5.71875,-5.71875
Dadupanthi,-6.09375,-6.09375
Sulfureous,-5.71875,-5.71875
Chamade,-5.96875,-5.96875
Nitrator,-5.84375,-5.84375
Vingtieme,-6.1875,-6.1875
Retrovision,-5.96875,-5.96875
Paratomium,-5.96875,-5.96875
Monoxime,-5.59375,-5.59375
Interborough,-5.8125,-5.8125
Bowsie,-5.84375,-5.84375
Shofars,-5.71875,-5.71875
Dicyanide,-5.84375,-5.84375
Extreat,-5.96875,-5.96875
Burgages,-5.84375,-5.84375
Apaesthesia,-5.8125,-5.8125
Didromy,-5.84375,-5.84375
Innate,-5.71875,-5.71875
Pylethrombosis,-5.96875,-5.96875
Snecks,-5.46875,-5.46875
Perigenital,-5.84375,-5.84375
Lamentory,-5.8125,-5.8125
Assentient,-5.5,-5.5
Bovids,-5.96875,-5.96875
Sunnyasse,-5.96875,-5.96875
Underdraft,-5.59375,-5.59375
Mellific,-5.6875,-5.6875
Ownership,-5.96875,-5.96875
Muscarine,-5.59375,-5.59375
Agastric,-5.625,-5.625
Physiatrics,-5.96875,-5.96875
Myomorphic,-5.9375,-5.9375
Onondaga,-5.84375,-5.84375
Diphenyls,-5.59375,-5.59375
Remargin,-5.9375,-5.9375
Cazimi,-5.71875,-5.71875
Ethmolachrymal,-5.75,-5.75
Inventress,-5.6875,-5.6875
Abnormalise,-5.84375,-5.84375
Pawnbroker,-5.59375,-5.59375
Goniotropous,-5.59375,-5.59375
Dimmer,-5.71875,-5.71875
Odontotormae,-5.71875,-5.71875
Inexpensive,-5.59375,-5.59375
Condemnatory,-5.84375,-5.84375
Practicianism,-5.96875,-5.96875
Predeposit,-5.84375,-5.84375
Becalms,-5.59375,-5.59375
Moldwarp,-5.59375,-5.59375
Grundyist,-5.84375,-5.84375
Augmentor,-6.0625,-6.0625
Whippertail,-5.25,-5.25
Monoflagellate,-5.75,-5.75
Nepouite,-5.84375,-5.84375
Metranemia,-5.96875,-5.96875
Syriacism,-5.71875,-5.71875
Metronomical,-5.8125,-5.8125
Nonembryonal,-5.59375,-5.59375
Albatrosses,-5.84375,-5.84375
Hypophyseal,-5.9375,-5.9375
Tittivator,-5.71875,-5.71875
Limeless,-5.84375,-5.84375
Antidemocracy,-6.09375,-6.09375
Phousdar,-5.625,-5.625
Hinderlins,-5.96875,-5.96875
Hector,-6.09375,-6.09375
Dollhouse,-5.21875,-5.21875
Sarcoadenoma,-5.84375,-5.84375
Agamist,-5.25,-5.25
Graunt,-5.34375,-5.34375
Skilfish,-5.71875,-5.71875
Auditual,-5.96875,-5.96875
Gilliflower,-5.59375,-5.59375
Dinitrile,-5.71875,-5.71875
Ringgit,-5.84375,-5.84375
Polytopical,-5.59375,-5.59375
Phalanges,-5.59375,-5.59375
Bloomage,-5.8125,-5.8125
Shacklebone,-5.59375,-5.59375
Oscillometer,-5.71875,-5.71875
Rolamites,-5.71875,-5.71875
Scovel,-5.59375,-5.59375
Fuseboard,-5.75,-5.75
Capitasti,-5.8125,-5.8125
Antikinase,-5.96875,-5.96875
Gombay,-6.09375,-6.09375
Neutrophile,-5.59375,-5.59375
Gastrotricha,-5.46875,-5.46875
Standup,-5.9375,-5.9375
Pyromellitic,-5.59375,-5.59375
Coalsack,-5.71875,-5.71875
Subpools,-5.96875,-5.96875
Sideshake,-5.84375,-5.84375
Protension,-6.09375,-6.09375
Lenaeus,-5.59375,-5.59375
Quadrennia,-6.34375,-6.34375
Lotuslike,-5.875,-5.875
Philotherian,-5.8125,-5.8125
Columbines,-5.6875,-5.6875
Squillitic,-5.6875,-5.6875
Carate,-5.84375,-5.84375
Assigns,-5.71875,-5.71875
Reheal,-5.71875,-5.71875
Shoggie,-5.96875,-5.96875
Volost,-5.625,-5.625
Lancelets,-5.46875,-5.46875
Angiopressure,-5.96875,-5.96875
Eurasian,-6.09375,-6.09375
Counterparadox,-5.75,-5.75
Antienthusiast,-5.84375,-5.84375
Slivery,-5.375,-5.375
Cosmosophy,-6.0,-6.0
Trichinous,-5.46875,-5.46875
Anthomedusan,-5.71875,-5.71875
Flavours,-5.8125,-5.8125
Vasospasm,-5.71875,-5.71875
Fictionize,-5.8125,-5.8125
Myonema,-5.96875,-5.96875
Hopple,-5.59375,-5.59375
Steelhead,-5.8125,-5.8125
Neolalia,-6.09375,-6.09375
Lissotrichy,-5.84375,-5.84375
Doings,-5.84375,-5.84375
Angelolatry,-5.96875,-5.96875
Schnitz,-5.84375,-5.84375
Plasmolysis,-5.84375,-5.84375
Constances,-5.71875,-5.71875
Equiarticulate,-6.5625,-6.5625
Gratias,-5.59375,-5.59375
Thelion,-5.625,-5.625
Syllabe,-5.59375,-5.59375
Apandry,-5.71875,-5.71875
Thyreoid,-5.84375,-5.84375
Polyonomy,-5.96875,-5.96875
Furciform,-5.71875,-5.71875
Emperil,-5.71875,-5.71875
Cabook,-5.8125,-5.8125
Sorbian,-6.21875,-6.21875
Handlooms,-5.96875,-5.96875
Jageer,-6.0625,-6.0625
Trisyllabical,-5.59375,-5.59375
Houndsbane,-5.71875,-5.71875
Salesmanship,-6.21875,-6.21875
Jigaboos,-6.1875,-6.1875
Tungstosilicic,-5.71875,-5.71875
Winegrower,-5.375,-5.375
Hymenopter,-5.59375,-5.59375
Gauzelike,-5.71875,-5.71875
Concipiency,-5.59375,-5.59375
Meager,-5.9375,-5.9375
Pullicat,-5.59375,-5.59375
Mediumism,-6.1875,-6.1875
Hammam,-6.1875,-6.1875
Unvicious,-5.59375,-5.59375
Solidus,-5.59375,-5.59375
Mispassion,-5.9375,-5.9375
Effuse,-5.71875,-5.71875
Spadefish,-5.59375,-5.59375
Basiphobia,-6.34375,-6.34375
Retromingent,-5.625,-5.625
Interjaculate,-5.5,-5.5
Bangtails,-5.9375,-5.9375
Yorker,-5.34375,-5.34375
Palmus,-5.84375,-5.84375
Stratojet,-5.96875,-5.96875
Collectivize,-5.71875,-5.71875
Neurones,-5.96875,-5.96875
Eurodollar,-5.75,-5.75
Forbore,-5.59375,-5.59375
Blenniiform,-5.8125,-5.8125
Barbra,-5.59375,-5.59375
Fretsaws,-5.46875,-5.46875
Postauditory,-5.59375,-5.59375
Excambion,-5.84375,-5.84375
Fedifragous,-5.96875,-5.96875
Keelhale,-5.8125,-5.8125
Palpulus,-5.71875,-5.71875
Relativistic,-5.625,-5.625
Interrenalism,-5.96875,-5.96875
Circaetus,-5.71875,-5.71875
Psychorealist,-5.71875,-5.71875
Kalamian,-5.84375,-5.84375
Godmotherhood,-5.84375,-5.84375
Keraunophone,-5.71875,-5.71875
Anthropoidal,-5.84375,-5.84375
Retrim,-5.71875,-5.71875
Tillman,-5.84375,-5.84375
Unhabituate,-5.71875,-5.71875
Goneoclinic,-5.96875,-5.96875
Pawnors,-5.84375,-5.84375
Isotrimorphous,-5.9375,-5.9375
Encephalosis,-6.0625,-6.0625
Pilosine,-5.46875,-5.46875
Slovak,-6.21875,-6.21875
Warrty,-5.71875,-5.71875
Arythmias,-5.84375,-5.84375
Bacterioidal,-5.6875,-5.6875
Prelect,-5.71875,-5.71875
Pictographic,-5.6875,-5.6875
Yellowman,-5.5,-5.5
Guttee,-5.84375,-5.84375
Millimicron,-5.8125,-5.8125
Spacewoman,-5.71875,-5.71875
Sawsharper,-5.625,-5.625
Prodigy,-5.84375,-5.84375
Choriocele,-5.96875,-5.96875
Wheretill,-5.59375,-5.59375
Ampelidaceae,-6.1875,-6.1875
Caulicule,-5.6875,-5.6875
Tanneries,-5.71875,-5.71875
Paralogism,-6.21875,-6.21875
Problematic,-5.84375,-5.84375
Sylvate,-5.71875,-5.71875
Jaspagate,-6.0625,-6.0625
Anauxite,-5.96875,-5.96875
Caiman,-5.59375,-5.59375
Aubrieta,-5.71875,-5.71875
Diamondize,-6.21875,-6.21875
Sickener,-5.71875,-5.71875
Plagianthus,-5.84375,-5.84375
Halifax,-6.1875,-6.1875
Guitar,-5.71875,-5.71875
Hickish,-5.59375,-5.59375
Wavelet,-5.71875,-5.71875
Oblata,-5.96875,-5.96875
Ampulliform,-5.84375,-5.84375
Pantofles,-5.84375,-5.84375
Chelem,-5.96875,-5.96875
Proctodeum,-5.84375,-5.84375
Kinsman,-5.59375,-5.59375
Waterbrose,-5.9375,-5.9375
Haulages,-6.0625,-6.0625
Headreach,-5.46875,-5.46875
Kalathoi,-5.75,-5.75
Semicitizen,-5.8125,-5.8125
Balatas,-5.84375,-5.84375
Omnipotent,-5.84375,-5.84375
Carotenoid,-5.625,-5.625
Morencite,-5.8125,-5.8125
Halteres,-5.34375,-5.34375
Hooven,-5.96875,-5.96875
Flajolotite,-5.96875,-5.96875
Plighters,-5.71875,-5.71875
Enmeshments,-6.09375,-6.09375
Dissocialize,-5.59375,-5.59375
Worriecow,-5.375,-5.375
Brassie,-5.59375,-5.59375
Alogism,-5.84375,-5.84375
Romipetal,-5.5,-5.5
Conatural,-5.71875,-5.71875
Melanics,-5.71875,-5.71875
Misdesire,-5.71875,-5.71875
Hingers,-6.09375,-6.09375
Uninuclear,-5.84375,-5.84375
Nontheoretical,-5.6875,-5.6875
Broomwood,-5.8125,-5.8125
Duodenum,-5.96875,-5.96875
Shillelah,-5.96875,-5.96875
Dublin,-5.84375,-5.84375
Rantism,-6.34375,-6.34375
Keyster,-5.6875,-5.6875
Customizer,-5.84375,-5.84375
Pashaship,-6.21875,-6.21875
Epitrichium,-5.75,-5.75
Puritanizer,-5.625,-5.625
Unneural,-5.9375,-5.9375
Mareschal,-5.96875,-5.96875
Cotillon,-5.8125,-5.8125
Bursters,-5.96875,-5.96875
Carcinophagous,-5.46875,-5.46875
Technonomic,-6.0625,-6.0625
Backboards,-5.8125,-5.8125
Koeksotenok,-5.71875,-5.71875
Clinoprism,-5.9375,-5.9375
Ultralenient,-5.71875,-5.71875
Reenter,-5.71875,-5.71875
Karpas,-5.84375,-5.84375
Begiggle,-5.46875,-5.46875
Squacco,-5.84375,-5.84375
Propacifist,-5.71875,-5.71875
Zwinglianism,-6.34375,-6.34375
Tackleless,-5.71875,-5.71875
Foiler,-5.84375,-5.84375
Precursors,-5.71875,-5.71875
Glaires,-5.625,-5.625
Recock,-5.59375,-5.59375
Ataxiagram,-5.71875,-5.71875
Nomadism,-6.09375,-6.09375
Negqtiator,-5.71875,-5.71875
Estrade,-5.71875,-5.71875
Trophobiosis,-5.625,-5.625
Extensor,-5.96875,-5.96875
Tautegory,-5.59375,-5.59375
Chytrid,-5.59375,-5.59375
Redelivery,-5.84375,-5.84375
Recodifies,-5.84375,-5.84375
Uranalysis,-5.71875,-5.71875
Rabble,-5.84375,-5.84375
Piddock,-5.46875,-5.46875
Clubhands,-5.84375,-5.84375
Snapwood,-5.8125,-5.8125
Guelph,-5.96875,-5.96875
Micrandrous,-5.625,-5.625
Deguelin,-5.84375,-5.84375
Bunglings,-5.84375,-5.84375
Counter,-5.84375,-5.84375
Smallnesses,-5.84375,-5.84375
Caruncular,-5.84375,-5.84375
Diatessaron,-5.71875,-5.71875
Sleighs,-6.09375,-6.09375
Mastiffs,-5.84375,-5.84375
Alphosises,-6.09375,-6.09375
Guajira,-6.09375,-6.09375
