entity,base_mean_yes_margin,base_stem0
Pyloroscirrhus,-22.75,-22.75
Boxinesses,-23.5,-23.5
Allosaurus,-22.0,-22.0
Sacramentalis,-23.375,-23.375
Enclog,-23.125,-23.125
Discontinuer,-23.625,-23.625
Defensible,-23.0,-23.0
Casper,-23.0,-23.0
Rorqual,-23.125,-23.125
Blemisher,-23.25,-23.25
Primogenial,-23.125,-23.125
Sabbathaic,-23.25,-23.25
Truckle,-23.0,-23.0
Neurology,-23.0,-23.0
Beebreads,-22.875,-22.875
Overdebilitate,-23.625,-23.625
Insteam,-23.25,-23.25
Amphiploid,-23.0,-23.0
Amylolytic,-23.0,-23.0
Betula,-23.125,-23.125
Daughtership,-23.25,-23.25
Detailist,-23.625,-23.625
Metallize,-23.375,-23.375
Pallial,-23.125,-23.125
Alterations,-23.25,-23.25
Nonsubsistent,-23.375,-23.375
Coruscate,-22.875,-22.875
Rehash,-23.375,-23.375
Plotton,-23.5,-23.5
Radiochemistry,-23.0,-23.0
Neurhypnotist,-23.0,-23.0
Inkhornizer,-23.25,-23.25
Decarchy,-23.375,-23.375
Kinaesthesia,-23.0,-23.0
Overallegorize,-23.5,-23.5
Enhamper,-23.375,-23.375
Sprain,-22.75,-22.75
Tidesman,-22.625,-22.625
Acidifiers,-23.125,-23.125
Scurvies,-22.5,-22.5
Spinets,-23.125,-23.125
Chopstick,-23.125,-23.125
Quiddit,-23.5,-23.5
Intarsias,-22.625,-22.625
Gemmologists,-23.25,-23.25
Engleim,-23.25,-23.25
Chignons,-23.25,-23.25
Dacoitage,-23.375,-23.375
Wiretaps,-22.875,-22.875
Semiditone,-23.25,-23.25
Ganowanian,-22.875,-22.875
Blatterer,-23.625,-23.625
Bespin,-22.625,-22.625
Hersall,-22.75,-22.75
Bilithon,-23.0,-23.0
Griots,-22.875,-22.875
Taluche,-23.125,-23.125
Giantish,-23.125,-23.125
Panegyrist,-23.5,-23.5
Eclipsareon,-22.875,-22.875
Splashier,-23.125,-23.125
Anticovenanter,-23.375,-23.375
Rheumatismal,-23.0,-23.0
Larderful,-23.0,-23.0
Muscovy,-23.375,-23.375
Cachot,-23.125,-23.125
Unstill,-22.875,-22.875
Herbaceous,-22.875,-22.875
Bandurria,-23.25,-23.25
Noncognate,-23.5,-23.5
Euphonous,-23.0,-23.0
Submediocre,-23.375,-23.375
Phanerozonia,-23.0,-23.0
Penduline,-23.375,-23.375
Tribuna,-23.5,-23.5
Theatres,-23.375,-23.375
Guesdist,-23.625,-23.625
Opsins,-22.875,-22.875
Contorsive,-23.25,-23.25
Rasalas,-22.75,-22.75
Autogenous,-23.5,-23.5
Antipolitics,-23.5,-23.5
Postdiastolic,-23.25,-23.25
Denervate,-23.375,-23.375
Shatan,-23.125,-23.125
Esoterist,-23.5,-23.5
Barbarizes,-22.75,-22.75
Temporalty,-23.375,-23.375
Detenus,-23.375,-23.375
Tholus,-22.875,-22.875
Blackboard,-22.625,-22.625
Hesperinon,-23.25,-23.25
Engold,-23.125,-23.125
Kristen,-22.5,-22.5
Phragmidium,-23.0,-23.0
Sugann,-23.125,-23.125
Haflin,-23.25,-23.25
Churchwoman,-22.625,-22.625
Hartake,-23.25,-23.25
Gralloch,-23.125,-23.125
Crossline,-23.5,-23.5
Pregenital,-23.25,-23.25
Egyptologer,-23.875,-23.875
Radishlike,-23.25,-23.25
Verminous,-23.0,-23.0
Proseman,-23.5,-23.5
Plattnerite,-23.25,-23.25
Aviatrice,-23.125,-23.125
Parchmentize,-23.25,-23.25
Photoglyph,-23.125,-23.125
Clavichordists,-23.125,-23.125
Multigyrate,-23.125,-23.125
Rhabdos,-23.25,-23.25
Disconnections,-23.125,-23.125
Cybister,-23.125,-23.125
Leaderette,-23.375,-23.375
Hermitry,-23.375,-23.375
Eleuin,-23.375,-23.375
Upcasts,-23.25,-23.25
Pincheck,-23.125,-23.125
Pseudoform,-23.5,-23.5
Nonmalarial,-23.25,-23.25
Debaucheries,-23.375,-23.375
Proteiform,-23.25,-23.25
Formolite,-23.125,-23.125
Swanker,-23.0,-23.0
Serbonian,-23.375,-23.375
Shoddydom,-23.25,-23.25
Areaways,-22.625,-22.625
Depertible,-23.5,-23.5
Strainproof,-23.125,-23.125
Amphodarch,-22.875,-22.875
Sphyrapicus,-22.875,-22.875
Flavescence,-23.25,-23.25
Hulverhead,-23.125,-23.125
Eigenstate,-23.375,-23.375
Atreptic,-22.875,-22.875
Cuarteron,-23.5,-23.5
Uninceptive,-23.25,-23.25
Vocalistic,-23.125,-23.125
Objector,-23.875,-23.875
Topman,-23.375,-23.375
Reliabilities,-23.125,-23.125
Flandan,-23.625,-23.625
Cuneiform,-23.25,-23.25
Polymixiid,-23.125,-23.125
Melanopathia,-23.25,-23.25
Homeric,-23.125,-23.125
Tresis,-23.25,-23.25
Unknowability,-23.625,-23.625
Pyromucyl,-23.0,-23.0
Lanuginose,-23.125,-23.125
Caulomic,-23.0,-23.0
Ecstatic,-23.375,-23.375
Cassegrain,-23.75,-23.75
Dishwares,-22.5,-22.5
Sammer,-23.25,-23.25
Nonsupervision,-23.375,-23.375
Narcissistic,-23.75,-23.75
Dzungar,-23.125,-23.125
Sapromic,-23.125,-23.125
Outbalances,-23.25,-23.25
Introdden,-23.125,-23.125
Ubiquity,-23.625,-23.625
Ostreidae,-23.125,-23.125
Horticulturist,-22.75,-22.75
Guillemet,-23.5,-23.5
Deaneries,-23.25,-23.25
Carryings,-23.125,-23.125
Microgauss,-23.375,-23.375
Masora,-23.25,-23.25
Benzonitrile,-22.75,-22.75
Scoopfuls,-22.875,-22.875
Antivirotic,-23.625,-23.625
Thallodal,-23.25,-23.25
Botchiest,-23.0,-23.0
Checkrows,-23.125,-23.125
Petrotympanic,-23.125,-23.125
Chorioadenoma,-23.375,-23.375
Smalls,-22.875,-22.875
Progressor,-22.875,-22.875
Instructors,-23.25,-23.25
Oviparous,-23.375,-23.375
Assurate,-23.125,-23.125
Hydrosilicate,-22.875,-22.875
Hexacorallia,-22.375,-22.375
Overvalue,-23.25,-23.25
Libral,-23.5,-23.5
Morales,-23.375,-23.375
Divertor,-23.875,-23.875
Nondemand,-23.125,-23.125
Textures,-22.75,-22.75
Vituline,-23.0,-23.0
Admiral,-23.0,-23.0
Prognathous,-23.625,-23.625
Reperfume,-23.125,-23.125
Brelan,-23.0,-23.0
Prongbuck,-23.25,-23.25
Trestlework,-23.125,-23.125
Mustachio,-23.25,-23.25
Scance,-23.0,-23.0
Egeria,-23.125,-23.125
Serial,-23.5,-23.5
Pinwale,-23.375,-23.375
Gemmate,-23.125,-23.125
Brachyaxis,-23.0,-23.0
Euryalida,-22.875,-22.875
Isotach,-23.125,-23.125
Chlorococcus,-23.0,-23.0
Kulturkampf,-23.125,-23.125
Acalycine,-23.375,-23.375
Whissle,-23.375,-23.375
Repulseproof,-23.375,-23.375
Toolstock,-23.125,-23.125
Renitence,-23.5,-23.5
Easter,-23.0,-23.0
Memorial,-23.125,-23.125
Selenite,-22.875,-22.875
Cogman,-23.375,-23.375
Metropolitical,-23.25,-23.25
Unidigitate,-23.25,-23.25
Bollards,-22.875,-22.875
Timerau,-23.25,-23.25
Perpetualist,-23.625,-23.625
Expatriations,-24.0,-24.0
Surrenderer,-23.75,-23.75
Pilers,-23.25,-23.25
Metropolises,-23.75,-23.75
Paravail,-23.25,-23.25
Corvinas,-22.875,-22.875
Checkrower,-23.25,-23.25
Heiressdom,-23.375,-23.375
Semeiotic,-23.25,-23.25
Chromograph,-23.0,-23.0
Narwhale,-22.625,-22.625
Whipstaves,-22.75,-22.75
Sickroom,-22.875,-22.875
Unstricken,-23.375,-23.375
Mortality,-23.125,-23.125
Unpropellent,-23.375,-23.375
Abcoulomb,-22.875,-22.875
Padcloth,-23.375,-23.375
Formicariae,-23.625,-23.625
Mandorla,-22.875,-22.875
Ajowan,-23.125,-23.125
Brachyuranic,-22.875,-22.875
Urostege,-23.125,-23.125
Gunter,-23.25,-23.25
Towheads,-23.0,-23.0
Substantives,-23.5,-23.5
Spirulas,-22.875,-22.875
Fenestella,-22.875,-22.875
Dignitarial,-23.5,-23.5
Armories,-23.25,-23.25
Dinaric,-23.25,-23.25
Totery,-23.25,-23.25
Obliges,-23.375,-23.375
Wannigan,-23.375,-23.375
Bandpass,-23.5,-23.5
Because,-22.0,-22.0
Ricrac,-23.125,-23.125
Makutas,-23.0,-23.0
Stemple,-22.875,-22.875
Autochthonal,-23.0,-23.0
Securifer,-23.25,-23.25
Mucocele,-23.125,-23.125
Semitextural,-23.25,-23.25
Caecotomy,-23.375,-23.375
Calles,-22.75,-22.75
Porphyrin,-23.5,-23.5
Lobeless,-23.5,-23.5
Wangtooth,-23.5,-23.5
Noegenesis,-23.5,-23.5
Cymbocephalic,-23.0,-23.0
Ectocondyle,-22.75,-22.75
Monotrochian,-23.0,-23.0
Tyrannophobia,-23.25,-23.25
Paracystic,-23.375,-23.375
Interantennal,-23.75,-23.75
Zemindars,-23.0,-23.0
Culicid,-23.125,-23.125
Uronology,-23.0,-23.0
Narrators,-23.375,-23.375
Scleroses,-23.125,-23.125
Rhynchonelloid,-23.0,-23.0
Psychotheist,-23.625,-23.625
Counterbuff,-23.5,-23.5
Reearn,-23.5,-23.5
Fimetic,-23.625,-23.625
Horsebane,-22.875,-22.875
Premierships,-23.875,-23.875
Plotties,-23.5,-23.5
Hedgebreaker,-23.125,-23.125
Jarsful,-23.0,-23.0
Unabsolute,-23.375,-23.375
Miscredit,-23.375,-23.375
Kniphofia,-22.75,-22.75
Bumbles,-22.875,-22.875
Dispassion,-23.125,-23.125
Deitate,-23.375,-23.375
Astigmometer,-23.375,-23.375
Gastrin,-23.375,-23.375
Alchemic,-23.125,-23.125
Outthruster,-23.5,-23.5
Nonecliptic,-22.875,-22.875
Deresinate,-23.5,-23.5
Outvelvet,-23.25,-23.25
Decameronic,-23.25,-23.25
Aconuresis,-22.875,-22.875
Avanturine,-23.125,-23.125
Rebite,-23.125,-23.125
Phyllostomous,-22.875,-22.875
Arrowworm,-22.625,-22.625
Depeach,-23.5,-23.5
Audiles,-23.25,-23.25
Underform,-23.5,-23.5
Amphicarpa,-22.875,-22.875
Tetragram,-23.25,-23.25
Fugacious,-23.625,-23.625
Auxographic,-23.0,-23.0
Mingle,-23.625,-23.625
Dictatress,-23.125,-23.125
Enkernel,-23.5,-23.5
Predriller,-23.5,-23.5
Maintenances,-23.125,-23.125
Curvital,-23.125,-23.125
Narine,-23.25,-23.25
Canopid,-23.0,-23.0
Reshower,-23.0,-23.0
Ventrine,-23.0,-23.0
Transmuscle,-23.25,-23.25
Oenophilist,-23.375,-23.375
Operette,-23.125,-23.125
Lipopoda,-23.25,-23.25
Dipteros,-22.875,-22.875
Singles,-22.875,-22.875
Liquidogenic,-23.375,-23.375
Splenoma,-23.375,-23.375
Iliadist,-23.375,-23.375
Consent,-23.25,-23.25
Bhisties,-22.75,-22.75
Billionaire,-23.0,-23.0
Popode,-23.375,-23.375
Ireland,-23.0,-23.0
Goupen,-23.625,-23.625
Interclash,-23.5,-23.5
Impressionists,-22.875,-22.875
Leukosis,-23.0,-23.0
Thermogenesis,-23.375,-23.375
Rhabdomantist,-23.25,-23.25
Archdeaconship,-23.5,-23.5
Prerich,-23.25,-23.25
Polarographic,-23.375,-23.375
Planigraphy,-23.0,-23.0
Biosystematy,-23.25,-23.25
Ascendent,-23.375,-23.375
Hutukhtu,-23.25,-23.25
Revigour,-23.625,-23.625
Gazogene,-23.375,-23.375
Southbound,-23.75,-23.75
Theaterlike,-23.0,-23.0
Boselaphus,-23.125,-23.125
Disprofess,-23.625,-23.625
Consute,-23.375,-23.375
Conquinamine,-23.25,-23.25
Musculodermic,-23.125,-23.125
Kiesserite,-23.125,-23.125
Castra,-22.875,-22.875
Instantiate,-23.625,-23.625
Commensurate,-23.375,-23.375
Enleaf,-22.875,-22.875
Leaseback,-23.0,-23.0
Distain,-23.625,-23.625
Tolerators,-23.625,-23.625
Unthinkables,-22.75,-22.75
Badiaga,-23.375,-23.375
Justine,-23.125,-23.125
Spoliarium,-23.25,-23.25
Thanatosis,-22.875,-22.875
Tenenda,-23.375,-23.375
Nonabrasive,-23.375,-23.375
Biogeographers,-23.25,-23.25
Apothems,-22.875,-22.875
Podiatries,-23.25,-23.25
Navels,-22.75,-22.75
Summerhouse,-23.125,-23.125
Affettuoso,-23.25,-23.25
Betatrons,-23.125,-23.125
Uprest,-23.375,-23.375
Schooler,-23.125,-23.125
Tanniferous,-23.125,-23.125
Diaporesis,-23.25,-23.25
Cyperaceous,-23.125,-23.125
Yercum,-23.25,-23.25
Mayvin,-22.75,-22.75
Lutrinae,-22.875,-22.875
Current,-23.5,-23.5
Thicky,-23.375,-23.375
Huiscoyol,-22.875,-22.875
Unclamorous,-23.25,-23.25
Arriero,-23.125,-23.125
Cierzos,-23.0,-23.0
Hereditative,-23.125,-23.125
Abroad,-23.375,-23.375
Hypopharynges,-23.125,-23.125
Ectoparasitica,-22.75,-22.75
Upscrew,-23.125,-23.125
Sindhi,-23.0,-23.0
Synoecious,-23.625,-23.625
Lacings,-23.125,-23.125
Epithalamy,-23.375,-23.375
Intentions,-23.375,-23.375
Quaresma,-23.125,-23.125
Wiseacreism,-23.5,-23.5
Rhyton,-23.0,-23.0
Synapticulate,-23.5,-23.5
Nongrey,-23.125,-23.125
Postlaryngal,-22.75,-22.75
Remagnify,-23.375,-23.375
Malefactresses,-23.125,-23.125
Chewiest,-22.5,-22.5
Connexity,-23.25,-23.25
Executorship,-23.125,-23.125
Dardani,-23.125,-23.125
Arrestant,-23.375,-23.375
Organise,-23.75,-23.75
Roncos,-22.625,-22.625
Negritize,-23.875,-23.875
Ascomata,-23.125,-23.125
Sarongs,-22.75,-22.75
Fistularioid,-22.75,-22.75
Aristarchian,-23.375,-23.375
Apoquinine,-23.0,-23.0
Ototoi,-23.0,-23.0
Loyalties,-23.625,-23.625
Merwoman,-22.5,-22.5
Unremorseful,-23.375,-23.375
Technics,-23.375,-23.375
Mothless,-23.375,-23.375
Chitimacha,-23.125,-23.125
Arianists,-23.75,-23.75
Woundworth,-23.0,-23.0
Mexica,-23.0,-23.0
Barbuts,-23.0,-23.0
Taurotragus,-22.75,-22.75
Compunct,-22.875,-22.875
Auspicial,-23.375,-23.375
Overspreads,-23.375,-23.375
Aunthoods,-23.375,-23.375
Preterritorial,-23.375,-23.375
Thebain,-23.25,-23.25
Diactine,-22.875,-22.875
Iberite,-23.125,-23.125
Buggymen,-23.375,-23.375
Vishnu,-22.875,-22.875
Triverbial,-23.25,-23.25
Octodecillion,-23.5,-23.5
Disgorge,-23.125,-23.125
Oregonians,-23.375,-23.375
Oversells,-23.125,-23.125
Anomalies,-23.375,-23.375
Pentabasic,-23.25,-23.25
Basaltes,-22.75,-22.75
Inique,-23.25,-23.25
Pollent,-23.375,-23.375
Otectomy,-23.125,-23.125
Nucleophilic,-23.625,-23.625
Modifies,-23.375,-23.375
Flicks,-23.0,-23.0
Vendee,-22.5,-22.5
Duffels,-23.125,-23.125
Craisey,-22.5,-22.5
Prefectural,-23.25,-23.25
Rehoist,-23.5,-23.5
Flagfall,-23.125,-23.125
Dyestuffs,-23.25,-23.25
Edemata,-23.25,-23.25
Homicidious,-23.375,-23.375
Canapina,-23.0,-23.0
Premies,-22.875,-22.875
Playfield,-23.125,-23.125
Extenuative,-23.375,-23.375
Laminarite,-23.25,-23.25
Flexion,-23.375,-23.375
Uroptysis,-23.125,-23.125
Scatty,-23.0,-23.0
Verandas,-22.875,-22.875
Azeotrope,-23.125,-23.125
Acupuncturists,-23.625,-23.625
Landwrack,-22.875,-22.875
Percheron,-23.25,-23.25
Normandy,-22.75,-22.75
Bisnagas,-23.0,-23.0
Babeldom,-23.5,-23.5
Nabatean,-23.125,-23.125
Curarizes,-23.125,-23.125
Metaphrast,-22.875,-22.875
Ectoparasitic,-22.875,-22.875
Cantatory,-23.0,-23.0
Vasiferous,-22.75,-22.75
Glitterance,-23.375,-23.375
Trajectile,-22.875,-22.875
Autarkist,-24.125,-24.125
Toxoglossa,-22.625,-22.625
Discide,-23.5,-23.5
Hariolize,-23.125,-23.125
Epistemologist,-23.625,-23.625
Chloanthite,-22.75,-22.75
Jasperite,-23.0,-23.0
Sudoriparous,-23.25,-23.25
Neopaleozoic,-23.0,-23.0
Ranches,-23.125,-23.125
Failles,-23.0,-23.0
Paruria,-23.375,-23.375
Splashboard,-22.75,-22.75
Polyblast,-23.0,-23.0
Mootmen,-23.25,-23.25
Acroatic,-23.375,-23.375
Predacity,-23.125,-23.125
Stereotype,-23.625,-23.625
Nonevocative,-23.25,-23.25
Expressional,-23.25,-23.25
Valuta,-23.0,-23.0
Pothos,-23.25,-23.25
Bloodstones,-23.0,-23.0
Victimizer,-23.125,-23.125
Tottlish,-22.75,-22.75
Captivates,-23.625,-23.625
Eclampsia,-22.375,-22.375
Briers,-22.625,-22.625
Tristive,-23.25,-23.25
Bonaventure,-23.5,-23.5
Sageer,-23.25,-23.25
Chiffre,-23.125,-23.125
Embrue,-23.25,-23.25
Enwisen,-23.25,-23.25
Pantarchy,-23.5,-23.5
Cruses,-23.125,-23.125
Relationals,-23.125,-23.125
Germen,-23.375,-23.375
Coxankylometer,-22.75,-22.75
Psephitic,-23.5,-23.5
Phosphamic,-23.25,-23.25
Tectosphere,-23.625,-23.625
Eccrinology,-23.125,-23.125
Metallometer,-23.125,-23.125
Mandil,-23.5,-23.5
Diuretics,-22.875,-22.875
Underfelt,-23.25,-23.25
Undissonant,-23.5,-23.5
Tagsore,-23.125,-23.125
Apparentements,-22.875,-22.875
Beshade,-23.25,-23.25
Phosphatidic,-22.75,-22.75
Intercivic,-23.25,-23.25
Submarinism,-23.375,-23.375
Endosymbiosis,-23.375,-23.375
Antiglobulin,-24.0,-24.0
Acaricidal,-23.25,-23.25
Gaggler,-23.25,-23.25
Sextans,-23.0,-23.0
Canalize,-23.5,-23.5
Pycnanthemum,-22.625,-22.625
Duplicate,-23.5,-23.5
Chromomere,-22.875,-22.875
Saccharuria,-23.25,-23.25
Judger,-23.25,-23.25
Noncarbonate,-22.875,-22.875
Ravenry,-22.5,-22.5
Intrado,-22.875,-22.875
Nonspecial,-23.5,-23.5
Adaxial,-23.25,-23.25
Brachyurous,-23.25,-23.25
Baculites,-22.75,-22.75
Waddings,-23.125,-23.125
Trapezium,-23.25,-23.25
Puberal,-22.875,-22.875
Undamn,-23.25,-23.25
Chalcidica,-23.25,-23.25
Neuropodium,-23.375,-23.375
Anemochoric,-23.125,-23.125
Sulfanilic,-23.125,-23.125
Hardfist,-22.75,-22.75
Ossianize,-23.375,-23.375
Nonconsent,-23.25,-23.25
Ceteosaur,-22.625,-22.625
Involutory,-23.375,-23.375
Caldera,-23.125,-23.125
Anthography,-23.125,-23.125
Ferries,-23.0,-23.0
Haemolytic,-23.125,-23.125
Ultrasubtle,-22.75,-22.75
Varsal,-23.375,-23.375
Sofane,-23.125,-23.125
Textiferous,-22.875,-22.875
Anomurous,-23.5,-23.5
Ultrasimian,-22.875,-22.875
Greengill,-22.875,-22.875
Crowns,-22.625,-22.625
Propanes,-23.25,-23.25
Dissimulators,-23.75,-23.75
Preclaimant,-23.75,-23.75
Blesboks,-22.625,-22.625
Gorgio,-23.25,-23.25
Signlike,-23.375,-23.375
Nonreversion,-23.625,-23.625
Trehala,-23.25,-23.25
Tolualdehyde,-23.0,-23.0
Yeomen,-23.375,-23.375
Peppershrike,-22.5,-22.5
Savagest,-22.625,-22.625
Chetrum,-23.25,-23.25
Upgrades,-23.375,-23.375
Utible,-23.0,-23.0
Diatesseron,-23.125,-23.125
Thicken,-23.375,-23.375
Chuprassie,-22.625,-22.625
Sortita,-23.125,-23.125
Squamomastoid,-23.0,-23.0
Codebooks,-23.375,-23.375
Transcendible,-23.625,-23.625
Incanous,-23.25,-23.25
Allomerous,-23.25,-23.25
Coinmaker,-23.0,-23.0
Rosarians,-23.375,-23.375
Unvoluminous,-23.25,-23.25
Furnacemen,-23.0,-23.0
Sympetalous,-23.25,-23.25
Vaginectomies,-23.5,-23.5
Inactions,-23.25,-23.25
Spathous,-23.125,-23.125
Prefixion,-23.125,-23.125
Thermoses,-22.875,-22.875
Rohilla,-22.75,-22.75
Squamipinnate,-22.75,-22.75
Dispersible,-23.125,-23.125
Egards,-23.0,-23.0
Chondrectomy,-23.125,-23.125
Siwens,-23.25,-23.25
Radiobicipital,-23.375,-23.375
Bookwright,-23.125,-23.125
Hyaloplasm,-23.125,-23.125
Tippiest,-23.125,-23.125
Anisotropous,-23.375,-23.375
Tesack,-23.25,-23.25
Lymphatic,-23.0,-23.0
Dedicational,-23.375,-23.375
Cosset,-23.125,-23.125
Stepony,-23.375,-23.375
Unprolific,-23.375,-23.375
Latebricole,-23.125,-23.125
Glossiphonia,-22.75,-22.75
Fathogram,-23.25,-23.25
Stonegale,-22.875,-22.875
Soberest,-23.0,-23.0
Tinpot,-23.75,-23.75
Denationalize,-23.625,-23.625
Defamers,-24.375,-24.375
Alkylates,-23.0,-23.0
Porterage,-22.625,-22.625
Conuzee,-23.25,-23.25
Hormogonous,-23.625,-23.625
Friezes,-22.875,-22.875
Enlistees,-23.875,-23.875
Thesmothetae,-23.0,-23.0
Autodidactic,-23.25,-23.25
Zoopathologies,-22.875,-22.875
Shearsman,-23.125,-23.125
Enravish,-23.0,-23.0
Goatsbeard,-22.75,-22.75
Pipestems,-22.875,-22.875
Microeutaxitic,-23.375,-23.375
Hostlership,-23.375,-23.375
Producers,-23.625,-23.625
Swertia,-23.0,-23.0
Muscovadite,-23.5,-23.5
Fumier,-23.625,-23.625
Viduate,-23.375,-23.375
Amaranthoid,-22.625,-22.625
Bridgings,-22.625,-22.625
Tornado,-23.25,-23.25
Dumfounds,-22.875,-22.875
Coggie,-23.375,-23.375
Orotherapy,-23.25,-23.25
Xenophoridae,-23.125,-23.125
Ecumenic,-23.5,-23.5
Animisms,-23.125,-23.125
Bootlaces,-23.0,-23.0
Ovoviviparity,-23.0,-23.0
Isoptic,-23.0,-23.0
Gingals,-22.75,-22.75
Revolute,-23.375,-23.375
Syrian,-23.0,-23.0
Fitchew,-23.25,-23.25
Jackboot,-23.5,-23.5
Papuan,-23.875,-23.875
Midterms,-23.625,-23.625
Brills,-22.625,-22.625
Hyenia,-23.125,-23.125
Umpirages,-22.875,-22.875
Ophthalmite,-23.0,-23.0
Conoidic,-23.375,-23.375
Doornails,-22.875,-22.875
Antileft,-24.125,-24.125
Receptible,-23.25,-23.25
Iwound,-22.625,-22.625
Abolitionism,-24.0,-24.0
Missionaryship,-23.5,-23.5
Updive,-23.375,-23.375
Spiritualiser,-23.375,-23.375
Nannander,-23.375,-23.375
Prowfishes,-23.0,-23.0
Rencontre,-22.875,-22.875
Viniferous,-23.0,-23.0
Saddlebows,-23.375,-23.375
Rosular,-22.875,-22.875
Preimpose,-23.5,-23.5
Cornet,-23.125,-23.125
Hadjees,-22.875,-22.875
Iridodialysis,-22.75,-22.75
Automobilist,-23.25,-23.25
Watercolourist,-23.0,-23.0
Powldoody,-23.0,-23.0
Unsensible,-23.0,-23.0
Fruticulture,-23.125,-23.125
Perineoscrotal,-23.125,-23.125
Fizzer,-23.0,-23.0
Tampons,-22.375,-22.375
Cacajao,-23.0,-23.0
Renomee,-23.25,-23.25
Unalaska,-22.25,-22.25
Extollers,-23.625,-23.625
Methoxy,-23.375,-23.375
Feverlike,-23.0,-23.0
Precisionism,-23.125,-23.125
Imitate,-22.875,-22.875
Fractureproof,-22.75,-22.75
Husbandship,-23.375,-23.375
Quattrino,-23.375,-23.375
Excarnate,-23.125,-23.125
Noneradicative,-23.5,-23.5
Calcitrant,-23.125,-23.125
Contemplatist,-23.0,-23.0
Inphase,-23.375,-23.375
Pranava,-23.0,-23.0
Vintage,-23.125,-23.125
Hereticate,-23.25,-23.25
Prismatical,-23.125,-23.125
Sartorius,-23.0,-23.0
Uncolloquial,-23.375,-23.375
Clubability,-23.125,-23.125
Peavine,-23.0,-23.0
Ocypete,-23.25,-23.25
Extrasolar,-23.0,-23.0
Yeelin,-23.0,-23.0
Nihilobstat,-23.25,-23.25
Sudoral,-23.125,-23.125
Abaxile,-23.625,-23.625
Fantasias,-23.125,-23.125
Erectile,-23.0,-23.0
Crucibulum,-23.375,-23.375
Inworn,-23.0,-23.0
Sintsink,-23.25,-23.25
Oryzenin,-23.625,-23.625
Paracorolla,-23.125,-23.125
Polygamian,-23.25,-23.25
Foreknower,-23.25,-23.25
Lentoid,-22.875,-22.875
Judaize,-23.375,-23.375
Juiceful,-23.0,-23.0
Prevaricator,-23.5,-23.5
Curran,-22.5,-22.5
Midlatitude,-23.375,-23.375
Liroth,-23.25,-23.25
Snarlers,-22.875,-22.875
Unblade,-23.375,-23.375
Woozier,-23.125,-23.125
Soddite,-23.375,-23.375
Rooflike,-23.0,-23.0
Cladophorales,-22.625,-22.625
Popeless,-22.75,-22.75
Beamman,-23.0,-23.0
Epigrammatism,-23.75,-23.75
Myophysical,-23.0,-23.0
Poultice,-23.125,-23.125
Phlebalgia,-23.125,-23.125
Penscript,-22.875,-22.875
Galopade,-22.875,-22.875
Bethreaten,-22.875,-22.875
Stylelike,-23.0,-23.0
Whangdoodle,-23.0,-23.0
Scaphion,-23.25,-23.25
Diabetogenic,-23.25,-23.25
Prepositorial,-23.625,-23.625
Fieldmice,-23.125,-23.125
Deiphobus,-23.375,-23.375
Spirituel,-23.0,-23.0
Cosines,-23.0,-23.0
Cerolite,-23.25,-23.25
Alliterates,-23.375,-23.375
Antiricin,-23.625,-23.625
Disconsonancy,-23.75,-23.75
Loather,-23.5,-23.5
Partiary,-23.5,-23.5
Tarcel,-23.0,-23.0
Serfism,-23.625,-23.625
Azophenylene,-23.125,-23.125
Lactigenous,-23.0,-23.0
Indefectible,-23.375,-23.375
Trichostasis,-22.75,-22.75
Phenylic,-23.5,-23.5
Ooscopy,-23.125,-23.125
Copartner,-23.125,-23.125
Relubricate,-23.5,-23.5
Qualmiest,-23.0,-23.0
Hydrogens,-22.875,-22.875
Matajuelo,-23.125,-23.125
Hostiles,-23.375,-23.375
Disboard,-23.25,-23.25
Cerulein,-23.0,-23.0
Polypi,-23.25,-23.25
Pseudepigrapha,-23.75,-23.75
Acetocinnamene,-22.875,-22.875
Trunnions,-23.25,-23.25
Scandinavians,-23.75,-23.75
Tetrole,-23.0,-23.0
Sesbania,-22.75,-22.75
Tribunate,-23.25,-23.25
Bolsterwork,-23.375,-23.375
Siccative,-23.375,-23.375
Interminister,-23.5,-23.5
Dawson,-22.75,-22.75
Coccal,-23.125,-23.125
Spermosphere,-23.25,-23.25
Withstrain,-23.875,-23.875
Quadrumvirate,-22.75,-22.75
Misenjoy,-23.375,-23.375
Lemovices,-23.0,-23.0
Aporrhoea,-22.625,-22.625
Nonmorality,-23.5,-23.5
Disseizor,-23.5,-23.5
Unperforative,-23.75,-23.75
Tangipahoa,-22.875,-22.875
Bunglesome,-23.0,-23.0
Layout,-23.25,-23.25
Capita,-23.375,-23.375
Spalpeen,-23.0,-23.0
Lendee,-23.375,-23.375
Precontrives,-23.625,-23.625
Mothproof,-23.125,-23.125
Nonprofession,-23.375,-23.375
Overtare,-23.625,-23.625
Floorhead,-22.75,-22.75
Weathergleam,-22.625,-22.625
Sclerosarcoma,-22.625,-22.625
Trophoplasmic,-23.0,-23.0
Junefish,-23.25,-23.25
Pastoral,-23.0,-23.0
Steads,-23.25,-23.25
Remould,-23.25,-23.25
Troves,-22.75,-22.75
Metabolic,-23.0,-23.0
Intertissue,-23.25,-23.25
Subpulverizer,-23.25,-23.25
Undershapen,-23.125,-23.125
Nigritudinous,-23.125,-23.125
Keelfat,-23.0,-23.0
Twiglet,-23.0,-23.0
Chomage,-23.625,-23.625
Salivous,-23.125,-23.125
Thatchwork,-23.125,-23.125
Liveyer,-23.25,-23.25
Kippen,-22.875,-22.875
Dromical,-22.75,-22.75
Scatophagidae,-23.0,-23.0
Dislocator,-23.125,-23.125
Supervisionary,-23.625,-23.625
Piculs,-23.25,-23.25
Enervates,-23.125,-23.125
Semiterete,-23.125,-23.125
Shrubland,-23.25,-23.25
Miticides,-23.0,-23.0
Maharajah,-23.125,-23.125
Petals,-22.625,-22.625
Diggings,-22.875,-22.875
Enchannel,-23.75,-23.75
Jimbang,-23.25,-23.25
Balldress,-23.125,-23.125
Reexecute,-23.75,-23.75
Epochs,-23.125,-23.125
Dextrocardial,-22.625,-22.625
Embolectomies,-23.25,-23.25
Gamier,-23.375,-23.375
Foldskirt,-22.875,-22.875
Tsotsi,-22.5,-22.5
Naturalistic,-23.125,-23.125
Baryphonia,-23.375,-23.375
Carryovers,-23.5,-23.5
Chaprassi,-23.0,-23.0
Desecrations,-23.25,-23.25
Hideout,-22.875,-22.875
Puristical,-23.5,-23.5
Checkpoints,-23.125,-23.125
Readvise,-23.25,-23.25
Curtain,-23.125,-23.125
Astream,-23.375,-23.375
Indicatoridae,-22.875,-22.875
Illuminatism,-23.875,-23.875
Fulminant,-23.375,-23.375
Nematognathous,-23.375,-23.375
Lernaea,-23.125,-23.125
Inducteous,-23.75,-23.75
Asphodel,-22.875,-22.875
Cribose,-23.375,-23.375
Subvicarship,-23.5,-23.5
Inoculability,-23.375,-23.375
Hypobaric,-23.25,-23.25
Underclay,-23.25,-23.25
Servet,-23.5,-23.5
Otoneurology,-23.125,-23.125
Wakeless,-22.75,-22.75
Quadrifilar,-22.875,-22.875
Akazgin,-23.375,-23.375
Tenuirostral,-22.75,-22.75
Trainability,-23.375,-23.375
Semisixth,-23.5,-23.5
Oosporange,-23.375,-23.375
Heterocaryotic,-23.0,-23.0
Lollup,-23.375,-23.375
Achene,-23.125,-23.125
Vizard,-23.125,-23.125
Goyana,-22.875,-22.875
Expellee,-23.75,-23.75
Scholiums,-23.125,-23.125
Hypogastric,-23.625,-23.625
Teinoscope,-23.0,-23.0
Tropospheric,-23.125,-23.125
Whippings,-23.375,-23.375
Sulphurous,-23.125,-23.125
Inheritrice,-22.875,-22.875
Nakeder,-23.0,-23.0
Sarcomata,-22.875,-22.875
Rockfishes,-23.0,-23.0
Newcomer,-23.75,-23.75
Sortilegi,-23.375,-23.375
Panchromatic,-23.25,-23.25
Ubiquitary,-23.5,-23.5
Decasualize,-23.5,-23.5
Manchets,-23.5,-23.5
Deathful,-23.375,-23.375
Emmetropism,-23.375,-23.375
Yugoslavia,-23.25,-23.25
Mayvins,-23.25,-23.25
American,-23.125,-23.125
Hypertensinase,-23.25,-23.25
Gandhian,-23.125,-23.125
Predoctorate,-23.5,-23.5
Proctorize,-23.125,-23.125
Sometime,-22.75,-22.75
Ichthyomorphic,-22.875,-22.875
Resort,-23.0,-23.0
Cymbaler,-23.375,-23.375
Suprahyoid,-23.25,-23.25
Lewanna,-22.875,-22.875
Unresidential,-23.125,-23.125
Calenturish,-23.0,-23.0
Pericarpic,-23.625,-23.625
Multiframe,-23.375,-23.375
Alumian,-22.5,-22.5
Undershrub,-23.25,-23.25
Hohokam,-22.875,-22.875
Overgrows,-23.375,-23.375
Nounless,-21.75,-21.75
Potamogalidae,-22.875,-22.875
Alumite,-22.75,-22.75
Battlements,-22.875,-22.875
Pyrologies,-23.25,-23.25
Introspector,-23.375,-23.375
Carcinologist,-23.375,-23.375
Thoron,-23.0,-23.0
Lavehr,-23.25,-23.25
Colorifics,-23.0,-23.0
Apospory,-22.875,-22.875
Dualin,-23.375,-23.375
Heresimach,-22.75,-22.75
Freemartin,-23.0,-23.0
Cuinage,-23.75,-23.75
Laccin,-23.25,-23.25
Frasier,-23.0,-23.0
Garter,-23.125,-23.125
Segmentary,-23.25,-23.25
Tracheole,-23.25,-23.25
Heresiologist,-23.25,-23.25
Enhearse,-23.5,-23.5
Sceloporus,-22.625,-22.625
Welshlike,-22.5,-22.5
Subtarget,-23.625,-23.625
Insomnolency,-23.375,-23.375
Doctoral,-23.0,-23.0
Sulfourea,-23.125,-23.125
Bartramian,-22.875,-22.875
Limity,-23.25,-23.25
Aitutakian,-22.875,-22.875
Sauceplate,-23.0,-23.0
Nasalizes,-23.125,-23.125
Apteria,-23.125,-23.125
Whalemen,-22.25,-22.25
Glover,-23.0,-23.0
Degreewise,-22.625,-22.625
Plowwise,-23.125,-23.125
Australianize,-24.0,-24.0
Siluroidei,-22.625,-22.625
Wisdom,-23.625,-23.625
Poales,-23.5,-23.5
Anoterite,-23.75,-23.75
Scyllioid,-23.5,-23.5
Amorphous,-23.375,-23.375
Waxflower,-23.125,-23.125
Disloyalties,-23.375,-23.375
Cosmologygy,-22.875,-22.875
Supersatisfy,-23.75,-23.75
Alberich,-22.625,-22.625
Percussion,-22.875,-22.875
Chavantean,-23.5,-23.5
Dielectric,-23.375,-23.375
Caimacam,-23.125,-23.125
Literalist,-23.125,-23.125
Preexecutor,-23.625,-23.625
Breech,-23.125,-23.125
Notholaena,-22.5,-22.5
Warrand,-23.25,-23.25
Darren,-22.75,-22.75
Leoncito,-23.0,-23.0
Quipster,-23.0,-23.0
Dovens,-23.125,-23.125
Sensory,-23.0,-23.0
Haptotropic,-23.375,-23.375
Cisplatine,-22.625,-22.625
Papillomatosis,-22.875,-22.875
Paragraphs,-23.0,-23.0
Zanclidae,-22.75,-22.75
Sarmenta,-23.0,-23.0
Reluct,-23.0,-23.0
Breird,-23.375,-23.375
Shuddersome,-22.625,-22.625
Stippler,-23.25,-23.25
Cyclamate,-22.875,-22.875
Zibethone,-23.25,-23.25
Filefish,-22.75,-22.75
Boolean,-22.875,-22.875
Ordain,-23.625,-23.625
Almsgiver,-23.125,-23.125
Uromere,-23.375,-23.375
Finetop,-23.5,-23.5
Opacate,-23.875,-23.875
Prisms,-23.125,-23.125
Undignify,-23.625,-23.625
Wizard,-22.5,-22.5
Hemadynamics,-23.125,-23.125
Homonomy,-23.875,-23.875
Viscoid,-23.125,-23.125
Regalty,-23.25,-23.25
Corroborations,-23.5,-23.5
Baidak,-23.125,-23.125
Overhip,-23.125,-23.125
Pterodactylus,-22.375,-22.375
Subpunch,-23.25,-23.25
Petrogram,-23.375,-23.375
Dipsaceae,-23.375,-23.375
Blasties,-22.75,-22.75
Quatrocento,-23.375,-23.375
Shandy,-23.125,-23.125
Fableist,-23.375,-23.375
Tarsier,-22.875,-22.875
Prosuffrage,-23.75,-23.75
Palaeocyclic,-23.0,-23.0
Spileworm,-23.125,-23.125
Bumkins,-22.875,-22.875
Softie,-23.25,-23.25
Numskull,-22.875,-22.875
Simpletons,-23.0,-23.0
Antemural,-23.25,-23.25
Gladdens,-22.625,-22.625
Mucolytic,-23.25,-23.25
Intriguer,-23.625,-23.625
Postface,-23.375,-23.375
Hastile,-23.25,-23.25
Authorizer,-23.625,-23.625
Metapodiale,-22.875,-22.875
Platydactylous,-22.5,-22.5
Gentil,-23.25,-23.25
Adversarial,-23.375,-23.375
Tarantism,-23.75,-23.75
Innumerability,-23.75,-23.75
Stratography,-23.125,-23.125
Manubaliste,-23.5,-23.5
Bodywise,-22.875,-22.875
Isodimorphic,-23.375,-23.375
Wourari,-23.125,-23.125
Guittonian,-23.0,-23.0
Photothermic,-23.125,-23.125
Tropistic,-23.25,-23.25
Subinternal,-23.5,-23.5
Laryngorrhea,-23.0,-23.0
Reassume,-23.125,-23.125
Cheekish,-23.375,-23.375
Iterances,-23.125,-23.125
Coccothraustes,-22.75,-22.75
Rivell,-23.125,-23.125
Myxolipoma,-23.0,-23.0
Zincify,-23.0,-23.0
Plumelets,-23.125,-23.125
Elfhood,-22.875,-22.875
Pectunculus,-23.25,-23.25
Spongeless,-23.0,-23.0
Unrestful,-23.625,-23.625
Naissant,-23.375,-23.375
Shibahs,-23.375,-23.375
Madship,-22.875,-22.875
Lenticle,-23.25,-23.25
Ithomiidae,-22.875,-22.875
Subahdary,-23.25,-23.25
Rhodospermeae,-22.75,-22.75
Overjust,-23.5,-23.5
Elaphrium,-22.875,-22.875
Forelimbs,-23.25,-23.25
Tawneys,-23.125,-23.125
Disdiazo,-23.625,-23.625
Subregularity,-23.375,-23.375
Velvetwork,-23.0,-23.0
Bedrivel,-23.375,-23.375
Enologies,-23.125,-23.125
Transfer,-23.625,-23.625
Klaverns,-23.0,-23.0
Disavaunce,-23.5,-23.5
Scalds,-23.125,-23.125
Lengthsman,-23.25,-23.25
Octopede,-22.875,-22.875
Parody,-23.375,-23.375
Predentata,-23.375,-23.375
Hereditist,-23.0,-23.0
Gangrels,-23.375,-23.375
Amebae,-23.0,-23.0
Masuriums,-23.5,-23.5
Tatarize,-23.625,-23.625
Fortunize,-23.25,-23.25
Colosseum,-23.0,-23.0
Malverse,-23.0,-23.0
Cultivations,-23.375,-23.375
Gradientia,-23.25,-23.25
Somasthenia,-23.0,-23.0
Drepaniform,-23.125,-23.125
Gemuetlich,-23.125,-23.125
Enstate,-23.75,-23.75
Trafficability,-23.125,-23.125
Overwoman,-22.625,-22.625
Radicle,-23.375,-23.375
Trademaster,-23.375,-23.375
Endolaryngeal,-22.875,-22.875
Nonguard,-23.25,-23.25
Adenitis,-23.25,-23.25
Misadventurous,-23.375,-23.375
Wasatch,-22.75,-22.75
Conspissate,-23.375,-23.375
Becalm,-23.0,-23.0
Diocese,-22.75,-22.75
Reoccur,-23.5,-23.5
Yeshiva,-22.75,-22.75
Mandoline,-22.625,-22.625
Nonfighter,-23.0,-23.0
Scrubwoman,-23.125,-23.125
Dimensive,-23.25,-23.25
Pterodactyls,-21.875,-21.875
Lodgeful,-23.0,-23.0
Planariform,-23.375,-23.375
Redemptible,-23.375,-23.375
Marauders,-23.5,-23.5
Kialkee,-22.5,-22.5
Smokestack,-23.125,-23.125
Aglimmer,-23.375,-23.375
Bestraw,-22.75,-22.75
Evanescence,-22.875,-22.875
Decoat,-23.25,-23.25
Ichthyosaurid,-22.625,-22.625
Puinavi,-23.25,-23.25
Disability,-23.375,-23.375
Febricide,-23.25,-23.25
Poundkeeper,-23.0,-23.0
Orthostati,-23.5,-23.5
Harbingership,-23.0,-23.0
Lysine,-23.125,-23.125
Nondiagonal,-23.0,-23.0
Mossiest,-22.875,-22.875
Ghibli,-22.875,-22.875
Internuncios,-23.25,-23.25
Sanghs,-23.125,-23.125
Nonaccentual,-23.875,-23.875
Fullery,-23.125,-23.125
Goitrogen,-23.125,-23.125
Ralstonite,-23.0,-23.0
Kumbuk,-23.125,-23.125
Eludible,-22.75,-22.75
Feeless,-23.125,-23.125
Divertise,-23.5,-23.5
Dermatotherapy,-23.125,-23.125
Bullyrags,-23.125,-23.125
Reposit,-22.875,-22.875
Contraire,-23.0,-23.0
Flavory,-23.0,-23.0
Budgies,-22.375,-22.375
Saintdoms,-23.25,-23.25
Murrain,-23.5,-23.5
Weissnichtwo,-22.625,-22.625
Selfsame,-23.375,-23.375
Psocid,-23.25,-23.25
Complexionist,-23.125,-23.125
Consummates,-23.125,-23.125
Dayside,-23.0,-23.0
Rubificative,-23.375,-23.375
Magnetimeter,-23.125,-23.125
Endoplastron,-22.5,-22.5
Respreads,-23.625,-23.625
Overblind,-23.625,-23.625
Secreta,-23.0,-23.0
Mondego,-22.5,-22.5
Oxalacetic,-22.75,-22.75
Epiceratodus,-22.375,-22.375
Bittiest,-23.25,-23.25
Subungulata,-23.0,-23.0
Coonjine,-23.125,-23.125
Excogitates,-23.0,-23.0
Demulsifier,-23.375,-23.375
Guayroto,-23.25,-23.25
Coyotes,-23.0,-23.0
Fadmonger,-23.375,-23.375
Aerosats,-23.375,-23.375
Rebound,-23.125,-23.125
Multigerm,-23.625,-23.625
Calaboose,-22.875,-22.875
Encapsulate,-23.75,-23.75
Antipendium,-23.375,-23.375
Archetto,-23.125,-23.125
Nondesignate,-23.25,-23.25
Euclidean,-23.25,-23.25
Queenlike,-23.125,-23.125
Vomicine,-23.25,-23.25
Cainite,-22.0,-22.0
Pyelitic,-23.375,-23.375
Thunderers,-23.375,-23.375
Schizocarpic,-23.0,-23.0
Marbles,-22.625,-22.625
Blennies,-22.375,-22.375
Tirrivees,-23.125,-23.125
Adulates,-23.25,-23.25
Omnivision,-23.5,-23.5
Epiperipheral,-23.375,-23.375
Lightplane,-23.25,-23.25
Louses,-23.0,-23.0
Jockstraps,-23.125,-23.125
Genesiology,-23.25,-23.25
Comourn,-23.125,-23.125
Zinckenite,-23.125,-23.125
Applicative,-23.5,-23.5
Doddie,-22.625,-22.625
Virile,-23.25,-23.25
Theatricalise,-23.5,-23.5
Loomfixer,-22.875,-22.875
Breakouts,-23.0,-23.0
Strass,-23.125,-23.125
Atheriogaea,-22.5,-22.5
Hubbub,-22.75,-22.75
Mariticidal,-23.625,-23.625
Backcasts,-23.125,-23.125
Opiumism,-24.125,-24.125
Pheasantry,-23.375,-23.375
Proven,-22.75,-22.75
Arbours,-22.625,-22.625
Chartophylax,-22.75,-22.75
Chaldaism,-23.75,-23.75
Squawkiest,-22.5,-22.5
Nordicism,-23.625,-23.625
Waterproofer,-23.25,-23.25
Fanons,-23.375,-23.375
Beatific,-23.125,-23.125
Dispersonalize,-23.375,-23.375
Brunonism,-23.625,-23.625
Nonpapist,-23.625,-23.625
Semimucous,-23.375,-23.375
Inefficiencies,-23.25,-23.25
Parabiotic,-23.125,-23.125
Overwild,-23.125,-23.125
Slingshot,-23.25,-23.25
Pencilwood,-23.375,-23.375
Delthyria,-22.375,-22.375
Shysters,-22.875,-22.875
Moderant,-23.25,-23.25
Heterocaryosis,-23.125,-23.125
Kiters,-23.0,-23.0
Undulationist,-23.375,-23.375
Junkyards,-23.0,-23.0
Eximidus,-23.0,-23.0
Tetrasporic,-22.875,-22.875
Outwall,-23.125,-23.125
Intune,-23.5,-23.5
Fatuoid,-23.25,-23.25
Occlusor,-23.375,-23.375
Perceivability,-23.625,-23.625
Arugolas,-22.75,-22.75
Pargana,-23.625,-23.625
Workfile,-23.75,-23.75
Rushland,-22.625,-22.625
Byreman,-23.125,-23.125
Warmmess,-23.0,-23.0
Semiannular,-23.375,-23.375
Cryptococcus,-22.375,-22.375
Persecutional,-23.75,-23.75
Cubanize,-23.75,-23.75
Econometrician,-23.5,-23.5
Portunidae,-23.25,-23.25
Barony,-23.0,-23.0
Chirographic,-22.875,-22.875
Dilaniate,-23.25,-23.25
Cloudage,-23.5,-23.5
Nonclimactical,-23.125,-23.125
Bacteriology,-23.25,-23.25
Chingma,-23.625,-23.625
Abstain,-23.25,-23.25
Immask,-23.125,-23.125
Kiteflier,-23.0,-23.0
Psychobiology,-23.375,-23.375
Overprominent,-23.75,-23.75
Limace,-23.0,-23.0
Ethmoid,-23.0,-23.0
Anabaptistic,-23.625,-23.625
Desidious,-23.25,-23.25
Erosional,-23.375,-23.375
Reappraise,-23.25,-23.25
Ephoral,-23.125,-23.125
Ramekin,-23.0,-23.0
Tetragon,-23.0,-23.0
Kvarner,-23.0,-23.0
Avenue,-23.25,-23.25
Psammitic,-23.375,-23.375
Deuterostome,-23.75,-23.75
Untune,-23.375,-23.375
Eclogic,-23.375,-23.375
Skeeters,-22.875,-22.875
Slojds,-23.0,-23.0
Peronium,-23.625,-23.625
Overbrutality,-23.5,-23.5
Postconnubial,-23.0,-23.0
Spermatoxin,-23.125,-23.125
Vaultage,-22.5,-22.5
Corporalities,-22.75,-22.75
Intermingledom,-23.375,-23.375
Brevirostrate,-23.375,-23.375
Netherlandic,-23.375,-23.375
Dekametre,-23.125,-23.125
Platinammin,-23.25,-23.25
Chalazogamy,-22.875,-22.875
Undresses,-23.25,-23.25
Edenic,-23.0,-23.0
Subcircular,-23.75,-23.75
Catnip,-22.875,-22.875
Aviatrix,-22.625,-22.625
Arthroempyema,-22.5,-22.5
Cinnamate,-23.5,-23.5
Smirchless,-23.0,-23.0
Fenner,-23.0,-23.0
Overspun,-23.0,-23.0
Saturnine,-23.125,-23.125
Strongylon,-23.375,-23.375
Octacolic,-23.375,-23.375
Unsight,-23.0,-23.0
Escambio,-23.5,-23.5
Jerque,-23.0,-23.0
Cabiritic,-23.25,-23.25
Lidgate,-23.5,-23.5
Pseudoparesis,-23.0,-23.0
Faradizer,-22.875,-22.875
Quixotry,-23.75,-23.75
Hussies,-22.875,-22.875
Viviparism,-23.375,-23.375
Embryulculci,-23.0,-23.0
Membranous,-23.125,-23.125
Nationless,-23.5,-23.5
Mastabas,-23.25,-23.25
Japanner,-23.875,-23.875
Bargeman,-22.875,-22.875
Oxtongue,-23.5,-23.5
Anomoeanism,-24.25,-24.25
Trisensory,-23.375,-23.375
Irresponsive,-23.625,-23.625
Rockbird,-23.125,-23.125
Forelocks,-22.75,-22.75
Panegyricon,-23.125,-23.125
Distressful,-23.125,-23.125
Alodium,-23.0,-23.0
Berberidaceae,-23.0,-23.0
Depasture,-23.25,-23.25
Xanthinuria,-22.875,-22.875
Prespinous,-23.125,-23.125
Summarizations,-23.5,-23.5
Tettigoniidae,-22.625,-22.625
Ontologise,-24.0,-24.0
Outrede,-23.0,-23.0
Weirder,-23.125,-23.125
Albuminise,-23.125,-23.125
Semiorbiculate,-23.5,-23.5
Preoffer,-23.375,-23.375
Stowaway,-23.0,-23.0
Electrotypy,-23.25,-23.25
Ophian,-23.5,-23.5
Anosmic,-23.25,-23.25
Semiclimber,-23.25,-23.25
Scorpios,-23.25,-23.25
Coarctate,-23.125,-23.125
Limnoria,-23.0,-23.0
Misnarrate,-23.25,-23.25
Pneumococcous,-23.125,-23.125
Jukebox,-23.125,-23.125
Unmonarchical,-23.75,-23.75
Engrosses,-23.25,-23.25
Colonizers,-23.75,-23.75
Outdoor,-22.875,-22.875
Iulidan,-23.0,-23.0
Photodermatism,-23.125,-23.125
Startler,-23.0,-23.0
Marita,-22.875,-22.875
Beqwete,-23.25,-23.25
Limbec,-22.75,-22.75
Glauke,-22.25,-22.25
Imides,-23.25,-23.25
Gadger,-22.75,-22.75
Forams,-22.75,-22.75
Pregame,-23.375,-23.375
Blunnen,-23.0,-23.0
Termites,-22.375,-22.375
Chrysophanic,-23.375,-23.375
Fructoses,-23.0,-23.0
Inability,-23.0,-23.0
Puppyfish,-22.875,-22.875
Mauler,-23.25,-23.25
Erotomania,-23.5,-23.5
Postscripts,-23.375,-23.375
Waferwoman,-22.75,-22.75
Houvari,-23.5,-23.5
Stanjen,-23.0,-23.0
Secularize,-23.875,-23.875
Nomina,-23.25,-23.25
Angiasthenia,-23.0,-23.0
Lacerta,-22.75,-22.75
Beguard,-23.0,-23.0
Flamelike,-23.5,-23.5
Docudrama,-23.0,-23.0
Foretooth,-22.875,-22.875
Bryophyte,-22.75,-22.75
Shanks,-22.875,-22.875
Ichthyal,-22.625,-22.625
Thimbleman,-22.625,-22.625
Ministrate,-23.5,-23.5
Studerite,-23.5,-23.5
Abiogenetical,-23.375,-23.375
Poloniums,-23.75,-23.75
Tidings,-23.125,-23.125
Nematogene,-23.375,-23.375
Lawsuits,-23.5,-23.5
Incomings,-23.5,-23.5
Archdevil,-22.375,-22.375
Conditione,-23.125,-23.125
Mishit,-23.0,-23.0
Guyana,-22.875,-22.875
Peridiniaceae,-23.0,-23.0
Scotomic,-23.0,-23.0
Megatheriidae,-23.0,-23.0
Perreia,-23.25,-23.25
Juggernauts,-23.0,-23.0
Seccotine,-23.625,-23.625
Appreciators,-23.125,-23.125
Cowtail,-23.0,-23.0
Egocentristic,-23.25,-23.25
Nivernaise,-22.75,-22.75
Cancellous,-23.375,-23.375
Urbaner,-23.25,-23.25
Ernest,-22.75,-22.75
Jarvies,-22.625,-22.625
Traitorwise,-23.25,-23.25
Quiets,-23.125,-23.125
Mahjongg,-22.625,-22.625
Bunkery,-23.25,-23.25
Amenability,-23.375,-23.375
Phenotypes,-23.375,-23.375
Paratoluidine,-23.125,-23.125
Sorbate,-23.5,-23.5
Digitals,-23.375,-23.375
Recommender,-23.25,-23.25
Chloropsia,-23.25,-23.25
Figurants,-23.375,-23.375
Nonambitious,-23.375,-23.375
Aerodynes,-23.0,-23.0
Noncomplicity,-23.375,-23.375
Imanlaut,-23.0,-23.0
Betain,-23.0,-23.0
Surmisal,-23.125,-23.125
Unillusory,-23.125,-23.125
Brassies,-22.5,-22.5
Laurelwood,-22.25,-22.25
Wanwit,-23.375,-23.375
Brontolith,-22.75,-22.75
Platinotype,-23.0,-23.0
Subtersurface,-23.5,-23.5
Chemotropic,-23.25,-23.25
Megarensian,-23.25,-23.25
Vargueno,-23.125,-23.125
Reinduce,-23.625,-23.625
Euaster,-23.125,-23.125
Microbe,-23.0,-23.0
Rattlertree,-22.875,-22.875
Empiric,-23.375,-23.375
Indoctrinate,-23.375,-23.375
Sulfion,-23.125,-23.125
Macrodontism,-23.625,-23.625
Lionisers,-23.375,-23.375
Disarmer,-23.25,-23.25
Lamasary,-23.375,-23.375
Nonatmospheric,-23.25,-23.25
Celtist,-23.0,-23.0
Hydrocarbonic,-23.25,-23.25
Consignatary,-23.625,-23.625
Unspatial,-23.125,-23.125
Paella,-22.625,-22.625
Micellae,-22.875,-22.875
Sankhya,-23.25,-23.25
Toxophobia,-22.875,-22.875
Carefuller,-23.125,-23.125
Thermopleion,-23.125,-23.125
Autoloaders,-23.75,-23.75
Endoglobular,-23.5,-23.5
Shapiest,-23.0,-23.0
Slavism,-23.75,-23.75
Teletactile,-23.25,-23.25
Indicter,-23.375,-23.375
Gelder,-23.0,-23.0
Veinwork,-22.875,-22.875
Skatikas,-22.75,-22.75
Metrostaxis,-23.0,-23.0
Egracias,-22.125,-22.125
Stonehatch,-22.75,-22.75
Absolvent,-23.375,-23.375
Epibole,-23.25,-23.25
Reticle,-23.5,-23.5
Expediential,-23.125,-23.125
Supercolumnar,-23.375,-23.375
Outpush,-23.5,-23.5
Oriolidae,-23.625,-23.625
Portas,-23.25,-23.25
Mannites,-22.75,-22.75
Thynnid,-22.875,-22.875
Chaffinch,-23.125,-23.125
Kendir,-23.125,-23.125
Nanosomus,-23.0,-23.0
Magnetosphere,-23.25,-23.25
Gymnoconia,-23.0,-23.0
Furunculus,-23.375,-23.375
Noncyclic,-23.625,-23.625
Semibiologic,-23.25,-23.25
Neoterical,-23.5,-23.5
Hemoplastic,-22.75,-22.75
Lactesce,-23.125,-23.125
Varieties,-23.0,-23.0
Foredates,-23.25,-23.25
Tigerlike,-23.625,-23.625
Confounders,-23.5,-23.5
Queller,-23.0,-23.0
Dietzeite,-22.75,-22.75
Ohmmeters,-22.875,-22.875
Hydatomorphic,-23.5,-23.5
Devalue,-23.5,-23.5
Tenfold,-22.875,-22.875
Shiraz,-23.125,-23.125
Imposthumate,-23.25,-23.25
Antidogmatism,-23.75,-23.75
Fluemen,-23.25,-23.25
Samani,-23.0,-23.0
Ratlins,-23.25,-23.25
Unintegrative,-23.875,-23.875
Squidgier,-23.0,-23.0
Heterosis,-23.5,-23.5
Hijacks,-23.375,-23.375
Potties,-23.25,-23.25
Smellie,-23.25,-23.25
Stoolball,-22.75,-22.75
Podargidae,-23.5,-23.5
Chattelship,-23.25,-23.25
Maturescence,-23.25,-23.25
Ziggurat,-22.625,-22.625
Angiosymphysis,-23.25,-23.25
Caimitillo,-23.0,-23.0
Meringues,-23.25,-23.25
Zymometer,-23.0,-23.0
Overcommit,-23.125,-23.125
Furfuramid,-22.875,-22.875
Tiglon,-23.125,-23.125
Bitonalities,-23.125,-23.125
Toiler,-23.125,-23.125
Tabulare,-23.0,-23.0
Jobarbe,-23.125,-23.125
Bisetose,-23.25,-23.25
Monodist,-23.625,-23.625
Unfoxy,-23.125,-23.125
Lamblike,-23.375,-23.375
Afrikaans,-22.375,-22.375
Rerecord,-23.875,-23.875
Celiac,-22.75,-22.75
Imperialize,-23.625,-23.625
Tinctures,-22.875,-22.875
Polygenesist,-23.375,-23.375
Chervils,-22.75,-22.75
Backwasher,-22.875,-22.875
Lignicolous,-23.125,-23.125
Silvex,-23.375,-23.375
Ectocarpus,-22.375,-22.375
Gastrovascular,-23.0,-23.0
Periodicalism,-23.25,-23.25
Pumice,-23.0,-23.0
Honourless,-23.25,-23.25
Plotless,-23.125,-23.125
Bareges,-23.0,-23.0
Taxameter,-23.0,-23.0
Frippery,-23.125,-23.125
Teamwise,-23.0,-23.0
Presses,-23.0,-23.0
Tetrachlorides,-23.0,-23.0
Mulish,-23.375,-23.375
Hesitance,-23.25,-23.25
Whitestone,-22.625,-22.625
Flypasts,-23.125,-23.125
Petasuses,-22.875,-22.875
Remeet,-23.625,-23.625
Trijugate,-23.5,-23.5
Seamew,-22.25,-22.25
Mammoths,-22.875,-22.875
Tyrannidae,-23.375,-23.375
Nebraskans,-23.125,-23.125
Andvari,-22.75,-22.75
Pelargi,-23.125,-23.125
Aurums,-22.75,-22.75
Dhootie,-23.25,-23.25
Phillumenist,-23.0,-23.0
Protaxial,-23.625,-23.625
Unshackle,-23.25,-23.25
Ericineous,-23.0,-23.0
Demulsion,-23.375,-23.375
Saponine,-23.0,-23.0
Benjamin,-22.5,-22.5
Isolates,-23.125,-23.125
Biospeleology,-23.0,-23.0
Sectarist,-23.5,-23.5
Phoneme,-23.375,-23.375
Rankish,-23.5,-23.5
Tyroglyphid,-22.875,-22.875
Bitterworm,-23.375,-23.375
Kailyards,-23.0,-23.0
Cyphomandra,-23.25,-23.25
Purkinje,-23.375,-23.375
Expropriate,-23.625,-23.625
Unconversion,-23.25,-23.25
Amenta,-23.75,-23.75
Antiquary,-23.625,-23.625
Formulations,-23.25,-23.25
Soffits,-22.875,-22.875
Areola,-23.0,-23.0
Eupnoea,-23.0,-23.0
Grewsomest,-23.125,-23.125
Hellenisticism,-24.0,-24.0
Youdendrift,-23.25,-23.25
Centraxonial,-23.375,-23.375
Discernible,-23.125,-23.125
Motilities,-23.25,-23.25
Inaudibility,-23.125,-23.125
Numnah,-22.625,-22.625
Pronouncer,-23.0,-23.0
Smilacaceae,-23.0,-23.0
Colinearity,-23.375,-23.375
Clamcracker,-23.375,-23.375
Coalmonger,-23.125,-23.125
Banish,-23.375,-23.375
Pareoean,-23.0,-23.0
Timpanums,-22.375,-22.375
Pentameran,-23.375,-23.375
Prorectorate,-23.625,-23.625
Dynamophone,-23.125,-23.125
Medusas,-22.875,-22.875
Unigenous,-23.5,-23.5
Osteoplaque,-22.875,-22.875
Causus,-23.125,-23.125
Despond,-23.125,-23.125
Laudator,-23.5,-23.5
Pyelometry,-23.25,-23.25
Domiciliary,-23.125,-23.125
Largos,-23.125,-23.125
Dorsispinal,-23.125,-23.125
Precis,-23.125,-23.125
Acutorsion,-23.125,-23.125
Ultraservile,-22.75,-22.75
Sphenopsid,-23.125,-23.125
Lepidophyte,-22.75,-22.75
Unblindfold,-23.375,-23.375
Erithacus,-23.375,-23.375
Prizefighters,-23.25,-23.25
Nybble,-22.75,-22.75
Chloridize,-23.5,-23.5
Bacillar,-23.25,-23.25
Jucuna,-23.5,-23.5
Wafters,-22.75,-22.75
Gynecologic,-22.875,-22.875
Outsift,-23.0,-23.0
Explosive,-23.125,-23.125
Pileous,-23.125,-23.125
Xanthogenamide,-22.75,-22.75
Interglandular,-22.875,-22.875
Ptenoglossate,-23.0,-23.0
Distills,-22.75,-22.75
Lambdas,-23.25,-23.25
Tachyon,-22.875,-22.875
Factual,-23.375,-23.375
Cosmism,-23.375,-23.375
Hydrorhizal,-22.75,-22.75
Tegular,-23.125,-23.125
Maddock,-23.25,-23.25
Boltonia,-23.0,-23.0
Dibstones,-23.0,-23.0
Heterotypic,-23.625,-23.625
Oilfishes,-23.0,-23.0
Grinner,-23.0,-23.0
Onionlike,-23.25,-23.25
Excerptive,-23.375,-23.375
Quintes,-23.0,-23.0
Exactest,-22.875,-22.875
Aletocyte,-23.0,-23.0
Suboxid,-23.25,-23.25
Ponderate,-23.375,-23.375
Homilete,-23.125,-23.125
Encephalocele,-23.0,-23.0
Acromial,-23.125,-23.125
Thymoma,-23.25,-23.25
Protoplasmatic,-23.375,-23.375
Sibyls,-22.375,-22.375
Salvors,-22.875,-22.875
Aplacophora,-22.25,-22.25
Unfrolicsome,-23.125,-23.125
Parabotulism,-22.875,-22.875
Samucu,-23.0,-23.0
Mecodonta,-22.875,-22.875
Subversives,-23.875,-23.875
Undeductive,-23.5,-23.5
Uncompass,-23.5,-23.5
Equidiurnal,-23.25,-23.25
Shittim,-22.75,-22.75
Sonship,-22.875,-22.875
Deresinize,-23.5,-23.5
Parage,-23.125,-23.125
Sparrowwort,-22.5,-22.5
Gombroons,-23.0,-23.0
Deaden,-23.0,-23.0
Picador,-23.125,-23.125
Conormal,-23.5,-23.5
Peracid,-23.625,-23.625
Disunify,-23.5,-23.5
Proanaphora,-23.5,-23.5
Scoliotic,-22.75,-22.75
Replacer,-23.375,-23.375
Septemberist,-23.125,-23.125
Populator,-23.375,-23.375
Proletarianism,-24.125,-24.125
Superimposure,-23.375,-23.375
Caricaturists,-23.25,-23.25
Phalangerinae,-23.5,-23.5
Bimensal,-23.125,-23.125
Unconvenience,-23.625,-23.625
Pettah,-23.375,-23.375
Planktont,-22.5,-22.5
Annuitant,-23.375,-23.375
Feticides,-23.5,-23.5
Skilts,-22.875,-22.875
Jointers,-23.375,-23.375
Anagrammatic,-23.25,-23.25
Orguil,-22.875,-22.875
Haftaroth,-23.125,-23.125
Riggal,-22.75,-22.75
Candlers,-23.125,-23.125
Benefactorship,-23.375,-23.375
Unfalsity,-23.75,-23.75
Evolvent,-23.375,-23.375
Frankfold,-23.0,-23.0
Sarcolite,-23.125,-23.125
Indoctrine,-23.125,-23.125
Cobeliever,-23.5,-23.5
Coumarane,-22.875,-22.875
Canoeist,-23.375,-23.375
Syringium,-23.375,-23.375
Nasality,-23.625,-23.625
Topographics,-23.25,-23.25
Haywire,-23.125,-23.125
Mosquitoproof,-23.125,-23.125
Mercantilistic,-23.375,-23.375
Uninterruptive,-23.5,-23.5
Emeril,-22.625,-22.625
Subprior,-23.5,-23.5
Cicurate,-23.125,-23.125
Dracaena,-22.75,-22.75
Unitarist,-23.25,-23.25
Struthioid,-23.25,-23.25
Voorhuis,-22.75,-22.75
Machaira,-23.0,-23.0
Zorotypus,-22.625,-22.625
Spiritrompe,-23.125,-23.125
Evovae,-23.25,-23.25
Sanzen,-22.75,-22.75
Timbreller,-23.125,-23.125
Gateworks,-23.125,-23.125
Sphacelate,-22.875,-22.875
Brideknot,-23.0,-23.0
Lichenicolous,-22.875,-22.875
Xylidines,-23.125,-23.125
Badaxe,-23.0,-23.0
Catalogers,-23.5,-23.5
Scientism,-23.625,-23.625
Zoogamous,-23.0,-23.0
Delphinium,-23.125,-23.125
Tetraspermal,-22.625,-22.625
Priestianity,-23.5,-23.5
Resourceful,-22.75,-22.75
Pressmark,-23.375,-23.375
Honorarium,-23.125,-23.125
Zootomist,-23.625,-23.625
Taeniacide,-23.5,-23.5
Sphenographist,-23.25,-23.25
Nonmitigative,-23.125,-23.125
Hairwood,-23.25,-23.25
Bengali,-23.25,-23.25
Slimnesses,-23.125,-23.125
Holoblastic,-23.25,-23.25
Aeromarine,-22.875,-22.875
Eclaircise,-23.25,-23.25
Musicophysical,-23.0,-23.0
Butterfish,-23.0,-23.0
Lacerate,-23.875,-23.875
Haoles,-22.875,-22.875
Preposterous,-23.125,-23.125
Sauceman,-22.875,-22.875
Preoppressor,-23.875,-23.875
Durban,-22.875,-22.875
Outback,-22.75,-22.75
Heterophaga,-23.0,-23.0
Stravage,-23.125,-23.125
Pignon,-23.25,-23.25
Vinylic,-23.125,-23.125
Hawksbill,-21.625,-21.625
Boothes,-23.0,-23.0
Presuppress,-23.625,-23.625
Deviler,-23.125,-23.125
Lingams,-23.25,-23.25
Allosyndetic,-22.5,-22.5
Pentadicity,-23.625,-23.625
Trematosaurus,-22.5,-22.5
Voices,-22.75,-22.75
Nonsurrender,-23.375,-23.375
Friandise,-22.75,-22.75
Unmagisterial,-23.75,-23.75
Parleyer,-22.5,-22.5
Deckles,-22.875,-22.875
Platings,-23.0,-23.0
Assistances,-22.5,-22.5
Photoradio,-23.0,-23.0
Strives,-23.25,-23.25
Leipzig,-23.0,-23.0
Unexonerative,-23.625,-23.625
Radiatoporous,-23.375,-23.375
Facund,-22.875,-22.875
Pleuronect,-22.5,-22.5
Imbrue,-23.25,-23.25
Broguish,-23.125,-23.125
Cassiopeia,-23.0,-23.0
Antipapacy,-23.625,-23.625
Walkingstick,-23.0,-23.0
Angliae,-23.125,-23.125
Farley,-22.75,-22.75
Marshlands,-22.75,-22.75
Britannian,-22.625,-22.625
Bimetallism,-23.875,-23.875
Dhunchee,-23.25,-23.25
Trigonocerous,-22.5,-22.5
Muzhik,-23.125,-23.125
Carcinogeneses,-23.5,-23.5
Hyperploidy,-23.5,-23.5
Kujawiak,-23.125,-23.125
Haulmiest,-23.625,-23.625
Prehistorics,-23.375,-23.375
Wauchts,-23.125,-23.125
Salamandroid,-23.75,-23.75
Quantimeter,-23.125,-23.125
Waiver,-23.375,-23.375
Naturelike,-23.5,-23.5
Inhumanism,-23.625,-23.625
Outscold,-23.375,-23.375
Safflowers,-22.5,-22.5
Retrample,-23.375,-23.375
Chestnutty,-22.875,-22.875
Tribromide,-23.25,-23.25
Indicavit,-23.375,-23.375
Polyglottonic,-23.0,-23.0
Birdbaths,-22.75,-22.75
Sudatorium,-23.25,-23.25
Manipulability,-23.5,-23.5
Peckhamite,-23.125,-23.125
Imbiber,-23.0,-23.0
Victualer,-23.25,-23.25
Wernerite,-23.0,-23.0
Enswathe,-23.25,-23.25
Anabiotic,-23.0,-23.0
Pssimistical,-23.25,-23.25
Hasteners,-22.75,-22.75
Dandriff,-22.75,-22.75
Kabbala,-23.25,-23.25
Kaoliang,-23.25,-23.25
Weewaw,-23.0,-23.0
Diapasm,-23.25,-23.25
Temptsome,-22.875,-22.875
Gunfires,-23.25,-23.25
Birminghamize,-23.0,-23.0
Protonymph,-23.375,-23.375
Hammaid,-23.125,-23.125
Nestings,-23.125,-23.125
Uncage,-23.25,-23.25
Placaters,-23.375,-23.375
Grifters,-23.125,-23.125
Ascaridol,-23.25,-23.25
Hoplomachy,-23.5,-23.5
Endoarteritis,-23.0,-23.0
Connecters,-23.125,-23.125
Burion,-23.25,-23.25
Waterlandian,-22.75,-22.75
Tamulic,-23.125,-23.125
Stronghand,-23.0,-23.0
Laccoliths,-22.875,-22.875
Berigora,-23.25,-23.25
Postulance,-22.75,-22.75
Cultivars,-23.375,-23.375
Piquiere,-23.625,-23.625
Pilotages,-23.125,-23.125
Oxyamine,-23.375,-23.375
Aldamin,-22.625,-22.625
Apothegmatize,-23.25,-23.25
Siskins,-23.25,-23.25
Gaffsail,-23.25,-23.25
Disamis,-23.625,-23.625
Caesural,-23.25,-23.25
Systemizer,-23.5,-23.5
Novelise,-23.625,-23.625
Craton,-23.25,-23.25
Australian,-22.875,-22.875
Subobtuse,-23.5,-23.5
Semipros,-23.5,-23.5
Nonemulative,-23.25,-23.25
Crimpier,-23.5,-23.5
Outlets,-23.0,-23.0
Dahabiahs,-22.5,-22.5
Stallinger,-23.125,-23.125
Tiglinic,-23.0,-23.0
Dethroner,-23.125,-23.125
Fripper,-23.125,-23.125
Sherardize,-23.0,-23.0
Certosino,-23.625,-23.625
Skimmings,-22.875,-22.875
Unaspersive,-23.375,-23.375
Overwarms,-23.125,-23.125
Abstrusity,-23.125,-23.125
Energism,-23.75,-23.75
Terrorless,-22.875,-22.875
Cembalo,-23.125,-23.125
Camouflage,-23.5,-23.5
Naturize,-23.125,-23.125
Disunite,-23.5,-23.5
Sonatine,-23.25,-23.25
Cnidophobia,-23.25,-23.25
Bottine,-22.75,-22.75
Postcavae,-23.5,-23.5
Tholeiitic,-23.375,-23.375
Alnicoes,-23.125,-23.125
Canister,-22.625,-22.625
Affinity,-23.75,-23.75
Greyhound,-22.625,-22.625
Slavicist,-23.5,-23.5
Skiffs,-22.75,-22.75
Dictaen,-23.375,-23.375
Ouzels,-23.25,-23.25
Forkbeard,-23.125,-23.125
Aftermost,-22.625,-22.625
Clumsiest,-23.0,-23.0
Ectozoa,-23.0,-23.0
Aquarius,-23.0,-23.0
Calamistrate,-23.125,-23.125
Sacristies,-23.25,-23.25
Insectine,-23.0,-23.0
Monogamies,-22.875,-22.875
Bravoite,-22.75,-22.75
Sandkey,-23.25,-23.25
Assurgency,-23.625,-23.625
Logans,-22.875,-22.875
Kibitz,-22.875,-22.875
Shuvra,-23.25,-23.25
Guillotinist,-23.25,-23.25
Milliphot,-23.125,-23.125
Overpost,-23.125,-23.125
Borophenylic,-23.625,-23.625
Kodaker,-23.25,-23.25
Mesopelagic,-23.25,-23.25
Declines,-23.125,-23.125
Wagnerist,-23.375,-23.375
Peacockiest,-22.875,-22.875
Anticonductor,-23.375,-23.375
Retrude,-23.625,-23.625
Sinanthropus,-22.75,-22.75
Unegoist,-23.375,-23.375
Thoughtsick,-23.0,-23.0
Popinac,-23.125,-23.125
Mitrate,-23.375,-23.375
Fabricate,-23.25,-23.25
Landmarks,-22.875,-22.875
Pyrrhuloxia,-23.125,-23.125
Zarnec,-22.625,-22.625
Ampelidae,-23.375,-23.375
Ascitb,-23.375,-23.375
Lowder,-23.25,-23.25
Tallowberry,-22.875,-22.875
Humiture,-23.375,-23.375
Interscendent,-23.625,-23.625
Protovestiary,-23.375,-23.375
Bookmarks,-22.875,-22.875
Manufact,-23.0,-23.0
Redivision,-23.625,-23.625
Unfatalistic,-23.375,-23.375
Kaffraria,-22.75,-22.75
Babool,-22.875,-22.875
Umbilroot,-23.125,-23.125
Barkstone,-23.375,-23.375
Foreheads,-23.125,-23.125
Parapophysis,-23.25,-23.25
Chaconne,-23.375,-23.375
Atlantides,-22.875,-22.875
Caickle,-23.125,-23.125
Enclitic,-23.75,-23.75
Peritoneopexy,-23.0,-23.0
Phlebostrepsis,-22.625,-22.625
Outdraw,-23.375,-23.375
Ninebark,-23.375,-23.375
Redintegrator,-23.625,-23.625
Fossicker,-23.25,-23.25
Heteromya,-23.25,-23.25
Oxidises,-23.125,-23.125
Mortress,-22.5,-22.5
Evident,-23.125,-23.125
Kulmet,-23.375,-23.375
Metamerous,-23.375,-23.375
Panurgic,-23.5,-23.5
Iodoprotein,-23.125,-23.125
Birdseyes,-23.625,-23.625
Smorebro,-22.875,-22.875
Radiotracer,-23.375,-23.375
Breechesflower,-22.375,-22.375
Technology,-23.625,-23.625
Polygamical,-23.125,-23.125
Pluriparity,-23.5,-23.5
Torula,-23.125,-23.125
Sermonish,-23.125,-23.125
Nonbachelor,-23.25,-23.25
Rephael,-23.25,-23.25
Thionate,-23.25,-23.25
Cutwal,-22.875,-22.875
Iodite,-22.875,-22.875
Knobby,-22.625,-22.625
Trinil,-22.875,-22.875
Dentiscalp,-22.625,-22.625
Incrassate,-23.25,-23.25
Gaultheria,-22.625,-22.625
Subdichotomies,-23.5,-23.5
Kronur,-23.0,-23.0
Hornworm,-23.125,-23.125
Industry,-24.0,-24.0
Rheostatic,-23.25,-23.25
Bicaudate,-23.5,-23.5
Fireclay,-23.0,-23.0
Intertown,-22.625,-22.625
Firebreaks,-23.0,-23.0
Pratiloma,-23.5,-23.5
Dopper,-23.125,-23.125
Helicopts,-23.25,-23.25
Whirlicote,-22.875,-22.875
Chechem,-23.5,-23.5
Prowarden,-23.625,-23.625
Untaste,-23.25,-23.25
Lithotrity,-23.125,-23.125
Atumble,-22.875,-22.875
Bequest,-23.25,-23.25
Substrative,-23.25,-23.25
Beautifier,-23.5,-23.5
Betaken,-23.375,-23.375
Irrelevant,-23.0,-23.0
Bilharzial,-22.625,-22.625
Salvator,-23.25,-23.25
Rudbeckia,-22.875,-22.875
Heaters,-23.25,-23.25
Squirreltail,-23.125,-23.125
Campanist,-23.5,-23.5
Noninjurious,-22.875,-22.875
Artifex,-23.0,-23.0
Outlooks,-23.125,-23.125
Wingers,-23.25,-23.25
Nontensile,-23.375,-23.375
Nontherapeutic,-23.375,-23.375
Frouziest,-23.125,-23.125
Preformulate,-23.625,-23.625
Burler,-23.125,-23.125
Imposts,-23.75,-23.75
Gordioid,-22.875,-22.875
Toastee,-22.875,-22.875
Preacherize,-23.625,-23.625
Vyrnwy,-22.625,-22.625
Scabrous,-22.75,-22.75
Intensify,-23.5,-23.5
Thrushel,-22.875,-22.875
Unmilitant,-23.5,-23.5
Replial,-23.25,-23.25
Appointees,-23.5,-23.5
Palaeocene,-23.0,-23.0
Firebases,-22.75,-22.75
Goeduck,-23.0,-23.0
Bloodsuck,-23.0,-23.0
Orangeat,-23.25,-23.25
Metricates,-22.875,-22.875
Cunnings,-23.0,-23.0
Chevrolet,-22.375,-22.375
Polystomata,-23.375,-23.375
Maclurin,-23.5,-23.5
Degummer,-22.875,-22.875
Tallnesses,-22.875,-22.875
Boondocker,-23.625,-23.625
Glucokinin,-22.875,-22.875
Tachisms,-23.125,-23.125
Noninductive,-23.75,-23.75
Hamulous,-23.125,-23.125
Briarberry,-23.0,-23.0
Semiacetic,-23.375,-23.375
Enlight,-23.125,-23.125
Omnivorous,-23.375,-23.375
Demesmerize,-23.375,-23.375
Spleetnew,-23.125,-23.125
Invectives,-23.5,-23.5
Tacheometric,-23.25,-23.25
Nonspill,-22.875,-22.875
Septate,-23.5,-23.5
Stileman,-22.75,-22.75
Perfects,-23.375,-23.375
Patients,-23.0,-23.0
Pretechnical,-23.25,-23.25
Pyroline,-23.0,-23.0
Nonlicit,-23.0,-23.0
Alphonsin,-23.125,-23.125
Paravesical,-23.25,-23.25
Urosomitic,-23.25,-23.25
Pomatoes,-22.75,-22.75
Submerse,-23.5,-23.5
Pupilability,-23.375,-23.375
Eyedroppers,-23.125,-23.125
Amentaceous,-23.0,-23.0
Collectioner,-23.125,-23.125
Emphases,-22.375,-22.375
Rajesh,-22.625,-22.625
Semaphorist,-23.125,-23.125
Fetishize,-22.75,-22.75
Unsnap,-23.25,-23.25
Gelatinigerous,-22.875,-22.875
Goalee,-22.875,-22.875
Achlamydeae,-22.75,-22.75
Colonial,-22.75,-22.75
Tyleberry,-22.75,-22.75
Cavalierish,-23.375,-23.375
Nuthatches,-22.375,-22.375
Pollenite,-22.875,-22.875
Hucklebone,-22.75,-22.75
Autograft,-23.5,-23.5
Cathedras,-23.5,-23.5
Sabulum,-23.5,-23.5
Phlegmless,-23.375,-23.375
Amnion,-23.125,-23.125
Berkeleyism,-23.375,-23.375
Sanhedrim,-22.75,-22.75
Morticians,-22.875,-22.875
Czarism,-23.5,-23.5
Hemicrania,-22.875,-22.875
Innative,-23.375,-23.375
Kukang,-23.5,-23.5
Genioglossus,-23.0,-23.0
Chitarrino,-23.375,-23.375
Harrycane,-23.0,-23.0
Filthless,-23.5,-23.5
Reprints,-23.25,-23.25
Formulators,-23.375,-23.375
Shotguns,-22.875,-22.875
Visceroptotic,-23.0,-23.0
Obovate,-23.5,-23.5
Overwrest,-23.375,-23.375
Bearcoot,-22.875,-22.875
Trasteverine,-22.625,-22.625
Aquinist,-23.5,-23.5
Childes,-22.5,-22.5
Chitarrone,-23.125,-23.125
Sciolisms,-23.5,-23.5
Pellmell,-23.25,-23.25
Apollonian,-23.5,-23.5
Presets,-23.25,-23.25
Barrenest,-22.875,-22.875
Embryologies,-23.125,-23.125
Justifier,-23.375,-23.375
Postlude,-23.0,-23.0
Interenjoy,-23.625,-23.625
Maizenic,-23.625,-23.625
Paragenetic,-23.125,-23.125
Juggins,-22.875,-22.875
Incunabulist,-23.375,-23.375
Empathizes,-22.875,-22.875
Dactylozooid,-22.625,-22.625
Sciurus,-22.875,-22.875
Miliary,-23.125,-23.125
Brazilite,-23.625,-23.625
Gymnoglossa,-22.5,-22.5
Inwreathe,-23.125,-23.125
Bovver,-23.375,-23.375
Epicranium,-22.875,-22.875
Procacious,-23.125,-23.125
Processionals,-23.375,-23.375
Overmonopolize,-23.75,-23.75
Maledict,-23.375,-23.375
Monopodes,-23.0,-23.0
Precommend,-23.875,-23.875
Ferrometer,-23.125,-23.125
Antipass,-23.5,-23.5
Decastich,-23.0,-23.0
Homatomic,-23.625,-23.625
Paedometrical,-23.25,-23.25
Archiheretical,-23.25,-23.25
Acrylaldehyde,-23.25,-23.25
Crampoons,-23.25,-23.25
Exulate,-23.25,-23.25
Waggish,-23.5,-23.5
Cuboctahedron,-22.875,-22.875
Sepoys,-23.5,-23.5
Carmine,-23.125,-23.125
Semiliberal,-23.75,-23.75
Dosimetrist,-23.125,-23.125
Espanol,-23.0,-23.0
Fricti,-23.25,-23.25
Buhrstone,-23.125,-23.125
Acrindoline,-23.25,-23.25
Mediofrontal,-23.375,-23.375
Iotacism,-23.25,-23.25
Cobleskill,-22.75,-22.75
Calvous,-23.5,-23.5
Hetaery,-23.25,-23.25
Muckamuck,-23.125,-23.125
Randite,-23.375,-23.375
Derere,-23.375,-23.375
Melospiza,-22.625,-22.625
Nonpossessive,-23.25,-23.25
Succulence,-22.875,-22.875
Predefence,-23.875,-23.875
Spiraeas,-22.625,-22.625
Gothicism,-23.25,-23.25
Awrong,-23.125,-23.125
Homuncule,-23.125,-23.125
Theatrograph,-22.875,-22.875
Sadducees,-23.875,-23.875
Anthrophore,-23.125,-23.125
Jabules,-23.0,-23.0
Aiolis,-23.125,-23.125
Laryngoscopies,-22.5,-22.5
Unshut,-23.375,-23.375
Ballutes,-23.0,-23.0
Thelemite,-23.125,-23.125
Fishboats,-22.75,-22.75
Ootocoidea,-23.125,-23.125
Invernesses,-23.125,-23.125
Omadhaun,-23.0,-23.0
Ichthyotic,-22.375,-22.375
Reclusery,-23.25,-23.25
Pinecones,-22.5,-22.5
Influenzic,-22.75,-22.75
Esperantist,-23.125,-23.125
Bridelace,-23.0,-23.0
Identism,-23.5,-23.5
Alburnums,-22.75,-22.75
Zombies,-22.625,-22.625
Forthgaze,-23.25,-23.25
Clerids,-23.125,-23.125
Spaghetti,-22.875,-22.875
Warmth,-23.125,-23.125
Pelure,-23.125,-23.125
Lashkar,-23.375,-23.375
Subtepidity,-23.75,-23.75
Psychometry,-23.125,-23.125
Unriddles,-23.375,-23.375
Guider,-23.625,-23.625
Behalves,-23.125,-23.125
Jacobinism,-23.875,-23.875
Swordtail,-23.25,-23.25
Bogota,-23.125,-23.125
Disablers,-23.5,-23.5
Itonidid,-22.875,-22.875
Ovaliform,-23.375,-23.375
Houtou,-23.875,-23.875
Molochs,-23.0,-23.0
Bandits,-23.75,-23.75
Homewort,-23.75,-23.75
Timerity,-23.375,-23.375
Fidepromission,-23.875,-23.875
Sandstone,-22.75,-22.75
Gedunk,-23.0,-23.0
Declivity,-23.0,-23.0
Gabbarts,-22.875,-22.875
Sideroxylon,-22.75,-22.75
Cystoidea,-22.75,-22.75
Bajocco,-23.0,-23.0
Microsporon,-23.0,-23.0
Phlyctenule,-23.0,-23.0
Breakerman,-22.875,-22.875
Moruloid,-23.0,-23.0
Micronutrient,-22.75,-22.75
Cookey,-23.375,-23.375
Underlease,-23.125,-23.125
Sholom,-23.25,-23.25
Glomeruli,-23.5,-23.5
Goatees,-23.375,-23.375
Retwists,-23.375,-23.375
Wlatsome,-23.25,-23.25
Stimulations,-23.0,-23.0
Plaidy,-23.625,-23.625
Stealers,-23.375,-23.375
Cervical,-23.25,-23.25
Diaphoresis,-23.25,-23.25
Blesmol,-23.375,-23.375
Ceramidium,-22.625,-22.625
Doughbellies,-22.75,-22.75
Cornmeal,-22.5,-22.5
Clonicotonic,-22.625,-22.625
Palmitin,-23.0,-23.0
Checkups,-22.5,-22.5
Secretagogue,-23.625,-23.625
Seacrafts,-22.875,-22.875
Polymorphous,-23.625,-23.625
Badger,-23.0,-23.0
Coderives,-23.375,-23.375
Wenchman,-23.625,-23.625
Sharkful,-23.125,-23.125
Phaenogenesis,-23.25,-23.25
Mastmen,-23.0,-23.0
Legitime,-23.375,-23.375
Sciolists,-23.5,-23.5
Notanduda,-23.125,-23.125
Sebiferous,-23.25,-23.25
Organotropic,-23.375,-23.375
Kilobytes,-22.875,-22.875
Prolongs,-22.875,-22.875
Unveil,-23.5,-23.5
Transits,-23.5,-23.5
Novatianist,-23.625,-23.625
Pyropuncture,-23.125,-23.125
Photophysical,-23.125,-23.125
Periwinkler,-23.375,-23.375
Foreteeth,-22.75,-22.75
Theropoda,-23.0,-23.0
Petrogenetic,-23.625,-23.625
Fleuronnee,-22.625,-22.625
Characteries,-23.375,-23.375
Jigget,-22.75,-22.75
Auriphrygia,-23.125,-23.125
Liespfund,-22.75,-22.75
Jujuisms,-23.5,-23.5
Philologastry,-23.375,-23.375
Fakeer,-22.625,-22.625
Soilages,-22.875,-22.875
Encheer,-23.75,-23.75
Overfit,-23.5,-23.5
Areometry,-23.125,-23.125
Goldenest,-23.375,-23.375
Metrectasia,-23.125,-23.125
Backfires,-23.25,-23.25
Fieldleft,-23.5,-23.5
Lavinia,-22.75,-22.75
Knucklier,-23.375,-23.375
Anguses,-22.625,-22.625
Arianizer,-23.625,-23.625
Haplonts,-23.375,-23.375
Substyle,-23.375,-23.375
Erethizontidae,-22.625,-22.625
Balances,-23.625,-23.625
Pyuria,-23.75,-23.75
Temporalism,-23.625,-23.625
Bengal,-23.5,-23.5
Peaces,-23.0,-23.0
Overregulate,-23.25,-23.25
Methodizer,-22.875,-22.875
Hydrophyton,-22.875,-22.875
Leatherboard,-22.875,-22.875
Ornithopoda,-23.125,-23.125
Nonenunciatory,-23.5,-23.5
Whitherward,-23.25,-23.25
Slummage,-23.0,-23.0
Rudimentary,-22.75,-22.75
Turnipwood,-22.75,-22.75
Anteluminary,-23.125,-23.125
Kingship,-23.375,-23.375
Unequability,-23.75,-23.75
Springlock,-23.75,-23.75
Oftwhiles,-22.75,-22.75
Pocketcase,-23.0,-23.0
Confessionist,-23.375,-23.375
Forebode,-23.375,-23.375
Panties,-23.0,-23.0
Lochiocyte,-22.875,-22.875
Menshevist,-23.875,-23.875
Chaptrel,-23.0,-23.0
Wither,-23.125,-23.125
Aspace,-23.25,-23.25
Kitharas,-22.625,-22.625
Bloodlettings,-22.875,-22.875
Squasher,-23.25,-23.25
Umbellales,-23.25,-23.25
Supercelestial,-23.125,-23.125
Gestura,-23.125,-23.125
Reforbid,-23.625,-23.625
Bawlers,-23.0,-23.0
Messianism,-23.5,-23.5
Planful,-22.875,-22.875
Clinocephalus,-22.75,-22.75
Annellata,-22.75,-22.75
Disorganic,-23.625,-23.625
Rebathe,-23.25,-23.25
Jetsam,-22.5,-22.5
Momental,-22.875,-22.875
Modifiability,-23.5,-23.5
Pariglin,-23.125,-23.125
Chokies,-23.25,-23.25
Hacendado,-23.25,-23.25
Heavenliest,-23.5,-23.5
Unpoignant,-23.375,-23.375
Epicardial,-23.375,-23.375
Hyperaeolism,-23.0,-23.0
Immigrations,-23.375,-23.375
Sheriffhood,-23.375,-23.375
Gastrophilism,-23.5,-23.5
Procotton,-23.125,-23.125
Oxytocin,-23.5,-23.5
Aquarid,-23.25,-23.25
Skokiaan,-22.625,-22.625
Phyllodia,-23.25,-23.25
Plateiasmus,-23.25,-23.25
Galleyworm,-23.125,-23.125
Atomician,-23.125,-23.125
Frowst,-23.0,-23.0
Biasses,-23.25,-23.25
Nonorthodox,-23.375,-23.375
Procellariine,-23.0,-23.0
Hymenic,-23.5,-23.5
Epimyocardium,-23.125,-23.125
Dobies,-23.125,-23.125
Resinous,-23.5,-23.5
Tautousious,-23.375,-23.375
Polysiphonous,-23.125,-23.125
Zendician,-23.0,-23.0
Underpetticoat,-22.875,-22.875
Paludamenta,-22.875,-22.875
Titres,-23.125,-23.125
Chansonette,-22.75,-22.75
Gadite,-23.25,-23.25
Barratries,-23.625,-23.625
Ostensory,-23.125,-23.125
Potsies,-22.75,-22.75
Catechistical,-23.0,-23.0
Unoecumenic,-23.375,-23.375
Glossoscopy,-22.875,-22.875
Fidejussionary,-23.375,-23.375
Polyphote,-23.375,-23.375
Quinanarii,-23.25,-23.25
Postmuscular,-23.375,-23.375
Hypsophyllary,-23.375,-23.375
Calotypist,-23.125,-23.125
Oversprung,-23.25,-23.25
Recepts,-23.125,-23.125
Vestries,-23.125,-23.125
Beakiest,-23.0,-23.0
Fibrine,-23.0,-23.0
Hemispasm,-23.25,-23.25
Piscary,-23.375,-23.375
Slugfest,-22.625,-22.625
Fringehead,-23.125,-23.125
Stammel,-23.25,-23.25
Calicate,-23.375,-23.375
Prefurlough,-23.125,-23.125
Rallyings,-23.25,-23.25
Sublacustrine,-23.125,-23.125
Wapitis,-23.25,-23.25
Ruckus,-23.125,-23.125
Protogine,-22.75,-22.75
Unicef,-23.0,-23.0
Monolithic,-23.125,-23.125
Betises,-23.0,-23.0
Planetaries,-23.25,-23.25
Prehesitate,-23.25,-23.25
Intercentral,-23.375,-23.375
Mycobacterial,-22.75,-22.75
Guidecraft,-22.75,-22.75
Aguglia,-23.125,-23.125
Gunarchy,-23.625,-23.625
Feteritas,-23.375,-23.375
Collard,-22.875,-22.875
Wellstrand,-22.25,-22.25
Curvifoliate,-23.0,-23.0
Geoglossum,-23.375,-23.375
Warniss,-23.0,-23.0
Sempiternize,-23.0,-23.0
Malayalam,-23.125,-23.125
Contestate,-23.25,-23.25
Demineralizer,-23.125,-23.125
Caroigne,-23.0,-23.0
Chiavetta,-23.375,-23.375
Balers,-22.875,-22.875
Excepter,-23.125,-23.125
Swordman,-23.125,-23.125
Sketchers,-22.625,-22.625
Blackfishes,-22.375,-22.375
Metroptosis,-23.5,-23.5
Sewround,-22.625,-22.625
Natalian,-22.75,-22.75
Sulphamyl,-23.25,-23.25
Rubythroat,-22.375,-22.375
Treacle,-23.125,-23.125
Monometallism,-23.625,-23.625
Anhydrate,-23.0,-23.0
Postliterate,-23.375,-23.375
Garancine,-23.125,-23.125
Topmost,-23.25,-23.25
Sendal,-23.25,-23.25
Peltae,-23.125,-23.125
Cancerite,-23.25,-23.25
Oxychloric,-23.25,-23.25
Hemistich,-23.25,-23.25
Cherry,-23.125,-23.125
Chugalugs,-22.875,-22.875
Collyria,-22.5,-22.5
Subsimian,-23.25,-23.25
Punatoo,-23.0,-23.0
Sexpots,-23.125,-23.125
Permeates,-23.625,-23.625
Sporotrichosis,-23.0,-23.0
Uncloven,-23.25,-23.25
Cinclus,-22.875,-22.875
Repoll,-23.375,-23.375
Jansenize,-23.0,-23.0
Antidotism,-23.75,-23.75
Impotent,-23.625,-23.625
Haemacytometer,-23.0,-23.0
Priestshire,-22.75,-22.75
Renerve,-23.375,-23.375
Dichotomous,-23.75,-23.75
Kalsomine,-22.875,-22.875
Parosmic,-23.375,-23.375
Episplenitis,-23.125,-23.125
Schemas,-23.125,-23.125
Satinfin,-23.125,-23.125
Synclinical,-23.125,-23.125
Kilocycles,-22.875,-22.875
Devitrify,-23.375,-23.375
Multiengine,-23.375,-23.375
Digenic,-23.5,-23.5
Fiberizer,-23.25,-23.25
Zingel,-23.375,-23.375
Spoonfuls,-22.875,-22.875
Synergic,-23.625,-23.625
Lifeleaf,-23.125,-23.125
Undealt,-23.5,-23.5
Sulphamide,-23.125,-23.125
Coolen,-23.125,-23.125
Handybook,-22.625,-22.625
Procathedrals,-23.0,-23.0
Wapper,-23.125,-23.125
Odontocele,-22.75,-22.75
Joggler,-23.375,-23.375
Lavatories,-22.5,-22.5
Serpette,-22.75,-22.75
Enwood,-23.125,-23.125
Sialoschesis,-22.5,-22.5
Hexamethonium,-23.25,-23.25
Mesarch,-23.25,-23.25
Monothalamic,-23.125,-23.125
Ingrate,-23.625,-23.625
Zongora,-22.875,-22.875
Chrosperma,-23.0,-23.0
Stereography,-23.25,-23.25
Costicartilage,-23.125,-23.125
Spadones,-23.0,-23.0
Pansophist,-23.5,-23.5
Carrocci,-23.25,-23.25
Tither,-23.125,-23.125
Disthrone,-23.5,-23.5
Aptnesses,-23.0,-23.0
Pyopoietic,-23.0,-23.0
Lungworm,-23.125,-23.125
Togger,-23.25,-23.25
Haveage,-23.0,-23.0
Noneugenical,-23.25,-23.25
Velarize,-23.375,-23.375
Blenniid,-22.875,-22.875
Redarken,-23.125,-23.125
Taffia,-23.25,-23.25
Mirepoix,-22.75,-22.75
Taunters,-23.75,-23.75
Caccias,-23.125,-23.125
Epistlers,-23.125,-23.125
Batteuse,-22.875,-22.875
Semiclose,-23.375,-23.375
Chough,-22.875,-22.875
Emirates,-22.75,-22.75
Kindlier,-23.375,-23.375
Underfall,-23.125,-23.125
Millpost,-23.125,-23.125
Ceroline,-22.75,-22.75
Subsecretaries,-23.75,-23.75
Jamlike,-23.0,-23.0
Beryllosis,-23.0,-23.0
Wallful,-23.125,-23.125
Unfrees,-23.25,-23.25
Decream,-23.625,-23.625
Stercoraceous,-22.75,-22.75
Knapbottle,-23.0,-23.0
Treponemiasis,-23.125,-23.125
Glossatorial,-22.875,-22.875
Vaccinias,-22.625,-22.625
Alternity,-23.25,-23.25
Indicia,-23.25,-23.25
Araucano,-23.5,-23.5
Homoiousia,-23.375,-23.375
Mercify,-23.5,-23.5
Heists,-23.125,-23.125
Dialog,-23.375,-23.375
Hildebrandism,-23.625,-23.625
Barret,-22.625,-22.625
Hellholes,-22.5,-22.5
Deificatory,-23.5,-23.5
Ambisinister,-23.375,-23.375
Fluoridize,-23.0,-23.0
Vaginicoline,-23.125,-23.125
Birdfarms,-22.75,-22.75
Supersafe,-23.625,-23.625
Refrigerative,-23.25,-23.25
Ploughshoe,-23.125,-23.125
Galvanist,-23.0,-23.0
Slotbacks,-23.0,-23.0
Cephaline,-23.0,-23.0
Carolina,-22.875,-22.875
Animus,-22.375,-22.375
Erbium,-23.5,-23.5
Unpenitential,-23.75,-23.75
Subnotational,-23.5,-23.5
Lipoblastoma,-23.25,-23.25
Quaggiest,-22.875,-22.875
Subsensuous,-23.25,-23.25
Cartouches,-23.625,-23.625
Scutch,-22.5,-22.5
Raunge,-23.125,-23.125
Lifeward,-23.0,-23.0
Kieserite,-23.5,-23.5
Pearmain,-23.125,-23.125
Acetamidine,-22.875,-22.875
Underkingdom,-23.125,-23.125
Bannerfish,-23.0,-23.0
Airiferous,-23.5,-23.5
Doubts,-23.125,-23.125
Dadupanthi,-22.75,-22.75
Sulfureous,-23.25,-23.25
Chamade,-23.125,-23.125
Nitrator,-23.25,-23.25
Vingtieme,-23.0,-23.0
Retrovision,-23.125,-23.125
Paratomium,-23.375,-23.375
Monoxime,-23.375,-23.375
Interborough,-22.875,-22.875
Bowsie,-23.375,-23.375
Shofars,-23.0,-23.0
Dicyanide,-23.375,-23.375
Extreat,-23.5,-23.5
Burgages,-23.0,-23.0
Apaesthesia,-23.125,-23.125
Didromy,-23.0,-23.0
Innate,-23.0,-23.0
Pylethrombosis,-22.5,-22.5
Snecks,-22.75,-22.75
Perigenital,-23.125,-23.125
Lamentory,-23.375,-23.375
Assentient,-22.625,-22.625
Bovids,-22.75,-22.75
Sunnyasse,-23.125,-23.125
Underdraft,-23.375,-23.375
Mellific,-22.625,-22.625
Ownership,-23.75,-23.75
Muscarine,-23.375,-23.375
Agastric,-23.25,-23.25
Physiatrics,-22.875,-22.875
Myomorphic,-23.25,-23.25
Onondaga,-23.0,-23.0
Diphenyls,-23.0,-23.0
Remargin,-23.125,-23.125
Cazimi,-23.375,-23.375
Ethmolachrymal,-23.0,-23.0
Inventress,-23.375,-23.375
Abnormalise,-23.375,-23.375
Pawnbroker,-22.875,-22.875
Goniotropous,-22.875,-22.875
Dimmer,-23.75,-23.75
Odontotormae,-23.125,-23.125
Inexpensive,-23.0,-23.0
Condemnatory,-23.375,-23.375
Practicianism,-23.375,-23.375
Predeposit,-23.375,-23.375
Becalms,-23.125,-23.125
Moldwarp,-22.375,-22.375
Grundyist,-23.0,-23.0
Augmentor,-23.125,-23.125
Whippertail,-22.625,-22.625
Monoflagellate,-23.25,-23.25
Nepouite,-23.25,-23.25
Metranemia,-23.0,-23.0
Syriacism,-23.625,-23.625
Metronomical,-23.5,-23.5
Nonembryonal,-23.375,-23.375
Albatrosses,-22.75,-22.75
Hypophyseal,-23.125,-23.125
Tittivator,-23.0,-23.0
Limeless,-22.875,-22.875
Antidemocracy,-23.625,-23.625
Phousdar,-23.375,-23.375
Hinderlins,-23.125,-23.125
Hector,-22.625,-22.625
Dollhouse,-22.875,-22.875
Sarcoadenoma,-23.0,-23.0
Agamist,-23.0,-23.0
Graunt,-23.125,-23.125
Skilfish,-23.25,-23.25
Auditual,-23.0,-23.0
Gilliflower,-22.5,-22.5
Dinitrile,-23.25,-23.25
Ringgit,-23.25,-23.25
Polytopical,-23.125,-23.125
Phalanges,-23.25,-23.25
Bloomage,-23.0,-23.0
Shacklebone,-22.875,-22.875
Oscillometer,-23.25,-23.25
Rolamites,-23.375,-23.375
Scovel,-22.375,-22.375
Fuseboard,-23.375,-23.375
Capitasti,-23.0,-23.0
Antikinase,-23.375,-23.375
Gombay,-23.125,-23.125
Neutrophile,-23.25,-23.25
Gastrotricha,-22.0,-22.0
Standup,-23.375,-23.375
Pyromellitic,-23.125,-23.125
Coalsack,-23.0,-23.0
Subpools,-23.5,-23.5
Sideshake,-23.375,-23.375
Protension,-23.375,-23.375
Lenaeus,-22.5,-22.5
Quadrennia,-23.0,-23.0
Lotuslike,-23.375,-23.375
Philotherian,-23.5,-23.5
Columbines,-22.5,-22.5
Squillitic,-23.375,-23.375
Carate,-23.25,-23.25
Assigns,-22.875,-22.875
Reheal,-23.0,-23.0
Shoggie,-22.75,-22.75
Volost,-23.125,-23.125
Lancelets,-22.0,-22.0
Angiopressure,-23.25,-23.25
Eurasian,-23.375,-23.375
Counterparadox,-23.25,-23.25
Antienthusiast,-23.625,-23.625
Slivery,-23.5,-23.5
Cosmosophy,-23.25,-23.25
Trichinous,-23.25,-23.25
Anthomedusan,-23.0,-23.0
Flavours,-22.75,-22.75
Vasospasm,-23.375,-23.375
Fictionize,-23.25,-23.25
Myonema,-23.5,-23.5
Hopple,-23.125,-23.125
Steelhead,-22.875,-22.875
Neolalia,-23.125,-23.125
Lissotrichy,-23.125,-23.125
Doings,-23.0,-23.0
Angelolatry,-23.625,-23.625
Schnitz,-22.625,-22.625
Plasmolysis,-23.125,-23.125
Constances,-23.5,-23.5
Equiarticulate,-23.5,-23.5
Gratias,-23.0,-23.0
Thelion,-23.25,-23.25
Syllabe,-23.5,-23.5
Apandry,-23.375,-23.375
Thyreoid,-22.875,-22.875
Polyonomy,-23.375,-23.375
Furciform,-23.125,-23.125
Emperil,-23.25,-23.25
Cabook,-23.25,-23.25
Sorbian,-23.5,-23.5
Handlooms,-23.125,-23.125
Jageer,-23.125,-23.125
Trisyllabical,-23.0,-23.0
Houndsbane,-22.5,-22.5
Salesmanship,-23.0,-23.0
Jigaboos,-23.25,-23.25
Tungstosilicic,-22.5,-22.5
Winegrower,-23.125,-23.125
Hymenopter,-23.25,-23.25
Gauzelike,-23.375,-23.375
Concipiency,-23.625,-23.625
Meager,-22.625,-22.625
Pullicat,-23.0,-23.0
Mediumism,-23.375,-23.375
Hammam,-23.125,-23.125
Unvicious,-23.5,-23.5
Solidus,-23.0,-23.0
Mispassion,-23.625,-23.625
Effuse,-23.375,-23.375
Spadefish,-22.625,-22.625
Basiphobia,-23.5,-23.5
Retromingent,-23.5,-23.5
Interjaculate,-23.125,-23.125
Bangtails,-23.875,-23.875
Yorker,-23.0,-23.0
Palmus,-22.875,-22.875
Stratojet,-23.0,-23.0
Collectivize,-23.75,-23.75
Neurones,-23.0,-23.0
Eurodollar,-23.375,-23.375
Forbore,-23.375,-23.375
Blenniiform,-22.75,-22.75
Barbra,-22.625,-22.625
Fretsaws,-22.75,-22.75
Postauditory,-23.5,-23.5
Excambion,-23.5,-23.5
Fedifragous,-23.625,-23.625
Keelhale,-22.875,-22.875
Palpulus,-23.25,-23.25
Relativistic,-23.25,-23.25
Interrenalism,-23.375,-23.375
Circaetus,-22.75,-22.75
Psychorealist,-23.375,-23.375
Kalamian,-23.0,-23.0
Godmotherhood,-23.875,-23.875
Keraunophone,-22.875,-22.875
Anthropoidal,-23.125,-23.125
Retrim,-23.5,-23.5
Tillman,-22.5,-22.5
Unhabituate,-23.125,-23.125
Goneoclinic,-23.125,-23.125
Pawnors,-23.125,-23.125
Isotrimorphous,-23.375,-23.375
Encephalosis,-23.375,-23.375
Pilosine,-23.0,-23.0
Slovak,-22.625,-22.625
Warrty,-22.875,-22.875
Arythmias,-22.5,-22.5
Bacterioidal,-23.25,-23.25
Prelect,-23.375,-23.375
Pictographic,-23.375,-23.375
Yellowman,-23.375,-23.375
Guttee,-23.5,-23.5
Millimicron,-23.375,-23.375
Spacewoman,-22.875,-22.875
Sawsharper,-22.625,-22.625
Prodigy,-23.0,-23.0
Choriocele,-23.125,-23.125
Wheretill,-22.875,-22.875
Ampelidaceae,-22.75,-22.75
Caulicule,-22.875,-22.875
Tanneries,-23.25,-23.25
Paralogism,-24.0,-24.0
Problematic,-23.25,-23.25
Sylvate,-22.625,-22.625
Jaspagate,-23.375,-23.375
Anauxite,-22.625,-22.625
Caiman,-23.5,-23.5
Aubrieta,-22.5,-22.5
Diamondize,-23.375,-23.375
Sickener,-23.25,-23.25
Plagianthus,-23.5,-23.5
Halifax,-22.5,-22.5
Guitar,-22.75,-22.75
Hickish,-22.875,-22.875
Wavelet,-23.125,-23.125
Oblata,-22.875,-22.875
Ampulliform,-23.25,-23.25
Pantofles,-22.75,-22.75
Chelem,-23.0,-23.0
Proctodeum,-23.125,-23.125
Kinsman,-23.0,-23.0
Waterbrose,-22.75,-22.75
Haulages,-23.25,-23.25
Headreach,-22.875,-22.875
Kalathoi,-23.125,-23.125
Semicitizen,-23.125,-23.125
Balatas,-23.25,-23.25
Omnipotent,-23.25,-23.25
Carotenoid,-23.375,-23.375
Morencite,-23.25,-23.25
Halteres,-22.875,-22.875
Hooven,-23.5,-23.5
Flajolotite,-23.0,-23.0
Plighters,-23.5,-23.5
Enmeshments,-23.625,-23.625
Dissocialize,-23.5,-23.5
Worriecow,-22.875,-22.875
Brassie,-22.625,-22.625
Alogism,-23.375,-23.375
Romipetal,-23.0,-23.0
Conatural,-23.5,-23.5
Melanics,-23.625,-23.625
Misdesire,-23.75,-23.75
Hingers,-22.875,-22.875
Uninuclear,-23.625,-23.625
Nontheoretical,-23.25,-23.25
Broomwood,-23.0,-23.0
Duodenum,-23.375,-23.375
Shillelah,-23.0,-23.0
Dublin,-22.875,-22.875
Rantism,-24.0,-24.0
Keyster,-22.875,-22.875
Customizer,-23.75,-23.75
Pashaship,-23.375,-23.375
Epitrichium,-23.375,-23.375
Puritanizer,-23.625,-23.625
Unneural,-23.375,-23.375
Mareschal,-23.625,-23.625
Cotillon,-22.375,-22.375
Bursters,-23.25,-23.25
Carcinophagous,-23.125,-23.125
Technonomic,-23.25,-23.25
Backboards,-23.0,-23.0
Koeksotenok,-22.875,-22.875
Clinoprism,-23.375,-23.375
Ultralenient,-23.5,-23.5
Reenter,-23.25,-23.25
Karpas,-23.375,-23.375
Begiggle,-23.0,-23.0
Squacco,-23.875,-23.875
Propacifist,-23.875,-23.875
Zwinglianism,-23.75,-23.75
Tackleless,-23.375,-23.375
Foiler,-23.5,-23.5
Precursors,-22.75,-22.75
Glaires,-22.75,-22.75
Recock,-23.25,-23.25
Ataxiagram,-23.5,-23.5
Nomadism,-23.75,-23.75
Negqtiator,-23.0,-23.0
Estrade,-23.125,-23.125
Trophobiosis,-23.375,-23.375
Extensor,-23.625,-23.625
Tautegory,-23.375,-23.375
Chytrid,-22.625,-22.625
Redelivery,-23.5,-23.5
Recodifies,-23.0,-23.0
Uranalysis,-23.25,-23.25
Rabble,-23.125,-23.125
Piddock,-23.0,-23.0
Clubhands,-22.625,-22.625
Snapwood,-23.125,-23.125
Guelph,-23.5,-23.5
Micrandrous,-22.625,-22.625
Deguelin,-23.625,-23.625
Bunglings,-23.25,-23.25
Counter,-23.375,-23.375
Smallnesses,-23.5,-23.5
Caruncular,-23.375,-23.375
Diatessaron,-23.25,-23.25
Sleighs,-22.875,-22.875
Mastiffs,-22.25,-22.25
Alphosises,-22.75,-22.75
Guajira,-22.625,-22.625
