,delta_org_minus_base
h497,0.00020096302032468483
h742,0.00019415915012355178
h409,0.0001761343330144438
h77,0.00017507895827295616
h354,0.00017249584197998047
h198,0.00016188398003580406
h103,0.00016170889139177635
h538,0.00015189647674562767
h208,0.00014619566500195802
h501,0.00014564916491510704
h167,0.0001428730785846266
h762,0.0001426793634891066
h630,0.00013765282928945854
h327,0.00013582892715924277
h173,0.00013409927487373352
h777,0.00013326257467272118
h226,0.00013029910624029473
h635,0.0001298464834690316
h710,0.00012774206697940826
h647,0.0001259889453649743
h171,0.0001259140670298864
h429,0.00012475550174717576
h109,0.000124393031001091
h204,0.00011978931725031838
h251,0.00011655651032926873
h620,0.00011483244597909614
h331,0.00011418089270587295
h467,0.00011285990476606056
h4,0.00011175274848940209
h72,0.00011044442653651565
h743,0.00011027380824091271
h289,0.00010902099311349556
h290,0.00010876022279260322
h547,0.00010873489081852927
h52,0.00010585971176624298
h385,0.00010539107024665206
h425,0.00010443553328509658
h417,0.00010368525981907517
h767,0.00010341107845313058
h256,0.00010332167148585647
h18,0.00010196119546890259
h179,0.00010144412517554269
h142,0.00010057203471658394
h263,0.00010030940175054237
h140,9.967163205137908e-05
h67,9.932629764075607e-05
h200,9.912662208089174e-05
h261,9.855404496195153e-05
h616,9.66385006904158e-05
h21,9.615235030646652e-05
h427,9.527429938316345e-05
h735,9.507834911337554e-05
h406,9.465180337420165e-05
h376,9.403973817823097e-05
h312,9.189657866948142e-05
h238,9.133629500868157e-05
h101,9.063594043257073e-05
h284,9.053610265252754e-05
h494,8.962601423267991e-05
h355,8.851662278175354e-05
h66,8.842870593073204e-05
h509,8.771568536758423e-05
h195,8.680820465090111e-05
h83,8.652061223990426e-05
h561,8.617453277104392e-05
h17,8.559338748459488e-05
h624,8.536204695697158e-05
h502,8.455924689776406e-05
h430,8.4196031093553e-05
h446,8.402951061725616e-05
h626,8.30385833978653e-05
h281,8.302070200438827e-05
h121,8.155591785907745e-05
h470,8.097849786281586e-05
h539,8.075423538689286e-05
h14,8.007176220414802e-05
h358,7.905960083010033e-05
h139,7.833875715734795e-05
h782,7.816925644876793e-05
h524,7.77479261160341e-05
h464,7.77382403612803e-05
h315,7.768087089066178e-05
h228,7.706470787527397e-05
h75,7.68747180699414e-05
h381,7.662884891035393e-05
h756,7.640346884729698e-05
h421,7.639676332471534e-05
h212,7.599182426931694e-05
h38,7.485710084442765e-05
h431,7.378682494163513e-05
h688,7.331855595116288e-05
h621,7.33051449059996e-05
h712,7.317997515199348e-05
h750,7.23388046026674e-05
h391,7.231608033186898e-05
h26,7.195211946964264e-05
h50,7.164366543288558e-05
h378,7.153078913679778e-05
h257,7.102824747562408e-05
h373,7.000751793384552e-05
h387,6.989911198618248e-05
h408,6.968937814233467e-05
h280,6.94766640663147e-05
h476,6.911680102350548e-05
h768,6.891824305055305e-05
h0,6.888173520569474e-05
h20,6.866492331025764e-05
h112,6.852000951773629e-05
h730,6.851740181446075e-05
h377,6.834566593172386e-05
h541,6.833709776410402e-05
h725,6.826817989347145e-05
h597,6.766542792324692e-05
h510,6.590411067008972e-05
h181,6.52588903903295e-05
h138,6.444193422794342e-05
h143,6.415806710713401e-05
h276,6.3788518309571e-05
h339,6.33958727120909e-05
h70,6.328895688056946e-05
h500,6.164126098151534e-05
h674,6.077140569693551e-05
h347,6.050504744048446e-05
h63,6.027221679694161e-05
h120,6.0257315635747766e-05
h205,6.020441651344299e-05
h29,5.987212061875358e-05
h87,5.838312208650276e-05
h593,5.803368985646262e-05
h523,5.734823644154563e-05
h319,5.714185535909966e-05
h571,5.71116805075933e-05
h64,5.6529417634010315e-05
h39,5.648471415042877e-05
h221,5.555115640165642e-05
h404,5.525723099708557e-05
h690,5.520768463607162e-05
h536,5.2898004651136254e-05
h400,5.182996392250061e-05
h314,5.167946219453157e-05
h670,5.1653757691449975e-05
h642,5.1552057266146534e-05
h16,5.144402384760216e-05
h441,5.111955106262833e-05
h669,5.1113218069054334e-05
h579,5.105435848240525e-05
h689,5.0827488303206714e-05
h748,5.074590444564819e-05
h529,5.0569325685589916e-05
h706,5.0414726138092725e-05
h117,4.9566850066185e-05
h755,4.945322871208191e-05
h715,4.9064680934018945e-05
h148,4.898421466348335e-05
h521,4.8576667904920434e-05
h489,4.827864468093246e-05
h590,4.8037990927674024e-05
h572,4.765652120108932e-05
h48,4.730150103571251e-05
h720,4.7129020094849317e-05
h665,4.63303178549479e-05
h770,4.557818174355521e-05
h413,4.547350108619064e-05
h328,4.540346562864617e-05
h627,4.5369565486841346e-05
h595,4.534646868714631e-05
h332,4.51844185590522e-05
h611,4.4541433453559875e-05
h384,4.442818462846443e-05
h168,4.4245645403839795e-05
h699,4.422739148146615e-05
h40,4.4068694114662854e-05
h74,4.3886899948164526e-05
h716,4.385039210319519e-05
h32,4.374161362652451e-05
h325,4.365704953668281e-05
h125,4.3495744466826025e-05
h116,4.3279677629515234e-05
h337,4.286393523222909e-05
h764,4.18093055486457e-05
h132,4.18018549681598e-05
h105,4.153065383427634e-05
h398,4.128478467468888e-05
h390,4.106797277925178e-05
h166,4.091262817385033e-05
h352,4.090741276741028e-05
h495,4.011020064353943e-05
h215,4.004910588262245e-05
h58,3.9937719702787255e-05
h156,3.983452916145325e-05
h693,3.972463309764862e-05
h433,3.936365246781648e-05
h322,3.936290740969017e-05
h424,3.9315596222833094e-05
h214,3.9168074727036206e-05
h242,3.8807466626211706e-05
h165,3.839209675782218e-05
h54,3.79662960767746e-05
h544,3.780163824551597e-05
h684,3.7714466452620776e-05
h146,3.737322986130387e-05
h85,3.684312105178833e-05
h650,3.670677542688683e-05
h36,3.6157295107863696e-05
h763,3.6007910966806556e-05
h551,3.581754863268838e-05
h5,3.505796194080979e-05
h244,3.495849668977424e-05
h637,3.481991589071587e-05
h252,3.4610182046868054e-05
h687,3.458671271805436e-05
h100,3.4532323479607996e-05
h623,3.448016941542953e-05
h439,3.447644412513107e-05
h102,3.408044576647118e-05
h757,3.3989548683166504e-05
h584,3.3941864967412805e-05
h508,3.383792936806351e-05
h677,3.3524259924866406e-05
h704,3.3090263605206616e-05
h771,3.283619880667388e-05
h216,3.2779201865174024e-05
h405,3.272928297515243e-05
h234,3.252513706675231e-05
h247,3.196299076080322e-05
h164,3.18329781293647e-05
h159,3.1793490052223206e-05
h45,3.1650811433747705e-05
h278,3.148950636389092e-05
h203,3.1205266714073865e-05
h499,3.0981004238039844e-05
h564,3.0625239014647754e-05
h686,3.041699528694153e-05
h288,3.0178576707839966e-05
h59,2.9772520065307617e-05
h90,2.917312085626289e-05
h442,2.9167532920815198e-05
h217,2.904720604424149e-05
h471,2.8229132294610437e-05
h698,2.7961656451247485e-05
h356,2.7412548661231995e-05
h343,2.6999041438102722e-05
h360,2.687275409707368e-05
h91,2.6739761233240955e-05
h537,2.671331167214408e-05
h678,2.666376531124115e-05
h456,2.6298686861991882e-05
h306,2.6018917560599597e-05
h147,2.5914236903235022e-05
h172,2.554692327971786e-05
h271,2.513714134688705e-05
h28,2.4560466408751758e-05
h448,2.4529173970222473e-05
h411,2.4107471108480993e-05
h56,2.364777028562859e-05
h230,2.3288279771715992e-05
h236,2.325177192685768e-05
h608,2.3069232702233045e-05
h44,2.2960454225451343e-05
h326,2.285763621334702e-05
h752,2.2747740149542395e-05
h57,2.2442266345068518e-05
h259,2.241209149356216e-05
h317,2.225041389469773e-05
h11,2.1361187100388257e-05
h490,2.1153315901800696e-05
h249,2.104192972185448e-05
h1,2.085380256167113e-05
h196,2.054721117028535e-05
h578,2.014636993408203e-05
h188,1.950711011877715e-05
h267,1.9182637333914343e-05
h459,1.8998235464029456e-05
h759,1.886598765854508e-05
h619,1.8837675452298974e-05
h369,1.855492591862351e-05
h638,1.821145415303871e-05
h574,1.7875805497169495e-05
h719,1.765750348559081e-05
h672,1.7364695668153907e-05
h412,1.731067895893723e-05
h130,1.66185200214386e-05
h447,1.638419926164314e-05
h396,1.6171112656615527e-05
h335,1.5712156891778406e-05
h583,1.54595822096093e-05
h169,1.5415623784043042e-05
h731,1.5251338481903076e-05
h774,1.5101954340845936e-05
h480,1.5008822083384388e-05
h118,1.4903396368004529e-05
h329,1.4834478497482984e-05
h566,1.4640763401962964e-05
h517,1.458749175065055e-05
h588,1.4521926641530847e-05
h27,1.4477223157838282e-05
h262,1.4332681894324573e-05
h246,1.4265626668952258e-05
h88,1.4264881610936975e-05
h606,1.389719545841217e-05
h436,1.3896450400285865e-05
h526,1.3868510723158423e-05
h33,1.3804063200950623e-05
h346,1.3740360736869128e-05
h383,1.3550743460655212e-05
h248,1.334436237820924e-05
h260,1.2992694974012231e-05
h617,1.2855231761976782e-05
h666,1.2760236859366003e-05
h591,1.2707337737172253e-05
h43,1.200512051580116e-05
h324,1.1952593922615051e-05
h272,1.1698156595296716e-05
h34,1.1568516492865832e-05
h633,1.0975822806402746e-05
h241,1.046992838382721e-05
h49,1.0028854012578137e-05
h496,9.924173355102539e-06
h707,9.900331497170178e-06
h128,9.723007678985596e-06
h207,9.319558739617761e-06
h294,9.192153811454773e-06
h235,9.000673890091626e-06
h657,8.666887879371643e-06
h250,8.317828178339148e-06
h403,8.177384734131543e-06
h350,7.918104529380798e-06
h540,7.792189717359399e-06
h428,7.75679945952401e-06
h113,7.502734661102295e-06
h24,7.022172212600708e-06
h736,6.975978612877576e-06
h416,6.937980651877673e-06
h392,6.857886910460742e-06
h644,6.741657853193139e-06
h379,6.1854720115883666e-06
h397,6.14374876017898e-06
h293,6.126612424828259e-06
h308,5.821511149362024e-06
h484,5.699321627639087e-06
h372,5.645304918311389e-06
h460,5.5655837059021e-06
h749,5.467981100126806e-06
h2,5.29363751411438e-06
h275,5.232170224189758e-06
h62,4.5046210288557376e-06
h586,4.417449235960547e-06
h137,4.258751869157251e-06
h761,4.16822731497124e-06
h594,3.996118903115686e-06
h613,3.949552774384912e-06
h445,3.863498568623669e-06
h534,3.6537647247758542e-06
h69,3.4149736165556277e-06
h444,3.2316893339157104e-06
h602,2.582743763968054e-06
h270,2.466514706589429e-06
h592,2.2873282432556152e-06
h565,2.0347535609754885e-06
h161,2.0019710063046148e-06
h511,1.9390136003494263e-06
h388,1.7549842595832033e-06
h258,1.5996396541817504e-06
h152,1.5355646610926144e-06
h675,1.5009194611614873e-06
h178,1.4852732420633785e-06
h779,1.248344778992383e-06
h532,9.980052709801512e-07
h711,7.212162017600221e-07
h646,5.114823580232297e-07
h741,1.4789402480452907e-07
h15,2.607703164514419e-09
h766,0.0
h769,-7.450581263057643e-10
h765,-8.121132843985635e-08
h773,-1.0512769222925655e-06
h733,-1.1712312698586302e-06
h51,-1.3478100300279294e-06
h222,-1.3843178749972651e-06
h175,-1.501664519287793e-06
h434,-1.6257166862709838e-06
h577,-1.7169862985833007e-06
h582,-2.143159508749548e-06
h224,-2.3987144230908086e-06
h106,-2.4706125258955325e-06
h555,-2.528354525521692e-06
h535,-2.6885420083555545e-06
h229,-2.766400575615613e-06
h493,-2.865120768635876e-06
h615,-2.8740614652633667e-06
h596,-2.9884278773817385e-06
h320,-3.279373049780432e-06
h458,-3.41162085537583e-06
h740,-3.5427510738372803e-06
h119,-3.6202371119786747e-06
h323,-3.8709491491095704e-06
h73,-3.921985626265112e-06
h89,-4.0549784898757935e-06
h440,-4.081800580091333e-06
h641,-4.1924417019112425e-06
h395,-4.546344280265124e-06
h359,-4.57614660265282e-06
h694,-4.956126213095935e-06
h477,-4.9747526645882445e-06
h123,-5.024299025602197e-06
h184,-5.142763257026672e-06
h581,-5.557015538171228e-06
h157,-5.601719021752771e-06
h604,-5.644932389192725e-06
h399,-5.770102143309863e-06
h658,-5.824491381645203e-06
h475,-5.826354026794434e-06
h528,-5.887076258703772e-06
h419,-6.614252924919128e-06
h506,-6.830692291237561e-06
h420,-7.06501305103302e-06
h655,-7.514283061005322e-06
h705,-7.7553093432714e-06
h94,-8.283555507637708e-06
h144,-8.496269583657678e-06
h775,-8.542090654373169e-06
h231,-8.553266525268555e-06
h305,-8.802488446257861e-06
h131,-9.373202919937818e-06
h162,-9.553134441397937e-06
h546,-9.747967124051904e-06
h614,-9.831786155656275e-06
h199,-1.0134279727957995e-05
h622,-1.029819250109032e-05
h567,-1.1153146624476307e-05
h482,-1.124516129491493e-05
h573,-1.1590868234656604e-05
h783,-1.1606886982984399e-05
h353,-1.176670193681062e-05
h273,-1.1953338980630335e-05
h338,-1.2006610631942749e-05
h218,-1.2431293725967407e-05
h154,-1.2544915080070496e-05
h158,-1.31949782371521e-05
h418,-1.3419613242193762e-05
h653,-1.3529509305998388e-05
h700,-1.3661384582475122e-05
h155,-1.4122575521469116e-05
h277,-1.4897063374541553e-05
h189,-1.5104562044121472e-05
h3,-1.546628773207992e-05
h744,-1.5528500080130847e-05
h9,-1.605786383152008e-05
h697,-1.6068667173407825e-05
h309,-1.608170568945244e-05
h264,-1.6112625598863062e-05
h197,-1.6484037041686328e-05
h134,-1.6697496175832605e-05
h452,-1.7154961824417114e-05
h728,-1.7561018466949463e-05
h491,-1.8231570720672607e-05
h568,-1.8341094255469592e-05
h520,-1.8431618809766626e-05
h185,-1.860074698922798e-05
h336,-1.866184175014496e-05
h307,-1.8702074885412756e-05
h71,-1.8962845206194068e-05
h190,-1.9045919179894177e-05
h667,-1.956485211840331e-05
h151,-1.9840523600600513e-05
h639,-1.98896974324958e-05
h533,-2.0008161663920276e-05
h99,-2.0126625895455774e-05
h8,-2.0156428217954492e-05
h525,-2.0162388682298804e-05
h380,-2.0230188965797424e-05
h92,-2.036541700356498e-05
h245,-2.070032060141891e-05
h449,-2.0945444703102112e-05
h7,-2.1253526210851525e-05
h745,-2.129524946214989e-05
h129,-2.1554902195908276e-05
h68,-2.1655485033966748e-05
h311,-2.172216773033142e-05
h282,-2.2154673934071667e-05
h253,-2.218298614020675e-05
h122,-2.2707507014274597e-05
h180,-2.2931396961300976e-05
h737,-2.2979453206062317e-05
h225,-2.3177638650007104e-05
h503,-2.370737493040398e-05
h213,-2.382993698113456e-05
h111,-2.3830309510253223e-05
h531,-2.3860111832640918e-05
h371,-2.393350005147621e-05
h340,-2.4339556694008557e-05
h629,-2.4595856666587146e-05
h570,-2.480745315547317e-05
h457,-2.5013834238030164e-05
h708,-2.5046616792701037e-05
h673,-2.5112554430939404e-05
h301,-2.5151669979073255e-05
h683,-2.531930804250404e-05
h375,-2.5577470660120838e-05
h93,-2.6122108101933605e-05
h219,-2.6258453726724085e-05
h625,-2.630352973931327e-05
h696,-2.652108669276565e-05
h498,-2.654828131198883e-05
h556,-2.699382603166267e-05
h265,-2.7723610401153564e-05
h316,-2.7786567807108753e-05
h727,-2.8070807456925806e-05
h176,-2.814307808873817e-05
h345,-2.831257879731819e-05
h643,-2.86102294921875e-05
h86,-2.8643012046858374e-05
h751,-2.868324518201515e-05
h569,-2.8687715530439917e-05
h554,-2.892129123210907e-05
h135,-2.895556390281051e-05
h739,-2.8967857360839844e-05
h648,-2.915449440477058e-05
h772,-2.9236823320344385e-05
h760,-3.0183419585161353e-05
h98,-3.0183792114280017e-05
h237,-3.0430406331993787e-05
h576,-3.0535459518366004e-05
h177,-3.066584467892319e-05
h349,-3.0853226780869214e-05
h174,-3.1021609902315284e-05
h550,-3.1306967139266284e-05
h79,-3.1572207808583386e-05
h610,-3.185495734214783e-05
h46,-3.186948597422301e-05
h542,-3.188326954839393e-05
h605,-3.204233944409385e-05
h691,-3.207139670846626e-05
h193,-3.237389028076798e-05
h25,-3.2551586627960205e-05
h483,-3.306604921815559e-05
h466,-3.324896097189889e-05
h485,-3.342479467383086e-05
h300,-3.3529102802298816e-05
h351,-3.3792853355363306e-05
h472,-3.390908241263091e-05
h649,-3.4692138433434216e-05
h145,-3.481581807129874e-05
h612,-3.492198884480491e-05
h42,-3.576725721365914e-05
h124,-3.577060997483894e-05
h632,-3.5939365625403674e-05
h287,-3.633089363574982e-05
h455,-3.668628633024529e-05
h474,-3.670416772361129e-05
h160,-3.671199083332688e-05
h318,-3.6735087633132935e-05
h513,-3.691278398032516e-05
h296,-3.7103891372680664e-05
h368,-3.754720091819763e-05
h709,-3.767944872379303e-05
h153,-3.7743151187874524e-05
h601,-3.786683082585007e-05
h233,-3.821030259132385e-05
h451,-3.82993370294793e-05
h291,-3.855340182778999e-05
h726,-3.873296082024247e-05
h366,-3.900937736034393e-05
h432,-3.90108674763745e-05
h127,-3.9045512676194605e-05
h426,-3.91155481338501e-05
h303,-3.919266164309487e-05
h31,-3.9239227771825647e-05
h220,-3.930814564234719e-05
h96,-3.949329257002532e-05
h12,-3.959909081452384e-05
h313,-3.997907042507798e-05
h60,-3.9983913302399365e-05
h374,-4.0199980139710156e-05
h717,-4.030130803578391e-05
h97,-4.069022834307656e-05
h575,-4.083476960659027e-05
h661,-4.090294241909653e-05
h35,-4.0981546044371875e-05
h435,-4.120171070098877e-05
h453,-4.1830167174294886e-05
h552,-4.192329943175643e-05
h285,-4.2433664202645716e-05
h334,-4.247836768633828e-05
h681,-4.2715668678305896e-05
h437,-4.275552928445503e-05
h492,-4.3025240302085876e-05
h194,-4.368685185907051e-05
h80,-4.414133727548286e-05
h6,-4.4186413288072046e-05
h149,-4.425644874572754e-05
h298,-4.50417399405767e-05
h778,-4.508160054683685e-05
h211,-4.522949457164138e-05
h423,-4.546381533143684e-05
h341,-4.626810550689697e-05
h269,-4.629939794542626e-05
h382,-4.6431645751021655e-05
h365,-4.6730786562032556e-05
h348,-4.677064716818169e-05
h104,-4.728399217124313e-05
h656,-4.729554057125718e-05
h530,-4.736557602891267e-05
h268,-4.7434493899323193e-05
h295,-4.810839891433716e-05
h598,-4.870034754278496e-05
h223,-4.879161715509728e-05
h47,-4.955343902113274e-05
h239,-4.9593672156289514e-05
h713,-5.0084665417671204e-05
h201,-5.0608441233723767e-05
h660,-5.074851214881271e-05
h682,-5.0970539450689856e-05
h279,-5.113482475282982e-05
h723,-5.113631486886039e-05
h512,-5.158856511111587e-05
h364,-5.229413509366676e-05
h636,-5.2684172987982336e-05
h274,-5.2765756845429834e-05
h136,-5.294345319273308e-05
h545,-5.3224340081259314e-05
h721,-5.340017378330231e-05
h679,-5.368143320083618e-05
h662,-5.368925631055177e-05
h410,-5.433112382879912e-05
h465,-5.4887682199411536e-05
h389,-5.494095385072395e-05
h600,-5.536749959000886e-05
h65,-5.5368617176920765e-05
h486,-5.59147447347641e-05
h254,-5.639418959624276e-05
h680,-5.673989653587341e-05
h473,-5.686543881888717e-05
h747,-5.7369470596313477e-05
h108,-5.772858858110741e-05
h562,-5.797371268279061e-05
h543,-5.809105932708114e-05
h187,-5.904473364348739e-05
h240,-5.91818243265152e-05
h243,-5.9696286916710584e-05
h609,-5.98900020122306e-05
h478,-5.989558994778932e-05
h414,-6.119310855867699e-05
h110,-6.156228482723236e-05
h553,-6.160363554952308e-05
h580,-6.166175007815689e-05
h344,-6.171241402630478e-05
h302,-6.266608834260001e-05
h654,-6.284229457376167e-05
h599,-6.292313337319388e-05
h746,-6.332769989969567e-05
h232,-6.344728171825409e-05
h407,-6.378255784511566e-05
h781,-6.380453705789879e-05
h692,-6.508938968174949e-05
h507,-6.649717688567147e-05
h286,-6.686002016065284e-05
h454,-6.7372620105699e-05
h738,-6.7930668592453e-05
h557,-6.838403642184243e-05
h722,-6.931200623516709e-05
h651,-6.93451613188456e-05
h618,-7.158666849138573e-05
h718,-7.226243615154893e-05
h170,-7.2424486279421e-05
h361,-7.269978523261056e-05
h469,-7.280744612214729e-05
h753,-7.290206849575043e-05
h659,-7.348209619528756e-05
h558,-7.353276014332444e-05
h304,-7.406994700431824e-05
h283,-7.42446631193383e-05
h362,-7.438473403453827e-05
h82,-7.446855306625366e-05
h685,-7.449574768547684e-05
h209,-7.482394576074913e-05
h13,-7.498599588873223e-05
h422,-7.498860359189674e-05
h266,-7.520131766802773e-05
h729,-7.528252899646759e-05
h652,-7.546357810495063e-05
h479,-7.576122879981995e-05
h628,-7.589571177957222e-05
h631,-7.60287046431829e-05
h191,-7.617101073265076e-05
h292,-7.640980184075996e-05
h724,-7.728226482861533e-05
h640,-7.739700376985237e-05
h732,-7.747635245325402e-05
h255,-7.814057171351418e-05
h55,-7.821992039680481e-05
h126,-7.825344800949097e-05
h115,-7.907487452030182e-05
h776,-7.910318672654792e-05
h37,-7.919892668717399e-05
h676,-7.97715038061142e-05
h714,-7.988065481179252e-05
h192,-7.988475263120964e-05
h163,-7.995553314688042e-05
h95,-8.132494986057281e-05
h559,-8.13569873572284e-05
h527,-8.164346218109131e-05
h450,-8.174367249003112e-05
h607,-8.181557059283584e-05
h78,-8.21426510810852e-05
h297,-8.239373564722374e-05
h227,-8.30385833978653e-05
h518,-8.31071287393792e-05
h415,-8.36402177810669e-05
h589,-8.380040526390076e-05
h84,-8.390396833424241e-05
h560,-8.488595485678374e-05
h703,-8.53855162858963e-05
h19,-8.544847369196251e-05
h504,-8.55483114720057e-05
h41,-8.570291101939187e-05
h206,-8.668266236777633e-05
h321,-8.6955726146698e-05
h780,-8.697770535948113e-05
h367,-8.821934461589187e-05
h668,-8.835606276991204e-05
h186,-8.871443569657966e-05
h587,-8.920207619667053e-05
h23,-8.927136659619972e-05
h394,-8.959732949731514e-05
h22,-8.960478007791206e-05
h671,-8.963532745831504e-05
h61,-9.01728868484275e-05
h357,-9.052827954292297e-05
h330,-9.082108736035988e-05
h481,-9.093470871446296e-05
h81,-9.137317538254752e-05
h701,-9.27221029997094e-05
h549,-9.282119572162628e-05
h603,-9.32198017835617e-05
h10,-9.474605321879714e-05
h461,-9.586252272131279e-05
h515,-9.666718542566954e-05
h133,-9.743981063359275e-05
h386,-9.797103703024224e-05
h342,-0.00010226517915723488
h487,-0.0001029428094625473
h514,-0.00010421276092531517
h505,-0.00010636709630484908
h393,-0.00010701380670075089
h310,-0.00010743960738179847
h468,-0.00010764263570306465
h182,-0.0001077745109796524
h114,-0.00010858140885827705
h30,-0.00010875463485715553
h664,-0.0001093003898858802
h463,-0.0001096494495869127
h519,-0.00011020004749295875
h438,-0.00011079087853427261
h370,-0.00011109709739676177
h202,-0.00011137761175639138
h401,-0.00011150017380712196
h76,-0.00011160783469676971
h150,-0.00011168085038670839
h645,-0.00011619478464131028
h585,-0.00011671185493467018
h522,-0.00011724196374418572
h488,-0.00011783577501767173
h758,-0.0001206945627927336
h548,-0.00012128315865989059
h210,-0.00012228861451146766
h183,-0.0001229606568813324
h107,-0.00012475773692133263
h299,-0.0001252356916666697
h462,-0.0001281715929507543
h734,-0.00012857988476755455
h663,-0.0001287013292312622
h634,-0.00012873485684394836
h702,-0.00013277307152748108
h402,-0.00013430118560797677
h363,-0.00013841129839420319
h333,-0.0001388024538755417
h563,-0.0001422025263310145
h516,-0.0001659940928221415
h754,-0.0001795616000891398
h443,-0.00018001794815059036
h53,-0.00018048882484433815
h141,-0.00019136033952238396
h695,-0.0002185594290495807
