entity,pc1_score,l2_delta
Counter,517.3876,525.2115
Ownership,478.40442,486.3987
Serial,464.44238,469.57333
American,460.19144,466.3582
Because,444.11926,451.6282
Outdoor,408.8955,421.93124
Dialog,193.09804,220.9476
Layout,171.18542,200.7946
Technology,147.3573,167.74753
Industry,32.170696,89.55742
Phlebostrepsis,22.719576,203.2994
Transfer,20.001137,98.919655
Sortilegi,17.609327,182.29494
Hydrophyton,17.179522,130.26492
Monopodes,16.76311,228.94673
Misadventurous,16.30183,93.35647
Sempiternize,15.055197,185.23055
Cainite,14.708918,201.19028
Preposterous,12.799633,95.0356
Campanist,12.415481,119.67936
Eclaircise,11.723162,152.08182
Tinpot,11.233469,116.12329
Spathous,11.132249,95.89787
Proseman,10.955865,118.38841
Microsporon,10.928675,97.41356
Redemptible,10.883156,68.47494
Signlike,10.873074,133.02681
Bargeman,10.462884,78.671234
Devitrify,10.436206,185.28574
Unveil,10.235907,73.174255
Heiressdom,10.214125,126.51515
Stepony,10.108867,116.921936
Shysters,10.098455,91.25327
Conuzee,10.04408,87.710014
Repoll,10.042307,73.81798
Jabules,9.630483,110.35489
Phyllostomous,9.620792,110.75473
Abstain,9.472664,58.841537
Spiritrompe,9.245622,103.818085
Shanks,9.080731,81.810905
Polygamian,9.032052,101.32699
Ponderate,8.890637,102.5341
Autodidactic,8.885135,81.10741
Lavinia,8.867338,131.07121
Workfile,8.866833,91.006966
Biasses,8.585005,96.77991
Ranches,8.474194,79.685394
Depeach,8.468167,83.01195
Evident,8.45796,71.06404
Jarsful,8.42825,143.8609
Prizefighters,8.267387,110.764404
Harbingership,8.105899,116.44622
Uninuclear,8.038328,66.279396
Dayside,8.024194,87.02772
Hemistich,7.973709,103.35736
Iulidan,7.911429,107.404884
Eigenstate,7.90337,80.8277
Skokiaan,7.843789,188.98631
Semicitizen,7.696323,91.33311
Wallful,7.660177,94.96576
Splashboard,7.655802,115.31176
Euphonous,7.6118436,85.40802
Imitate,7.575652,105.26861
Enwisen,7.5756006,71.26444
Inheritrice,7.553538,68.60723
Dedicational,7.534802,99.03661
Endoarteritis,7.4840646,78.57006
Factual,7.392503,66.16751
Siccative,7.384632,101.06592
Biogeographers,7.3578024,104.846985
Postconnubial,7.338521,98.41302
Morencite,7.327787,127.61893
Lernaea,7.3027797,87.04888
Ubiquitary,7.2999396,108.38455
Heists,7.2077026,77.99493
Veinwork,7.1979275,100.853355
Culicid,7.18188,81.65958
Nonsurrender,7.137079,68.81049
Wanwit,7.130437,94.99299
Pheasantry,7.1280622,78.04557
Photothermic,7.0319424,81.862625
Vestries,6.922502,253.29967
Fantasias,6.915566,59.130444
Cicurate,6.8977504,82.614174
Quadrennia,6.8493223,116.58501
Calicate,6.8136287,84.35703
Metropolitical,6.812254,114.02172
Polysiphonous,6.8012323,101.24939
Foretooth,6.7881155,51.26099
Nasalizes,6.7827287,99.44504
Burler,6.77821,72.91488
Gordioid,6.7404885,85.30828
Paragraphs,6.7325,101.86229
Fishboats,6.732437,76.387245
Hermitry,6.71044,74.27636
Psocid,6.6089897,83.324
Underfelt,6.599315,161.56854
Chopstick,6.5943103,72.48245
Engold,6.550289,84.84837
Dignitarial,6.53534,68.881386
Esperantist,6.520589,82.21271
Crampoons,6.51486,133.74127
Musicophysical,6.4796767,61.256096
Compunct,6.4682913,61.72353
Jointers,6.4552193,50.39769
Extenuative,6.4100375,139.72269
Polytopical,6.405446,77.6521
Nongrey,6.4050975,81.4602
Justine,6.4000926,83.19866
Noncomplicity,6.356325,112.1933
Umbellales,6.3379683,106.72387
Plumelets,6.3024945,118.38819
Dualin,6.299159,120.5956
Phenylic,6.25909,80.678734
Babeldom,6.226415,68.50236
Expellee,6.201477,100.607124
Butterfish,6.1783814,86.57403
Omadhaun,6.165918,53.38746
Pastoral,6.1639147,50.768276
Stowaway,6.1367097,49.622498
Partiary,6.1103244,104.00402
Bethreaten,6.0975747,82.14877
Thelion,6.063201,79.38836
Homewort,6.0521674,71.07834
Tholus,6.0454006,113.980545
Kristen,6.029509,72.17658
Backwasher,6.006,77.74023
Victimizer,6.0011125,109.66041
Dispersible,5.978731,51.252182
Visceroptotic,5.967357,77.91413
Zemindars,5.9649115,102.57198
Birdseyes,5.964379,74.103745
Disgorge,5.961971,76.077446
Misdesire,5.95591,77.573006
Kailyards,5.908923,65.191734
Myophysical,5.906611,126.83302
Chlorococcus,5.904633,114.46145
Fossicker,5.9033694,107.91414
Denervate,5.8738866,66.81637
Candlers,5.8308983,93.53579
Heresimach,5.827408,76.04134
Amphiploid,5.8267307,55.836136
Sciolists,5.810037,107.14505
Inactions,5.803891,77.96456
Empiric,5.796136,68.60303
Nounless,5.789916,96.775085
Ascaridol,5.765669,79.70709
Slavicist,5.743817,122.93394
Subtarget,5.704963,78.29241
Ornithopoda,5.647415,68.25316
Micronutrient,5.636832,46.002674
Betaken,5.616299,121.94527
Gauzelike,5.570672,82.11227
Pregenital,5.5517025,101.25614
Phlebalgia,5.5472636,137.72084
Wingers,5.5243826,37.061512
Zincify,5.50761,84.54093
Barrenest,5.5043044,146.71619
Trestlework,5.486929,65.861534
Readvise,5.4739723,78.84073
Segmentary,5.4675694,101.54691
Disavaunce,5.4635034,60.89555
Devalue,5.4326158,46.016945
Nonbachelor,5.431917,71.28656
Phosphatidic,5.417067,54.773045
Warmmess,5.4029818,163.31529
Submediocre,5.39941,110.40338
Monodist,5.3969045,57.813824
Whalemen,5.381574,57.176437
Genioglossus,5.3741503,63.727837
Mahjongg,5.3714314,67.30138
Overpost,5.333409,102.30327
Victualer,5.3217306,84.7109
Japanner,5.309933,70.15889
Uncompass,5.3031435,67.929016
Sheriffhood,5.301497,69.11432
Hartake,5.294962,92.672966
Nontensile,5.263774,67.95045
Haemolytic,5.2591166,47.162968
Guidecraft,5.2070746,62.998653
Uncage,5.1972857,107.53073
Jansenize,5.1922455,101.978966
Affinity,5.187574,58.750214
Agamist,5.186306,85.70458
Operette,5.1813087,64.70938
Expropriate,5.1677146,64.03216
Smokestack,5.1656237,73.34372
Wauchts,5.161767,78.582565
Subsensuous,5.1394935,110.750885
Viscoid,5.1323237,54.02001
Plaidy,5.1264186,81.37038
Hesperinon,5.118735,69.61335
Daughtership,5.1172447,132.95692
Appointees,5.0909405,57.21038
Autograft,5.0888395,61.19257
Dracaena,5.088362,52.923332
Cuneiform,5.081993,53.61673
Disseizor,5.0612435,169.28827
Greyhound,5.056345,49.397102
Overregulate,5.027647,54.450855
Iodite,5.027447,76.37284
Rooflike,4.991249,49.401703
Annuitant,4.9754524,56.22996
Deiphobus,4.953388,121.93825
Nonsupervision,4.952201,77.93435
Narrators,4.9352326,40.632706
Outlooks,4.926429,90.59003
Vinylic,4.9215364,80.14595
Memorial,4.913795,42.26134
Antidemocracy,4.9014564,53.691105
Summerhouse,4.89059,62.880253
Iotacism,4.87862,85.96552
Subahdary,4.862117,100.29868
Repulseproof,4.8594913,94.28256
Ascendent,4.857231,46.709637
Alodium,4.847965,94.11439
Twiglet,4.8365784,69.58333
Supervisionary,4.8215513,58.978054
Emeril,4.8193216,70.52424
Rebound,4.818445,50.34232
Toiler,4.80987,67.34634
Bolsterwork,4.8037877,58.255062
Depertible,4.7807617,98.379875
Defamers,4.7803116,76.1585
Adenitis,4.77996,116.715225
Hector,4.7734365,85.795
Cyphomandra,4.771215,86.80236
Interminister,4.7576737,59.325134
Guitar,4.7511663,42.08398
Winegrower,4.749765,42.25412
Semisixth,4.7478514,100.44048
Enmeshments,4.7330966,94.89
Benefactorship,4.7217326,68.636505
Zinckenite,4.699526,70.806946
Resourceful,4.6951675,49.671673
Warrand,4.6923447,63.311195
Rajesh,4.6881566,82.47517
Gynecologic,4.654844,45.288074
Processionals,4.6505504,81.93318
Waggish,4.6354694,78.414604
Rerecord,4.6328864,80.87769
Skiffs,4.614182,53.239845
Anisotropous,4.6112537,89.03281
Rabble,4.6027293,55.697323
Pericarpic,4.5938625,97.74102
Allosyndetic,4.5865216,118.46011
Paragenetic,4.5828276,79.377335
Marita,4.5682273,94.68817
Respreads,4.555547,79.97546
Awrong,4.5537114,69.232735
Joggler,4.5392222,67.38229
Puinavi,4.525534,63.81354
Bannerfish,4.51719,69.21418
Yeshiva,4.516709,60.001743
Studerite,4.510161,72.3373
Pyromellitic,4.4986343,78.57391
Diabetogenic,4.498259,58.727497
Ichthyal,4.496728,63.86536
Carolina,4.493306,48.915
Reappraise,4.489961,100.237816
Objector,4.485832,57.034325
Nomadism,4.4684267,46.84433
Papuan,4.466699,58.833065
Amenability,4.46182,72.281235
Noninjurious,4.449929,56.628117
Forthgaze,4.449006,59.517353
Moderant,4.447001,66.50175
Goatees,4.4297905,109.823204
Nonabrasive,4.427527,86.51795
Blenniiform,4.3761644,55.09299
Hasteners,4.3758717,94.77176
Defensible,4.372247,78.793205
Overwrest,4.344983,55.163822
Allosaurus,4.343158,61.264423
Darren,4.3424406,72.81371
Hideout,4.3383427,47.38665
Ectocondyle,4.3228936,82.55139
Legitime,4.300924,89.980804
Archetto,4.300513,97.1492
Desidious,4.2984037,71.66146
Reheal,4.2790112,88.82709
Whipstaves,4.2695007,60.776733
Horticulturist,4.26431,57.47446
Jerque,4.2565293,58.480423
Amorphous,4.255985,50.519756
Pipestems,4.241685,83.83113
Domiciliary,4.206315,60.932163
Undealt,4.2004743,66.06783
Glossatorial,4.1971545,93.898636
Distills,4.1935387,65.71225
Doddie,4.1918693,81.672874
Billionaire,4.189032,45.519394
Regalty,4.1795955,69.64798
Arythmias,4.178502,109.213234
Sesbania,4.164442,66.415665
Numnah,4.152491,147.45042
Summarizations,4.1512485,62.945976
Becalms,4.150295,100.83972
Polyonomy,4.148643,101.78772
Indefectible,4.146404,88.82951
Polygamical,4.1365995,85.01554
Mayvin,4.1343255,53.96271
Nitrator,4.131261,55.9984
Laudator,4.1304913,83.56717
Watercolourist,4.124935,31.625021
Demulsion,4.1242175,58.869164
Negqtiator,4.116383,62.141438
Urosomitic,4.112237,81.44945
Liespfund,4.104605,77.166435
Popode,4.1037726,119.97174
Reposit,4.102244,57.4477
Remagnify,4.101833,71.08227
Unillusory,4.1013002,59.86652
Salvator,4.0957823,69.5227
Farley,4.090101,50.719414
Aglimmer,4.086468,75.37591
Undignify,4.085891,66.03896
Holoblastic,4.0855865,82.359924
Multiframe,4.076273,63.276047
Sauceman,4.0723004,56.760403
Paratoluidine,4.0621305,85.47838
Subcircular,4.052276,57.66537
Aquarid,4.04698,67.178085
Subprior,4.041513,44.879635
Protogine,4.0279784,101.94057
Fizzer,4.01206,65.00141
Wakeless,3.9900446,72.531624
Schooler,3.979356,65.99028
Blasties,3.970818,60.41851
Mandil,3.965685,76.624374
Ultrasubtle,3.9568117,62.08723
Gunter,3.9528384,67.71567
Stippler,3.9503238,54.818935
Polarographic,3.9416668,55.41706
Tesack,3.9405746,69.81139
Gaultheria,3.937252,67.47596
Prognathous,3.9363935,60.4006
Effuse,3.9342818,64.73834
Dictaen,3.9318988,78.38689
Waddings,3.9208424,87.15439
Grifters,3.91827,65.14861
Shotguns,3.915434,45.56829
Monotrochian,3.9031267,78.85742
Prepositorial,3.8955653,132.16602
Despond,3.885553,47.018196
Spaghetti,3.8833606,57.562725
Skeeters,3.8809867,109.24512
Euaster,3.8780584,55.1065
Evanescence,3.8728573,73.54809
Jetsam,3.8706465,57.882435
Protension,3.8502576,75.303696
Premierships,3.848401,83.73934
Romipetal,3.8401794,78.99247
Deaden,3.8343563,58.45186
Fugacious,3.8162136,70.50573
Exactest,3.8108375,100.60594
Cubanize,3.8034182,57.45569
Corporalities,3.7937524,41.500008
Arugolas,3.7899404,116.133
Upscrew,3.7864196,82.01715
Abnormalise,3.7677872,54.773117
Encheer,3.754679,102.734314
Nationless,3.7236972,52.310387
Chaconne,3.708587,56.29348
Durban,3.7052138,48.64055
Periwinkler,3.6988406,108.91623
Carcinologist,3.695933,63.83873
Prowarden,3.69355,60.909744
Banish,3.6869152,42.11952
Bodywise,3.6848495,56.229126
Nonprofession,3.6796157,48.246964
Ernest,3.6737692,65.39756
Jigget,3.6562283,87.27023
Barkstone,3.637856,56.383133
Chechem,3.630401,82.522606
Heresiologist,3.6220212,82.3292
Teamwise,3.614241,75.07429
Aptnesses,3.6138637,46.61698
Pronouncer,3.5854886,49.447876
Marshlands,3.5812368,41.838726
Chondrectomy,3.5780492,52.2072
Quantimeter,3.573639,55.615658
Miliary,3.5703926,62.34635
Yellowman,3.5574787,56.216095
Gemmologists,3.5528586,42.78334
Skimmings,3.5446343,84.06593
Circaetus,3.540155,73.81884
Lawsuits,3.5308473,49.71976
Ephoral,3.5267732,81.16965
Nonlicit,3.524467,71.21864
Quixotry,3.524121,71.77557
Hubbub,3.520731,54.555786
Stronghand,3.518238,72.64187
Postdiastolic,3.51746,66.528656
Toastee,3.5152326,91.27641
Canoeist,3.513457,50.54629
Haoles,3.5133567,72.86939
Extensor,3.5133228,47.166687
Scaphion,3.50852,57.70976
Acupuncturists,3.5021143,45.155045
Inexpensive,3.49812,44.78348
Epistemologist,3.494315,61.632717
Dispassion,3.4897618,47.969868
Petrogenetic,3.4878178,59.321774
Acroatic,3.4875605,79.419525
Otectomy,3.4839115,64.80378
Chaprassi,3.4798903,79.519226
Metabolic,3.4767907,41.145973
Homonomy,3.471484,63.897434
Parody,3.4675457,45.4953
Postscripts,3.4594848,46.478584
Disunite,3.4468722,95.75891
Megarensian,3.4437935,83.909935
Cornmeal,3.4394946,50.73536
Alumite,3.4260883,52.790382
Erectile,3.4194694,40.16911
Wheretill,3.4176223,124.50007
Gemmate,3.4170465,67.161835
Collyria,3.3986194,67.681244
Enclitic,3.3955514,64.915436
Preclaimant,3.3928926,66.64257
Mesopelagic,3.3920152,56.95526
Postface,3.3860052,45.698982
Bacterioidal,3.3856401,84.07777
Tetrachlorides,3.3833904,60.52249
Dacoitage,3.3796878,123.75494
Galleyworm,3.3754582,63.55042
Traitorwise,3.368575,70.92542
Honourless,3.367885,72.78085
Beqwete,3.3607574,69.79222
Navels,3.3547153,92.06057
Bitonalities,3.352111,76.6302
Degummer,3.3391027,62.01926
Unpropellent,3.3304114,77.15595
Doctoral,3.3247104,51.33454
Overdebilitate,3.3236032,66.334435
Anomoeanism,3.3232923,50.29624
Assigns,3.3201084,42.984177
Primogenial,3.3149261,65.21473
Desecrations,3.2882962,48.97217
Applicative,3.28725,46.632557
Wavelet,3.2826362,39.78779
Polyglottonic,3.2753325,68.12094
Sanhedrim,3.272375,108.67939
Scutch,3.2711382,69.27838
Incunabulist,3.2668014,83.91035
Multiengine,3.2667205,50.77606
Pareoean,3.257261,79.86751
Modifies,3.2561913,69.331436
Preacherize,3.2558484,101.46753
Yeomen,3.2552123,58.3052
Flexion,3.2461681,45.813545
Herbaceous,3.2439249,51.407978
Limace,3.2372103,59.100906
Almsgiver,3.2362256,51.87902
Midlatitude,3.222945,54.944057
Membranous,3.2216587,65.49308
Chytrid,3.2189357,48.365532
Flicks,3.2125266,88.3958
Colonial,3.2107985,51.235973
Bimetallism,3.205724,62.649742
Neurology,3.1971364,44.919724
Rehoist,3.178508,84.432785
Dawson,3.1761665,68.34867
Lymphatic,3.1743112,51.40118
Tillman,3.1739097,54.87518
Intertissue,3.170765,71.46673
Presuppress,3.1619666,88.26278
Handlooms,3.1590598,45.331272
Disability,3.156959,47.393677
Chestnutty,3.1533132,55.687973
Softie,3.1531944,50.25661
Tetrole,3.1494124,55.34302
Euclidean,3.1486022,38.658337
Unmonarchical,3.1480536,58.395008
Schemas,3.136945,48.106003
Theatres,3.1347895,38.41558
Unvoluminous,3.1280837,62.020824
Teletactile,3.1209393,90.4787
Lysine,3.1201513,64.94238
Fimetic,3.117989,90.383095
Chirographic,3.1143126,49.558426
Prefurlough,3.11346,112.28211
Hellholes,3.1115506,52.634495
Fictionize,3.106193,67.881935
Ramekin,3.0901935,53.313553
Erosional,3.0894883,61.263313
Topographics,3.0731194,58.663013
Hijacks,3.07051,100.0374
Sometime,3.0673683,85.664375
Enervates,3.064732,101.68596
Expatriations,3.0636053,79.06348
Econometrician,3.0626333,55.998466
Hydrocarbonic,3.0508459,78.61476
Detenus,3.042254,57.53191
Outlets,3.0413868,74.2414
Executorship,3.0377336,104.99923
Tornado,3.0334353,42.614483
Coggie,3.0229447,63.691357
Cervical,3.0197687,40.670227
Fuseboard,3.0187607,72.07418
Connexity,2.9990973,51.452885
Collectivize,2.9967186,61.08546
Decameronic,2.99436,58.838406
Barbra,2.9940047,87.33308
Bawlers,2.9898787,60.008232
Perreia,2.9868655,63.045563
Reassume,2.9806705,70.44239
Pargana,2.9705384,69.92725
Wither,2.9700935,63.461967
Diamondize,2.9697578,57.859882
Antiquary,2.9630609,56.21674
Quiets,2.962152,58.265175
Disconsonancy,2.955482,57.387157
Adversarial,2.9523485,49.957935
Whitherward,2.948991,85.49083
Cystoidea,2.9441588,51.137688
Eurasian,2.9409034,53.979942
Supercelestial,2.93529,64.63337
Pariglin,2.9264462,100.729195
Asphodel,2.9218545,64.67762
Disablers,2.9196403,79.17036
Nucleophilic,2.917659,46.19913
Transmuscle,2.915874,64.83465
Arriero,2.9137993,52.660244
Timerau,2.9114745,90.01284
Swordtail,2.9111335,45.97127
Sorbate,2.9111104,85.103455
Enlight,2.9080396,49.937183
Caldera,2.9039402,49.556366
Phillumenist,2.8965745,89.45073
Ecumenic,2.8963952,50.906887
Ballutes,2.8953342,102.752304
Sandkey,2.8936937,90.379585
Crowns,2.8934302,39.56645
Meager,2.8898773,60.589134
Septate,2.889214,68.79665
Humiture,2.88754,62.04046
Empathizes,2.883841,56.87722
Easter,2.8809237,37.131283
Microgauss,2.8788044,59.028175
Hymenopter,2.8713899,45.289497
Slojds,2.86996,110.36463
Guider,2.863738,48.631737
Eclipsareon,2.8566132,114.43529
Potsies,2.8521025,57.096077
Predacity,2.8498168,82.10607
Petals,2.8479912,77.16018
Prisms,2.8456757,44.472202
Misnarrate,2.8427627,83.715
Unneural,2.8415232,65.36223
Smorebro,2.8393168,77.175705
Metroptosis,2.8373358,92.40683
Dimmer,2.8366194,46.332752
Bumkins,2.835088,70.894
Homeric,2.831127,55.148952
Neoterical,2.8296528,75.50618
Alnicoes,2.825441,77.91823
Discontinuer,2.8160536,55.81823
Hastile,2.8139558,85.291275
Condemnatory,2.811424,55.960567
Gateworks,2.8095107,81.54305
Rivell,2.8068542,52.143635
Postlude,2.8026307,45.061234
Singles,2.793915,48.30018
Excogitates,2.7931566,139.00087
Recommender,2.7923603,49.900227
Lactesce,2.7922084,92.99574
Aurums,2.7913284,65.89303
Prolongs,2.772831,68.00353
Thoron,2.7727208,60.630157
Kiters,2.7636075,60.510777
Tachyon,2.7620177,51.672585
Enhamper,2.7595177,81.75428
Copartner,2.7416258,78.85373
Relativistic,2.7353866,48.298744
Reforbid,2.734651,68.83818
Haemacytometer,2.7280853,63.781605
Juiceful,2.7262342,84.73441
Tribunate,2.72609,78.43001
Uncloven,2.7245867,85.73084
Semiclimber,2.7221193,83.353966
Thyreoid,2.7199593,42.156487
Trafficability,2.7161126,49.779274
Naturalistic,2.7151809,54.238396
Pycnanthemum,2.7107434,68.22939
Ectoparasitica,2.7095854,68.97963
Unblindfold,2.708571,64.104904
Pawnbroker,2.7051346,59.341686
Psephitic,2.7027476,54.553673
Revigour,2.6936607,103.38071
Dyestuffs,2.6912231,63.976337
Laminarite,2.6884515,69.58609
Grinner,2.685444,74.41664
Mortality,2.681482,46.375504
Wernerite,2.6784897,62.245564
Distressful,2.6780574,49.4581
Achene,2.6727536,58.419262
Judaize,2.670976,54.265182
Brills,2.6671429,49.178013
Filefish,2.6651268,42.019016
Unshackle,2.6624117,49.051296
Fulminant,2.6593447,49.364563
Gastrin,2.6578438,44.38299
Ministrate,2.6476514,89.86257
Inaudibility,2.64695,55.496788
Porterage,2.6453283,68.91599
Vaccinias,2.6434486,71.82681
Energism,2.639738,73.365105
Worriecow,2.6304948,116.25267
Phoneme,2.6282623,52.328896
Chattelship,2.6240747,62.16609
Phragmidium,2.6160183,67.34081
Gunfires,2.6141775,72.87601
Shapiest,2.6114655,62.95857
Godmotherhood,2.608964,51.421833
Interclash,2.5990093,65.477684
Outwall,2.5930688,56.330395
Jucuna,2.5882206,69.76103
Resort,2.5855238,51.815937
Prowfishes,2.5851371,80.188995
Padcloth,2.5848057,42.535637
Eyedroppers,2.5789878,61.859272
Ectoparasitic,2.5764468,57.34387
Noncyclic,2.5755978,83.026825
Glover,2.5734043,62.849064
Poales,2.5716884,103.55635
Antipapacy,2.5715494,76.61093
Sharkful,2.5706964,67.59482
Dublin,2.5634842,49.977116
Doornails,2.5629551,56.180645
Tolerators,2.5562859,57.764946
Enravish,2.5551603,66.274055
Disloyalties,2.552406,58.13103
Bandpass,2.550493,45.110073
Brazilite,2.5436013,53.848797
Nondemand,2.5352936,68.782845
Overhip,2.5330052,57.813694
Panegyrist,2.5316203,68.068665
Urostege,2.5313518,74.7485
Photoglyph,2.5306184,75.3144
Lodgeful,2.5302553,59.42831
Ploughshoe,2.5291433,87.71312
Hellenisticism,2.523034,72.75659
Fluemen,2.5220327,76.084984
Photophysical,2.5210164,55.669964
Retrude,2.5180461,181.74028
Goupen,2.5178437,82.79115
Lacings,2.5134304,55.34042
Phenotypes,2.5121756,91.560135
Cryptococcus,2.5082018,50.874844
Mauler,2.5063455,67.642044
Smallnesses,2.5051296,57.73625
Dhunchee,2.5044277,70.36077
Pilotages,2.504288,48.488384
Alchemic,2.5015485,60.661064
Zibethone,2.4947867,67.42084
Mediumism,2.4910886,50.91586
Nonmalarial,2.4881706,71.94462
Periodicalism,2.478783,59.561146
Itonidid,2.4757383,95.26932
Lichenicolous,2.4695685,65.14818
Headreach,2.4606996,61.93036
Galvanist,2.451122,65.180466
Jackboot,2.4446466,56.616077
Slingshot,2.438384,62.020477
Moruloid,2.4360116,75.03081
Temptsome,2.4353013,94.38857
Preterritorial,2.4295778,97.37979
Textiferous,2.4285312,74.27801
Cinnamate,2.426248,52.000607
Poultice,2.4260635,55.930202
Vishnu,2.4243634,60.120953
Postulance,2.4227662,58.401054
Populator,2.413656,64.80977
Chromograph,2.4098651,53.119114
Reluct,2.4084594,36.421764
Clavichordists,2.4071867,64.10619
Enstate,2.406568,134.59613
Lignicolous,2.3797982,56.40952
Extrasolar,2.3771248,43.167233
Brevirostrate,2.3747296,93.00102
Randite,2.3726945,85.02574
Organotropic,2.367049,101.46782
Spacewoman,2.3669684,75.3169
Microeutaxitic,2.3650541,58.802708
Immigrations,2.3636758,48.206497
Oenophilist,2.3512409,60.919502
Discide,2.3506434,59.384716
Mucolytic,2.348454,70.0397
Machaira,2.347566,62.73632
Dissimulators,2.342442,61.033123
Standup,2.3393629,59.22428
Oregonians,2.3363585,37.725494
Emperil,2.3356767,62.53802
Arianizer,2.3302064,72.11586
Hydatomorphic,2.3249044,101.97891
Lacerate,2.324355,61.09362
Sensory,2.319837,42.645813
Madship,2.3189306,47.58094
Podargidae,2.314234,73.47262
Gazogene,2.3139832,53.546417
Obovate,2.3126254,55.53481
Updive,2.3055985,54.76026
Aquinist,2.3041077,113.962204
Proven,2.3030179,48.5171
Platinammin,2.3010306,90.08937
Enhearse,2.2998793,70.761
Plasmolysis,2.2975767,51.802395
Hemoplastic,2.2868354,69.503426
Overvalue,2.2859745,62.668453
Nonclimactical,2.2841747,111.72219
Psychorealist,2.2826545,55.487885
Prongbuck,2.28211,63.553635
Endosymbiosis,2.2810104,44.168045
Bovver,2.2784886,87.42427
Pretechnical,2.2770948,61.110996
Dorsispinal,2.271309,63.512318
Anthography,2.2694774,55.79196
Treacle,2.26794,62.56527
Syrian,2.263435,44.797413
Becalm,2.2623117,74.18955
Tautousious,2.258253,84.07928
Byreman,2.2527163,110.01163
Innumerability,2.244381,56.596535
Pollenite,2.2396455,66.24084
Halteres,2.2392683,58.224915
Unsight,2.2375803,55.252316
Frankfold,2.2366567,112.79468
Rudimentary,2.2293093,62.824238
Mitrate,2.2273858,107.97753
Ichthyosaurid,2.2241824,57.466774
Alterations,2.2221417,62.93914
Sphyrapicus,2.2173579,104.54674
Buhrstone,2.2155,63.407257
Wisdom,2.2147133,48.513794
Percussion,2.2140994,51.476795
Uncolloquial,2.2036455,69.333466
Eclampsia,2.202354,50.894043
Reliabilities,2.197468,49.894413
Doubts,2.1970882,49.359623
Portunidae,2.196825,78.288574
Hairwood,2.195083,57.18958
Garter,2.1923609,49.682228
Ricrac,2.1922076,62.288147
Hinderlins,2.1911373,67.22744
Theaterlike,2.190061,70.697975
Walkingstick,2.1814382,70.00419
Knobby,2.1780164,57.313538
Heaters,2.1716263,48.51034
Erithacus,2.170665,80.37825
Trichostasis,2.1636584,84.93553
Chitarrone,2.160088,71.82863
Derere,2.1511729,111.72825
Kinsman,2.1505995,70.21721
Husbandship,2.149472,58.57372
Mycobacterial,2.1458645,46.840332
Upcasts,2.1420982,48.42484
Australianize,2.1361165,55.02987
Noneugenical,2.1349728,88.96503
Blatterer,2.1338034,113.930336
Gunarchy,2.1322901,100.87524
Nondiagonal,2.1320949,58.00253
Polyblast,2.1197186,86.65932
Chrosperma,2.1192384,46.84197
Benjamin,2.1186075,60.58918
Numskull,2.1112301,64.07344
Borophenylic,2.1056113,74.03683
Termites,2.1006525,41.861053
Lotuslike,2.099074,55.18277
Caricaturists,2.098726,50.50533
Pyelometry,2.0907397,50.492844
Undissonant,2.0845509,93.131294
Eupnoea,2.0822675,125.00034
Vendee,2.081389,90.63436
Involutory,2.0800664,58.26925
Swanker,2.0760975,90.18299
Deathful,2.0738335,53.090183
Sprain,2.072072,52.162086
Chitarrino,2.0705981,62.543816
Haulages,2.0653095,59.423016
Drepaniform,2.0596666,72.35051
Stereography,2.059511,54.760548
Febricide,2.0526814,50.50317
Oviparous,2.049587,56.05999
Phosphamic,2.0484743,56.770187
Epicardial,2.0380027,67.26316
Oosporange,2.03176,118.76886
Juggins,2.0304196,67.16035
Demulsifier,2.029589,52.415985
Fiberizer,2.0261626,60.81273
Bequest,2.0222042,44.24546
Transcendible,2.0205877,73.188286
Placaters,2.017291,52.19674
Bloodsuck,2.0148149,45.309933
Tiglinic,2.0107548,66.18886
Redintegrator,2.0079036,170.45325
Sartorius,2.0059445,52.114994
Kindlier,2.001661,65.06649
Nakeder,1.9992679,70.4744
Dovens,1.9958045,72.02284
Swordman,1.9910468,54.26191
Disarmer,1.9817036,58.55107
Ovoviviparity,1.9737024,65.48786
Prosuffrage,1.9701747,141.45549
Codebooks,1.9676399,43.744244
Viniferous,1.9635466,57.750847
Diactine,1.9613543,75.58219
Tamulic,1.9586426,65.47552
Pictographic,1.958018,52.80843
Submerse,1.957686,56.306244
Retwists,1.9545795,70.40667
Betatrons,1.9541254,52.81246
Solidus,1.9508309,58.23375
Squillitic,1.9497391,74.86801
Squawkiest,1.9477717,65.08583
Kodaker,1.9476357,66.85709
Insteam,1.9457289,114.37008
Queller,1.943554,73.92757
Negritize,1.9371035,64.18498
Catechistical,1.9345415,73.59642
Psychotheist,1.9334561,94.953
Subversives,1.932091,57.800823
Towheads,1.9261727,70.948524
Docudrama,1.918035,44.351116
Salesmanship,1.9138939,46.293053
Postliterate,1.9102576,65.37883
Saponine,1.9063883,50.387905
Newcomer,1.9050555,68.853035
Gaffsail,1.9013335,147.12909
Caesural,1.8935997,61.51776
Prevaricator,1.8898861,72.708595
Manubaliste,1.8889185,199.2459
Rhabdomantist,1.8882903,84.905716
Saturnine,1.8874226,119.41463
Revolute,1.882646,54.482273
Denationalize,1.8789463,81.71812
Nonambitious,1.8755925,59.504974
Serbonian,1.8745102,92.81493
Bootlaces,1.8669115,49.081955
Taxameter,1.8635736,50.42922
Hereticate,1.8596483,65.82581
Uninterruptive,1.8588022,72.1433
Cierzos,1.852439,76.01049
Dibstones,1.8515036,67.508194
Figurants,1.8481433,81.8948
Assentient,1.8412025,98.776344
Nestings,1.8349923,75.009315
Zoogamous,1.8348987,85.81954
Presets,1.8332152,38.853313
Contemplatist,1.8316264,93.423645
Junkyards,1.8271352,51.91278
Dielectric,1.8253965,45.347237
Chavantean,1.8227319,72.447266
Antipass,1.8217317,60.643764
Pawnors,1.8209368,76.99583
Recodifies,1.8202488,153.41112
Kibitz,1.8154249,62.12466
Internuncios,1.8110883,49.093357
Tiglon,1.80765,61.658993
Chetrum,1.8044034,79.23711
Secularize,1.8024373,70.03931
Pressmark,1.7991374,83.34582
Chugalugs,1.79651,67.010124
Carryings,1.78755,75.362656
Physiatrics,1.7862684,68.66038
Perigenital,1.7802242,63.180946
Scalds,1.7800399,78.433716
Peritoneopexy,1.7777201,55.8952
Epiperipheral,1.7678912,69.48879
Sialoschesis,1.7664773,87.692856
Rebathe,1.7593585,61.022995
Maintenances,1.7577593,58.721577
Persecutional,1.7560468,95.20268
Bloodlettings,1.7505846,48.30747
Goitrogen,1.746777,49.519447
Bittiest,1.7462678,64.38444
Whitestone,1.7433909,57.457138
Fripper,1.7433711,87.56781
Glaires,1.7398195,84.64251
Equiarticulate,1.737861,60.227467
Curtain,1.7378197,54.37929
Imbrue,1.7303407,63.13932
Leaderette,1.7172934,63.72482
Thrushel,1.7160671,64.22034
Conditione,1.7123829,61.188076
Escambio,1.7116188,48.957317
Technonomic,1.7093364,52.465458
Precursors,1.7079196,53.482365
Enkernel,1.7018846,73.36804
Magnetimeter,1.7004135,49.25816
Suprahyoid,1.6959829,57.255997
Constances,1.6958466,98.28425
Sphacelate,1.6881719,71.098335
Aviatrix,1.6870723,68.20291
Tetrasporic,1.6850766,72.91276
Planariform,1.6850482,93.342445
Nonsubsistent,1.6846207,73.26188
Peavine,1.6831155,67.3727
Intermingledom,1.6818714,68.456245
Choriocele,1.6770265,55.7909
Weirder,1.6705188,87.462234
Organise,1.6665611,55.98342
Expediential,1.6662074,49.468838
Porphyrin,1.6649132,45.059273
Skilts,1.6640319,57.859947
Mucocele,1.6620096,46.553017
Indicavit,1.6617527,108.167755
Feverlike,1.6593326,90.13122
Hawksbill,1.6582257,50.034874
Soffits,1.6568094,59.029247
Sciurus,1.656175,66.48227
Checkpoints,1.6557713,43.630905
Backcasts,1.6517712,67.08775
Slovak,1.6485151,41.005188
Tarcel,1.6439246,55.327625
Junefish,1.6430826,68.88503
Rosarians,1.6426895,54.876278
Adaxial,1.637238,59.91376
Liveyer,1.6361532,92.127075
Pyropuncture,1.6347948,63.022324
Forelimbs,1.6329592,42.26911
Ectocarpus,1.6328899,67.92825
Formulators,1.6291322,46.970066
Filthless,1.6266394,63.5802
Dislocator,1.625139,72.15816
Jarvies,1.6162064,63.37206
Calotypist,1.6156381,119.9742
Reenter,1.6116203,70.36362
Foredates,1.6087437,74.27174
Varieties,1.6087111,53.151276
Coxankylometer,1.6067724,66.12341
Papillomatosis,1.6052284,89.673935
Tenuirostral,1.601719,80.90366
Vocalistic,1.5985806,68.4385
Radiotracer,1.5975847,53.196594
Oryzenin,1.5966336,77.77739
Xenophoridae,1.5949409,68.57954
Caecotomy,1.5938932,75.19396
Floorhead,1.5903416,83.75443
Conoidic,1.587963,54.898666
Unriddles,1.587286,76.8145
Reticle,1.5866003,46.771687
Ireland,1.5827202,38.865868
Dromical,1.5823609,74.77251
Technics,1.5743923,66.96383
Hydrogens,1.5730064,51.461502
Plotless,1.5655057,76.76932
Coyotes,1.5622978,43.79052
Eclogic,1.5620502,51.547512
Diaphoresis,1.5592903,71.620056
Semiclose,1.5568231,63.960743
Predoctorate,1.552561,57.34885
Shrubland,1.5501677,49.593422
Artifex,1.5452336,63.63724
Flavours,1.533811,50.42729
Lollup,1.5305555,62.455498
Jacobinism,1.5217236,57.89124
Lissotrichy,1.5166962,58.623657
Reperfume,1.5129367,84.55327
Supersafe,1.5106586,68.78651
Enswathe,1.5093498,68.79214
Quatrocento,1.5042557,69.000755
Poloniums,1.5023856,64.323235
Avanturine,1.497385,60.98471
Antivirotic,1.4933146,73.058014
Melanopathia,1.4852085,90.31708
Alphosises,1.4838085,67.692
Uromere,1.4764371,71.5539
Pseudoform,1.4757738,56.35028
Psychobiology,1.4751879,61.47113
Propacifist,1.4732013,77.55295
Unaspersive,1.468163,77.57377
Lifeward,1.466129,57.907116
Disprofess,1.461385,64.64205
Cutwal,1.4610343,70.30764
Kinaesthesia,1.4604447,48.012794
Pentadicity,1.4537911,61.181908
Excarnate,1.449006,67.49168
Omnipotent,1.4464004,55.64185
Dekametre,1.4462831,81.04379
Cherry,1.445596,62.397526
Irresponsive,1.4448006,78.54569
Nybble,1.4394816,47.74805
Sunnyasse,1.4350637,87.06205
Unpenitential,1.4349289,56.45481
Airiferous,1.4336045,61.909748
Bisetose,1.43253,86.93862
Forebode,1.4324914,46.907402
Sideroxylon,1.4254202,61.695065
Barony,1.4216871,57.311375
Chewiest,1.4198859,51.174507
Decoat,1.4189575,59.56675
Yorker,1.4170763,45.419125
Consent,1.414236,45.334732
Dipsaceae,1.4024954,88.10546
Perpetualist,1.3996959,59.64484
Enlistees,1.3994482,61.26515
Collard,1.3985916,45.07725
Stealers,1.3969725,68.704475
Bridgings,1.3960141,59.485985
Hedgebreaker,1.3894988,56.59983
Clubhands,1.3878863,54.02942
Zombies,1.3812709,49.16779
Redelivery,1.3807195,59.215794
Plowwise,1.3781427,75.29008
Checkups,1.377428,55.588326
Squirreltail,1.376758,50.248295
Betises,1.3763815,83.206
Undershapen,1.3751796,78.2447
Hypsophyllary,1.374153,80.93001
Outdraw,1.373265,81.080246
Breech,1.3705832,50.158924
Sankhya,1.3668077,87.7098
Catalogers,1.3610914,45.734013
Abaxile,1.3606148,76.75466
Vasospasm,1.3589883,65.675125
Perfects,1.356096,66.37723
Incomings,1.354735,81.477425
Shatan,1.3539758,66.87207
Ichthyomorphic,1.3493965,66.54466
Celiac,1.3490312,44.100937
Atreptic,1.3485035,65.90239
Expressional,1.347085,49.85043
Sarcoadenoma,1.3454391,88.02177
Ascomata,1.3446985,62.679173
Imbiber,1.3433609,100.14093
Xanthinuria,1.3406068,60.94778
Cnidophobia,1.3355149,134.862
Totery,1.335422,66.605316
Ohmmeters,1.3349823,75.24986
Epochs,1.3337561,47.82755
Oxalacetic,1.3328072,61.422474
Haulmiest,1.3265369,75.77829
Spadones,1.3219573,109.61481
Kendir,1.3197147,71.73379
Narcissistic,1.3194398,53.948723
Conormal,1.310657,59.78131
Outsift,1.3104305,78.85953
Conatural,1.3097919,66.6878
Preexecutor,1.3074114,50.91087
Pterodactyls,1.3054296,40.093025
Duffels,1.3049788,57.876858
Laccoliths,1.3047602,60.62588
Taurotragus,1.3015484,76.43961
Tanneries,1.2997189,42.504543
Oversells,1.2982279,80.719536
Rencontre,1.2966326,69.04366
Metranemia,1.2901323,89.37613
Flavory,1.2838877,59.947548
Pencilwood,1.2751031,52.446354
Rockfishes,1.2740446,53.827976
Gangrels,1.2736732,76.92425
Stimulations,1.2728457,63.75189
Frouziest,1.2725475,81.67767
Precis,1.2715433,58.642097
Trademaster,1.2700143,64.03671
Puberal,1.2672255,55.464245
Unspatial,1.2656409,62.554523
Sonatine,1.264929,59.673103
Antiglobulin,1.263338,53.898544
Carryovers,1.2629184,51.719463
Relationals,1.2580651,46.556046
Scoopfuls,1.2550768,66.28958
Vaultage,1.2535558,88.209496
Nonfighter,1.2535291,74.35532
Pterodactylus,1.2472165,57.844418
Fanons,1.2469958,63.112762
Oblata,1.2446302,74.94537
Scholiums,1.243017,118.80179
Scandinavians,1.2429905,49.150105
Neopaleozoic,1.2385505,51.307777
Premies,1.2345101,71.74644
Allomerous,1.2332052,74.15347
Clumsiest,1.232318,66.112854
Dollhouse,1.2308084,61.746006
Tinctures,1.2283525,40.34474
Foldskirt,1.227451,70.013176
Overmonopolize,1.2273251,96.77053
Nasality,1.2226835,53.683174
Auditual,1.2226365,59.609417
Bunglings,1.2205844,86.45662
Cuarteron,1.2199707,89.054665
Encephalocele,1.2198555,53.931034
Urbaner,1.2179278,52.181824
Neolalia,1.2178576,55.66242
Hooven,1.2157068,69.957726
Verandas,1.21562,48.106964
Tallnesses,1.215244,71.671074
Omnivision,1.209349,55.8297
Kieserite,1.2072817,73.79966
Substyle,1.205864,46.29768
Autogenous,1.2026988,81.66131
Lifeleaf,1.201505,59.715275
Lowder,1.1991667,63.2071
Polygenesist,1.1978129,80.88744
Calles,1.1928833,74.354904
Gratias,1.1921829,64.92932
Arrestant,1.1905005,80.7
Quadrifilar,1.1893209,102.22126
Planigraphy,1.1888074,53.979755
Oxtongue,1.1882359,64.98431
Monolithic,1.1880554,51.601376
Unperforative,1.1875515,92.97012
Harrycane,1.1869006,68.43631
Playfield,1.1864834,43.668358
Virile,1.1756377,99.53946
Budgies,1.1756124,43.718533
Enchannel,1.1730111,59.166313
Steelhead,1.170022,43.281265
Indoctrinate,1.1667547,68.406395
Producers,1.1638094,45.08872
Gadger,1.1633043,63.56554
Overjust,1.1625724,69.14172
Pyuria,1.1607522,45.527283
Metallize,1.1589662,56.061832
Foreteeth,1.1462554,47.60302
Boothes,1.1443403,96.86772
Houtou,1.1391995,67.27234
Rudbeckia,1.1377102,55.768528
Theatrograph,1.1359413,63.14147
Chitimacha,1.128407,68.52312
Ataxiagram,1.1271552,78.85645
Naturelike,1.125966,62.25555
Nomina,1.1163045,64.09796
Swertia,1.1101558,69.88546
Ecstatic,1.1068308,49.249035
Polypi,1.0996667,62.61532
Connecters,1.0991554,54.90687
Nonemulative,1.0989959,93.20037
Triverbial,1.0981046,72.43372
Gaggler,1.0969288,76.72706
Messianism,1.0906185,58.20092
Narine,1.0896972,61.522472
Gadite,1.0866284,75.623764
Salvors,1.0806625,54.950695
Ferries,1.0789915,43.526855
Unconvenience,1.0754988,52.83509
Pallial,1.0740508,75.05309
Glauke,1.0728147,54.00698
Overbrutality,1.0720809,71.19034
Aftermost,1.0672059,111.402916
Calcitrant,1.0633928,61.50953
Glitterance,1.0625745,47.52636
Unresidential,1.0616225,50.00838
Unsnap,1.057725,73.95282
Arbours,1.0571342,50.58539
Sickroom,1.0569373,64.27215
Kulturkampf,1.0563887,57.642033
Nonconsent,1.0558537,58.04135
Sermonish,1.0528448,65.32263
Ordain,1.0505862,72.89179
Opsins,1.0466275,61.283653
Pluriparity,1.0450926,127.85707
Overfit,1.0427673,57.033764
Platings,1.0407091,43.18866
Crossline,1.0383282,59.140434
Disconnections,1.0325766,44.51677
Invectives,1.0291883,89.95272
Chevrolet,1.024895,60.47927
Armories,1.0247599,50.51173
Tackleless,1.020728,57.162697
Shandy,1.018235,57.08115
Deaneries,1.0007029,52.19705
Captivates,0.9941973,76.495056
Inability,0.9915707,57.439713
Untune,0.9914473,62.746975
Piscary,0.9905009,82.28815
Kiteflier,0.9900068,116.67906
Relubricate,0.9850596,64.8928
Impressionists,0.98252296,41.782585
Valuta,0.97940785,53.51401
Foreheads,0.9792312,55.889427
Precisionism,0.97478163,50.54326
Dumfounds,0.9732593,81.9355
Skilfish,0.9708566,68.267784
Phousdar,0.9663525,78.81301
Problematic,0.9653028,49.121975
Oxychloric,0.96385086,54.992725
Viviparism,0.9630344,70.352585
Concipiency,0.95743585,58.015083
Hoplomachy,0.9562561,76.34537
Kippen,0.9492916,64.91813
Terrorless,0.947832,62.582832
Queenlike,0.9434718,93.18133
Panchromatic,0.9429512,73.98892
Raunge,0.9414723,137.811
Warmth,0.941101,39.877098
Resinous,0.93539464,45.743443
Chloanthite,0.92912054,115.25642
Depasture,0.9225043,71.151985
Hypogastric,0.92128897,52.06041
Goneoclinic,0.91719216,79.953514
Outthruster,0.9100863,53.313416
Hypobaric,0.90356684,56.961403
Smalls,0.89928025,63.79696
Multigerm,0.8965552,73.33675
Magnetosphere,0.8920583,59.057358
Behalves,0.89062935,82.14154
Viduate,0.8903845,59.565063
Synergic,0.8831729,56.11304
Parapophysis,0.8825586,68.257
Cloudage,0.8778292,136.95222
Schnitz,0.87753826,73.37793
Cosmologygy,0.8733756,44.63408
Authorizer,0.8732415,48.460026
Prefectural,0.870911,85.35521
Nebraskans,0.86914325,45.388462
Qualmiest,0.86496115,77.113
Spirulas,0.862469,65.00365
Sphenopsid,0.8572033,66.54452
Slotbacks,0.85243976,61.892647
Tyrannophobia,0.8474847,61.20077
Bestraw,0.8468881,82.280685
Palaeocyclic,0.84334946,73.44517
Burion,0.8416299,59.608273
Juggernauts,0.8403418,46.354874
Consummates,0.8373411,58.920223
Unalaska,0.8338045,62.57812
Casper,0.8324096,72.65855
Tettigoniidae,0.8302528,73.070366
Antidotism,0.829602,96.72304
Confounders,0.82711124,43.41519
Embolectomies,0.826354,56.149025
Southbound,0.82579595,55.197964
Introspector,0.82523346,65.48041
Curvifoliate,0.8245772,64.19946
Excepter,0.8174067,73.11877
Trapezium,0.8140846,70.89676
Jukebox,0.8139614,54.87415
Eludible,0.81172556,106.01958
Clubability,0.8103575,67.80203
Amnion,0.807876,56.197613
Guesdist,0.80727506,65.68458
Diocese,0.80444676,52.103203
Subsecretaries,0.80387115,82.42326
Inefficiencies,0.8031501,46.464447
Nonmorality,0.802413,56.42685
Tropistic,0.80123544,57.563892
Sparrowwort,0.7979011,51.375206
Detailist,0.7924919,62.106712
Soilages,0.7909044,64.28175
Deificatory,0.780656,58.99437
Aeromarine,0.77595603,71.31607
Saddlebows,0.77257174,77.66491
Guttee,0.7725085,57.808502
Scatophagidae,0.7723183,57.82726
Precommend,0.7700686,93.77496
Blennies,0.765914,54.988667
Cogman,0.76338446,72.33223
Ninebark,0.76301974,45.756084
Fetishize,0.76142913,63.96819
Thimbleman,0.76080203,86.23799
Strives,0.75889695,56.616684
Antikinase,0.7555323,87.22649
Waxflower,0.75203127,53.119274
Secretagogue,0.7461205,79.50866
Indoctrine,0.74526954,78.270584
Procacious,0.74515605,59.55743
Hohokam,0.74481475,45.74964
Wiretaps,0.7428717,48.52887
Cheekish,0.74269885,51.949383
Stemple,0.74059516,66.03139
Camouflage,0.73972595,49.381935
Deitate,0.7391009,59.867466
Cyclamate,0.73831725,57.493755
Dardani,0.7373395,63.56893
Portas,0.73722136,50.84604
Overblind,0.731475,87.013504
Sholom,0.7300231,56.12095
Ghibli,0.7275059,52.67214
Whippertail,0.726416,65.030014
Polymorphous,0.72441703,72.24784
Mingle,0.7232758,81.38285
Ichthyotic,0.7216327,72.75941
Radiochemistry,0.71210265,48.07939
Kvarner,0.7108214,46.68727
Motilities,0.70778304,47.11861
Rebite,0.70241153,63.971684
Inwreathe,0.6970109,77.66824
Fathogram,0.6962796,64.40265
Broomwood,0.6941703,54.194622
Preimpose,0.6887673,65.33566
Capita,0.68641514,74.807816
Brideknot,0.6844076,65.65039
Treponemiasis,0.6816082,55.516487
Fieldmice,0.68028253,44.686077
Multigyrate,0.6791018,81.55577
Parleyer,0.675958,83.770355
Augmentor,0.6758126,63.489162
Missionaryship,0.67039937,139.44485
Amphicarpa,0.67019784,78.50307
Cruses,0.66972476,79.99856
Subobtuse,0.66664237,83.31629
Declivity,0.6644145,54.79681
Voices,0.66127956,47.25468
Gladdens,0.6608244,64.63028
Inducteous,0.65805215,67.34364
Hydrorhizal,0.652563,96.61385
Isoptic,0.6514322,84.034966
Emmetropism,0.64628834,94.70171
Samani,0.64432955,54.48497
Oxyamine,0.64394057,59.079277
Badaxe,0.6366792,82.17157
Evovae,0.63523877,53.349148
Iliadist,0.62709016,54.32382
Undresses,0.624914,64.983154
Bollards,0.6242426,41.83789
Overwarms,0.62124175,58.022266
Cunnings,0.61519057,60.124542
Formulations,0.6142076,40.369244
Mootmen,0.6125454,85.92502
Autarkist,0.6099663,62.834267
Hopple,0.6077626,64.15573
Guyana,0.6052864,48.96969
Outvelvet,0.6023765,78.18658
Buggymen,0.6022615,50.435688
Archiheretical,0.5989739,49.87857
Aletocyte,0.59572923,70.43523
Cavalierish,0.59205735,77.5981
Unpoignant,0.5906486,55.354115
Lambdas,0.5893155,53.000706
Interrenalism,0.5849229,54.10149
Cerolite,0.58424777,54.702263
Methoxy,0.57762665,50.128105
Chamade,0.5762204,50.668995
Octodecillion,0.57510316,74.683975
Oilfishes,0.5751029,70.036644
Rubythroat,0.57299066,62.02216
Overspreads,0.5725109,73.64931
Mastmen,0.5710437,48.359653
Bookwright,0.56972647,58.05808
Scance,0.56816334,60.783524
Avenue,0.5538366,52.60958
Innate,0.5528789,46.67855
Inworn,0.5516038,62.851303
Imposts,0.5510808,83.51354
Euryalida,0.5441476,67.4509
Wlatsome,0.54318863,86.15747
Beakiest,0.54269814,64.65574
Subpunch,0.53941953,58.314503
Ventrine,0.53836787,69.93084
Marbles,0.5325635,79.8676
Loyalties,0.52975094,42.00604
Semiacetic,0.5296628,64.59943
Trainability,0.5267184,68.05474
Bunglesome,0.5265281,71.9088
Diphenyls,0.52607626,65.850624
Velvetwork,0.52432704,89.33964
Decarchy,0.5241021,96.2539
Hypophyseal,0.52068895,74.06848
Uranalysis,0.5143922,73.982834
Betain,0.51221687,56.561016
Oscillometer,0.511563,54.4319
Assurgency,0.51017296,102.69456
Contraire,0.5031289,70.3446
Pregame,0.5002922,49.91106
Honorarium,0.49948382,50.09018
Hypertensinase,0.49791557,69.22338
Paella,0.4949451,59.05557
Unmilitant,0.49393073,54.639458
Cerulein,0.4921139,49.583202
Wiseacreism,0.49094263,49.96416
Heavenliest,0.48991537,60.787624
Intrado,0.48484606,71.947395
Steads,0.48448467,52.67458
Sideshake,0.47930568,47.956078
Cassegrain,0.4768922,60.229485
Waterproofer,0.4636434,60.67806
Weewaw,0.4617235,83.49391
Intentions,0.46040782,49.333523
Lipoblastoma,0.4538042,57.668102
Anomalies,0.4460111,43.383213
Semibiologic,0.44322312,70.05966
Nematognathous,0.44204712,69.169174
Tholeiitic,0.44137493,67.57604
Myomorphic,0.44113415,66.141754
Overcommit,0.44015467,102.689
Rehash,0.43990597,50.60484
Tribuna,0.43636316,68.376854
Bryophyte,0.43459213,50.134815
Bloomage,0.43272394,51.490612
Perceivability,0.42933977,47.86821
Mispassion,0.41959685,64.12334
Unoecumenic,0.41225603,57.531372
Literalist,0.40958017,66.81115
Unsensible,0.4068882,64.07365
Sporotrichosis,0.40671346,48.873947
Degreewise,0.40528986,154.39938
Amphodarch,0.40418038,71.86942
Psammitic,0.4034751,147.39001
Woundworth,0.40346816,63.208096
Subpools,0.4014527,47.684963
Gentil,0.39822578,59.66448
Truckle,0.39428374,63.13506
Clinoprism,0.39045382,92.520386
Castra,0.3882904,54.841087
Punatoo,0.38823938,63.434593
Prismatical,0.38310662,89.098305
Subregularity,0.38257897,62.067184
Remould,0.3776213,59.15525
Erotomania,0.3732529,58.379143
Jamlike,0.37218153,93.084724
Calaboose,0.37050036,56.22614
Disunify,0.3696347,78.37036
Waiver,0.3692702,56.269104
Peracid,0.3680132,66.53487
Ampelidaceae,0.3674944,74.78508
Edenic,0.36378503,75.49569
Boltonia,0.36069608,72.59839
Yugoslavia,0.3583279,58.533066
Preoffer,0.34987804,89.51386
Intertown,0.34882694,113.119286
Bespin,0.3482016,74.85475
Foiler,0.34755787,57.11921
Birdfarms,0.3470829,52.16223
Mayvins,0.3430862,73.89567
Pettah,0.34109297,79.58826
Squamomastoid,0.34060812,61.62388
Temporalty,0.33939302,57.66854
Arrowworm,0.33869627,61.76056
Caimacam,0.33684796,65.446266
Carrocci,0.33488974,64.28021
Stoolball,0.3329247,59.57957
Inphase,0.3326229,67.206474
Unintegrative,0.33028725,59.120266
Kniphofia,0.32567984,62.73394
Oriolidae,0.32498202,53.80289
Hereditist,0.32494202,101.56161
Fatuoid,0.32202083,86.4276
Sciolisms,0.3199302,67.36123
Murrain,0.31937656,93.034515
Equidiurnal,0.3182682,51.190536
Maclurin,0.31715375,60.776142
Mastabas,0.30606595,64.768715
Nontheoretical,0.30545917,51.463085
Engleim,0.30436313,59.662716
Kingship,0.30293712,52.526115
Peckhamite,0.30184624,71.313614
Gastrotricha,0.30183718,50.585804
Nonecliptic,0.29770547,135.03375
Opacate,0.29376534,187.90009
Battlements,0.29266697,44.15999
Theropoda,0.2923814,59.013905
Pocketcase,0.29231182,59.633278
Landmarks,0.29172617,43.7555
Whippings,0.2886675,56.414124
Morticians,0.28837842,64.22936
Prehesitate,0.288353,98.80761
Unthinkables,0.28788856,71.072044
Siwens,0.28509033,86.15208
Diggings,0.28432828,64.494736
Assistances,0.27679503,99.497406
Tenfold,0.2757364,58.279377
Bilithon,0.27460134,59.354908
Brachyaxis,0.27389014,94.50012
Forbore,0.2657053,74.892
Nuthatches,0.26479518,43.486427
Overgrows,0.26408035,71.67006
Feticides,0.26332173,73.59179
Cultivars,0.2621908,55.538467
Antipolitics,0.26033294,55.615242
Hemadynamics,0.25357014,50.595093
Faradizer,0.2526373,57.484512
Unrestful,0.25150794,56.875523
Squidgier,0.25123912,78.73762
Suboxid,0.24966876,62.13476
Replacer,0.24524641,52.44829
Orguil,0.24264692,64.178055
Gothicism,0.24237806,61.191544
Ultraservile,0.23887606,63.394814
Pellmell,0.23744313,47.885082
Weathergleam,0.23743336,62.961052
Aristarchian,0.23732728,75.354164
Acromial,0.2335046,63.78393
Houndsbane,0.23195544,48.356655
Hornworm,0.22886802,47.963615
Excerptive,0.22585918,118.97645
Indicter,0.22541985,77.69308
Heterocaryotic,0.22489965,60.309273
Curvital,0.22326368,97.6697
Interglandular,0.22112948,87.748604
Cachot,0.22088113,55.123074
Outpush,0.22058442,64.75848
Stereotype,0.22014284,70.52883
Vizard,0.2187218,55.22276
Frowst,0.2155598,61.522873
Brassies,0.2147567,72.05396
Tallowberry,0.21463749,47.671234
Egocentristic,0.2118274,82.47765
Colinearity,0.21144135,44.53225
Bacillar,0.21048078,81.319115
Protoplasmatic,0.2095685,90.355316
Cyperaceous,0.2094699,54.88577
Tatarize,0.20820287,88.14051
Cobleskill,0.20502727,55.6724
Tachisms,0.20131311,56.026245
Underkingdom,0.20055822,65.88505
Arthroempyema,0.19909436,70.86593
Rolamites,0.1989981,73.971565
Cuboctahedron,0.19728878,54.913387
Areometry,0.19450337,90.25536
Craton,0.18951467,49.517002
Interborough,0.18387938,85.609245
Decasualize,0.18375196,91.02477
Thatchwork,0.18121614,45.954414
Reprints,0.17958869,53.97395
Kilocycles,0.17388251,77.1036
Chaptrel,0.1732535,49.680664
Fullery,0.17152035,61.728584
Barret,0.17038706,96.769165
Pothos,0.16872536,62.02285
Sarongs,0.16361728,54.807083
Palaeocene,0.16129185,58.398724
Heterosis,0.1600675,54.776546
Heterotypic,0.15160415,57.022266
Miticides,0.14865702,78.828255
Chaffinch,0.14814475,53.579327
Pseudoparesis,0.14208807,64.63778
Furnacemen,0.14179449,70.53576
Dichotomous,0.1342332,73.21467
Mercantilistic,0.13410826,51.6291
Blackboard,0.1328541,56.906445
Maledict,0.12527332,71.129105
Decastich,0.12504971,128.84764
Lungworm,0.12179273,60.060677
Wagnerist,0.120738745,172.403
Houvari,0.11202432,68.588326
Thymoma,0.11008082,55.801884
Subtersurface,0.109548986,58.21633
Snecks,0.10717979,62.426144
Guelph,0.10713011,51.999905
Quintes,0.101756476,87.73219
Cowtail,0.10010621,71.77858
Selfsame,0.099422395,44.858772
Hexamethonium,0.08813159,72.41446
Antipendium,0.08646308,114.96992
Formolite,0.0800481,46.97104
Antidogmatism,0.07784738,64.59344
Substantives,0.0740049,63.100853
Uprest,0.07299495,72.95675
Tottlish,0.06859986,56.46987
Fortunize,0.06836422,49.535454
Cartouches,0.067694455,78.55906
Mastiffs,0.06701633,53.812626
Manipulability,0.06359911,69.45076
Aspace,0.06307505,70.49628
Betula,0.06179008,49.08092
Phanerozonia,0.061412543,73.92207
Natalian,0.060041383,55.555397
Liroth,0.056371063,47.738346
Dimensive,0.05559641,96.48011
Simpletons,0.053006448,68.4343
Voorhuis,0.044396225,87.5629
Spermatoxin,0.04389286,78.90133
Chemotropic,0.03930045,54.346413
Ziggurat,0.038253002,67.5779
Toolstock,0.037571713,68.91496
Paravail,0.030881137,79.22983
Backboards,0.030603526,64.7303
Deuterostome,0.030315027,74.584526
Forams,0.03023982,76.46015
Intercivic,0.030180126,127.85646
Metrectasia,0.028292641,48.14616
Embrue,0.022790253,90.03514
Unprolific,0.022398375,46.544994
Areaways,0.016207129,81.57217
Automobilist,0.015304342,72.6199
Inhumanism,0.012699246,63.115562
Thicken,0.011921689,56.363136
Gabbarts,0.008928731,77.66249
Cornet,0.006254308,56.573196
Subnotational,0.003222376,57.012012
Erbium,0.0019140914,52.459496
Microbe,-0.0037159994,60.09342
Coolen,-0.00410223,75.67033
Tetragon,-0.004667282,65.34178
Bloodstones,-0.007018,63.732414
Inventress,-0.008295223,83.298706
Deckles,-0.011070959,86.452194
Stonehatch,-0.013645172,83.72919
Semaphorist,-0.014899373,74.66456
Emphases,-0.01629576,72.51835
Recepts,-0.019777,74.753914
Naissant,-0.025212795,60.789066
Manchets,-0.030303337,73.27227
Tippiest,-0.03163433,68.4286
Nonpossessive,-0.03198579,74.07775
Overspun,-0.033435553,69.52679
Batteuse,-0.036349103,59.57877
Methodizer,-0.038576603,45.242954
Lamentory,-0.04294753,65.00356
Mortress,-0.045866795,70.183426
Animisms,-0.04959201,49.675434
Griots,-0.05599132,56.93461
Freemartin,-0.062046185,67.83174
Tectosphere,-0.06337177,66.14206
Anticovenanter,-0.07221961,84.36744
Thelemite,-0.07302438,83.69358
Momental,-0.07337552,76.4666
Edemata,-0.07906844,64.10562
Deresinate,-0.080329016,62.56621
Alternity,-0.08088939,93.007355
Frippery,-0.080959946,108.67203
Rosular,-0.081354335,59.203148
Tetragram,-0.08647916,51.991936
Parabiotic,-0.08777745,69.60841
Spinets,-0.09137142,72.76684
Lipopoda,-0.09392835,61.304226
Paracystic,-0.096208476,84.21637
Gombay,-0.09946978,116.985504
Hyperploidy,-0.099683136,47.518646
Emirates,-0.10844742,60.381714
Ostensory,-0.109096184,63.30979
Bumbles,-0.11129164,61.472237
Hyaloplasm,-0.11413209,56.01531
Appreciators,-0.1205363,68.68871
Eleuin,-0.12604809,56.859085
Inoculability,-0.12700196,52.469437
Thicky,-0.12797993,67.29928
Lenticle,-0.13274282,46.23736
Selenite,-0.13315353,57.65306
Underdraft,-0.13677302,84.83111
Hutukhtu,-0.14093244,69.23992
Pincheck,-0.14147514,53.342487
Unshut,-0.14182404,87.41117
Milliphot,-0.14185864,60.438023
Tampons,-0.14679727,52.983185
Tenenda,-0.14810961,63.945026
Afrikaans,-0.15161738,58.636833
Cephaline,-0.15170988,73.48356
Gilliflower,-0.15311968,89.9255
Metropolises,-0.15367225,63.57882
Facund,-0.15684724,58.44742
Consignatary,-0.18162373,72.480606
Commensurate,-0.18263802,94.78223
Aerodynes,-0.18405998,89.63405
Diatessaron,-0.18717015,75.22549
Scovel,-0.18735693,75.54251
Puritanizer,-0.19128016,52.617004
Contorsive,-0.19497406,92.947464
Pantarchy,-0.19575459,56.027534
Rubificative,-0.19681549,73.69013
Metricates,-0.19774328,70.59189
Parabotulism,-0.19956234,105.10147
Sandstone,-0.19991638,48.162704
Aquarius,-0.20132035,49.67779
Undeductive,-0.20576003,47.150444
Indicatoridae,-0.20657712,112.51472
Fractureproof,-0.21078347,45.441746
Purkinje,-0.21545959,56.13654
Overwoman,-0.21563332,58.456398
Unfrolicsome,-0.21704185,77.73906
Divertise,-0.21857348,59.46869
Wapper,-0.2210623,68.35741
Spoonfuls,-0.22620824,54.200348
Thanatosis,-0.23741166,53.645668
Ithomiidae,-0.23897523,64.92092
Sclerosarcoma,-0.2435764,84.726845
Interscendent,-0.24380368,61.277695
Chloridize,-0.24472517,98.52399
Imanlaut,-0.24488059,84.34851
Outrede,-0.24581265,79.33937
Oftwhiles,-0.24773176,76.811195
Procathedrals,-0.24897161,65.85944
Interenjoy,-0.2491751,56.793667
Cymbaler,-0.2525663,58.48231
Aviatrice,-0.25985765,58.76843
Bridelace,-0.2698326,61.58154
Trisensory,-0.27035442,95.54685
Sulfanilic,-0.27288014,74.51479
Slivery,-0.27296692,64.383545
Whirlicote,-0.28252584,84.8154
Anosmic,-0.28847814,48.904354
Nigritudinous,-0.29004407,65.65123
Slugfest,-0.29067203,87.21438
Nonguard,-0.29238647,75.23605
Epiceratodus,-0.29240865,61.148785
Trophobiosis,-0.2963871,74.580505
Stratojet,-0.30064183,64.84092
Colonizers,-0.30146027,47.632244
Fakeer,-0.30360144,69.87652
Procellariine,-0.30940774,96.014435
Neuropodium,-0.317738,55.500996
Mannites,-0.31861764,92.044716
Kialkee,-0.32101566,56.23545
Nonreversion,-0.32690233,65.42386
Impotent,-0.3475126,51.907623
Admiral,-0.35132504,58.58532
Picador,-0.3530615,83.56625
Affettuoso,-0.3535382,78.16128
Uroptysis,-0.3575174,51.37707
Deviler,-0.36296776,63.96586
Lengthsman,-0.36727804,92.387825
Disorganic,-0.37192446,62.766975
Coarctate,-0.37281528,109.42239
Trijugate,-0.37945977,81.815636
Ethmoid,-0.37950552,67.22986
Neutrophile,-0.37990838,64.8282
Customizer,-0.38293922,60.78668
Gandhian,-0.38523087,55.655895
Popeless,-0.38566166,54.688972
Misenjoy,-0.38714534,72.98911
Lithotrity,-0.39937228,90.364655
Trichinous,-0.40419617,67.86212
Costicartilage,-0.40459618,76.146675
Poundkeeper,-0.407602,48.519886
Delphinium,-0.40898404,61.290413
Planful,-0.41110605,91.73264
Haptotropic,-0.41318896,80.14561
Divertor,-0.41440418,57.898888
Tabulare,-0.41522855,54.88266
Brachyuranic,-0.41545045,81.01209
Giantish,-0.4161366,141.39354
Fistularioid,-0.41748688,66.83908
Endolaryngeal,-0.42083552,61.172348
Fleuronnee,-0.4234792,69.810074
Sanzen,-0.42413765,59.748775
Mosquitoproof,-0.42672193,68.07077
Unmagisterial,-0.4268808,60.641792
Coonjine,-0.43613142,78.48458
Maddock,-0.43649536,67.85224
Briarberry,-0.43970755,68.049095
Leipzig,-0.4401183,53.104267
Nematogene,-0.4430607,64.90028
Marauders,-0.4493867,53.830296
Narwhale,-0.4534456,61.05289
Hemicrania,-0.45347676,85.992935
Predeposit,-0.4582629,58.284245
Unigenous,-0.46573207,81.249374
Superimposure,-0.47208756,59.977383
Dishwares,-0.48141587,54.903408
Turnipwood,-0.48241448,56.8
Zoopathologies,-0.48310095,60.61732
Calenturish,-0.483932,74.19699
Declines,-0.5009422,59.14045
Aerosats,-0.5075881,50.62766
Gelatinigerous,-0.50793827,68.08019
Quipster,-0.51867545,70.81146
Leatherboard,-0.5193465,58.429607
Topmost,-0.5234317,58.000523
Sindhi,-0.52562416,47.132206
Modifiability,-0.5300078,81.51375
Guillemet,-0.53156835,91.18821
Dethroner,-0.5352998,61.469833
Pollent,-0.5366449,85.99153
Reoccur,-0.5370749,56.28349
Scrubwoman,-0.5376456,54.83487
Hersall,-0.53847873,222.0566
Synoecious,-0.5389,63.424187
Balers,-0.5548762,60.297558
Sextans,-0.5554104,65.1694
Cancerite,-0.5584009,52.42859
Flamelike,-0.5586222,54.318577
Lenaeus,-0.5599009,65.09629
Sexpots,-0.5619942,79.707115
Homicidious,-0.56298006,68.95861
Sapromic,-0.56336045,85.60458
Soddite,-0.57050693,98.425896
Digitals,-0.57078236,58.64065
Sketchers,-0.5756681,62.194923
Chomage,-0.5786061,82.37208
Chiavetta,-0.57904816,72.27161
Breechesflower,-0.5794221,69.75332
Theatricalise,-0.5840004,62.116184
Scotomic,-0.58867013,91.59653
Enclog,-0.59197927,63.187286
Morales,-0.59199554,48.317738
Alburnums,-0.5932515,74.7687
Dinitrile,-0.59329563,63.2983
Bookmarks,-0.59545135,83.935616
Guittonian,-0.5959986,51.909325
Sulphurous,-0.5960692,53.36277
Curran,-0.5970235,66.97105
Succulence,-0.5991127,63.452656
Lutrinae,-0.6005734,76.79567
Chough,-0.6023098,58.65536
Surrenderer,-0.6047826,65.82016
Nonspecial,-0.60492206,59.96183
Outbalances,-0.6081174,96.888916
Midterms,-0.61131525,50.430458
Nonevocative,-0.61295825,64.69403
Sudatorium,-0.61901975,51.174496
Enleaf,-0.6222141,53.49763
Pseudepigrapha,-0.62439144,78.67101
Bitterworm,-0.62658304,93.31215
Homilete,-0.6287884,116.621826
Chignons,-0.6297524,50.223114
Haywire,-0.6303069,71.01566
Renerve,-0.6381148,99.186646
Basaltes,-0.6394919,66.59509
Apothems,-0.6397048,51.41338
Gamier,-0.64791846,91.200455
Prespinous,-0.64927274,69.72435
Quaggiest,-0.65627646,90.05749
Pyrologies,-0.6577596,62.54346
Nonembryonal,-0.6600676,62.813004
Intarsias,-0.6636452,47.640137
Rheostatic,-0.6691618,87.99362
Bicaudate,-0.6717862,96.87875
Ovaliform,-0.6726651,63.584263
Muscarine,-0.67613506,65.3289
Blenniid,-0.6765226,99.167496
Epicranium,-0.6779599,88.083176
Catnip,-0.6818672,63.209934
Spermosphere,-0.6843955,50.467087
Snarlers,-0.6853335,57.57435
Nordicism,-0.68550014,60.84377
Cabook,-0.6855973,61.817635
Archdeaconship,-0.68682384,62.428665
Mercify,-0.6871514,68.11866
Orotherapy,-0.68989515,46.88731
Anthomedusan,-0.7029996,66.37094
Radicle,-0.7051358,65.41923
Semiditone,-0.7054522,124.197014
Balances,-0.7070103,61.327065
Strainproof,-0.70884764,56.757347
Timbreller,-0.7089122,69.6433
Cancellous,-0.71408546,65.423874
Receptible,-0.7171401,81.15743
Germen,-0.719954,75.82232
Dilaniate,-0.7311977,74.37411
Disboard,-0.73436713,52.774757
Cultivations,-0.7381813,50.081917
Dinaric,-0.7423154,53.479084
Megatheriidae,-0.74236524,64.77319
Boxinesses,-0.7453201,70.98849
Overwild,-0.7476157,71.84266
Eurodollar,-0.7529915,48.43108
Stammel,-0.75585425,66.31112
Nonmitigative,-0.75966066,81.08861
Panegyricon,-0.75989246,90.40032
Aubrieta,-0.7608616,71.57516
Bravoite,-0.76281786,74.961784
Coinmaker,-0.76569504,49.219402
Cobeliever,-0.7679914,63.71581
Penduline,-0.7712458,70.47734
Smilacaceae,-0.7737465,83.09618
Backfires,-0.7756759,51.946697
Foreknower,-0.7757047,64.72503
Hussies,-0.77660656,73.27705
Tarsier,-0.7776878,47.237865
Nonenunciatory,-0.77925134,58.14905
Omnivorous,-0.78062016,43.840694
Erethizontidae,-0.7808735,73.06482
Burgages,-0.78269076,54.96679
Diuretics,-0.7851395,49.92408
Estrade,-0.78559387,82.15021
Monoxime,-0.78725576,58.451702
Lightplane,-0.7887487,57.084045
Fireclay,-0.7947885,99.816345
Auspicial,-0.8008587,73.37675
Stratography,-0.8051199,44.89084
Bengali,-0.80699813,61.28751
Dzungar,-0.8095953,80.851524
Goldenest,-0.8121558,80.74943
Hildebrandism,-0.81563735,50.08988
Imides,-0.8169152,47.93857
Garancine,-0.8232458,54.905254
Proteiform,-0.8266072,55.578552
Fidepromission,-0.82953626,58.106567
Paedometrical,-0.83061576,56.65094
Samucu,-0.83158356,57.63068
Netherlandic,-0.836707,67.48465
Evolvent,-0.83738995,83.77488
Auxographic,-0.8400533,59.12449
Lashkar,-0.8402609,62.343742
Prodigy,-0.8445203,45.72766
Scurvies,-0.84564304,64.67765
Anteluminary,-0.85016406,71.446526
Doughbellies,-0.8523844,71.62461
Bilharzial,-0.85350204,71.33925
Mammoths,-0.8555987,47.189457
Unstricken,-0.858938,70.19355
Maturescence,-0.8650641,77.0699
Blesmol,-0.86569345,107.44573
Unitarist,-0.86811304,62.074425
Autoloaders,-0.8744306,50.70562
Soberest,-0.87607324,119.313095
Chromomere,-0.8955692,110.45041
Fruticulture,-0.8965311,74.98352
Remargin,-0.89999557,77.213356
Bacteriology,-0.9013656,47.48539
Togger,-0.9041208,73.629234
Zingel,-0.9071784,88.38686
Pleuronect,-0.9093294,66.09007
Shearsman,-0.918173,88.5085
Episplenitis,-0.9237803,102.04738
Disthrone,-0.92476285,87.17118
Chervils,-0.925269,113.61722
Hostiles,-0.9277097,59.964344
Shofars,-0.9297972,50.09382
Atomician,-0.9356603,76.17456
Fenner,-0.93814296,69.73002
Acaricidal,-0.9413441,62.635754
Glomeruli,-0.94255173,42.05622
Tacheometric,-0.94400644,56.60997
Metronomical,-0.94568264,69.27251
Coccal,-0.9493772,80.83235
Piculs,-0.9544773,68.87731
Cymbocephalic,-0.9549618,69.36143
Sulfourea,-0.9600615,65.52741
Thermoses,-0.9633753,73.11685
Unfalsity,-0.96701103,69.689095
Kronur,-0.97228384,62.867413
Lendee,-0.97235394,67.66526
Exulate,-0.9723906,80.45659
Unremorseful,-0.9730908,90.06142
Mulish,-0.97315985,76.46508
Seacrafts,-0.9763121,88.70962
Hostlership,-0.9807344,120.02001
Reshower,-0.98127043,121.268776
Dissocialize,-0.9894587,82.63362
Squasher,-0.9937225,65.793884
Deresinize,-0.99501944,80.4864
Renitence,-1.0001137,76.31995
Alphonsin,-1.0038276,103.02368
Sewround,-1.004171,93.47023
Epibole,-1.0101452,70.01736
Kitharas,-1.0122259,82.056175
Canopid,-1.0127435,65.87843
Knucklier,-1.0135481,73.78092
Gradientia,-1.014078,48.67788
Salamandroid,-1.0162389,80.84739
Meringues,-1.0171968,68.44381
Astream,-1.0184941,81.46357
Pneumococcous,-1.0268214,57.948734
Hariolize,-1.0284436,98.20661
Semipros,-1.0317307,59.573345
Chloropsia,-1.0341446,77.371254
Riggal,-1.0370358,74.10588
Stallinger,-1.0374897,61.07719
Distain,-1.0395741,58.091118
Pectunculus,-1.0410058,48.38889
Birdbaths,-1.0410942,47.035183
Arianists,-1.0655576,74.55947
Spirituel,-1.0659311,53.3086
Rushland,-1.0680158,53.51634
Dynamophone,-1.0764022,60.82012
Semiannular,-1.0815835,62.394314
Beebreads,-1.0822105,90.602455
Springlock,-1.0833356,95.3777
Mondego,-1.0846639,65.02931
Menshevist,-1.0855451,62.71441
Pantofles,-1.08591,74.96755
Scientism,-1.0925865,50.100742
Breakerman,-1.0932924,64.64128
Planktont,-1.093826,79.89119
Halifax,-1.0953262,50.001743
Spadefish,-1.1020637,57.92227
Vaginectomies,-1.1082256,54.33478
Tropospheric,-1.1153711,52.784027
Justifier,-1.1227684,61.74388
Unidigitate,-1.1241671,72.15755
Coccothraustes,-1.1350274,82.74744
Feteritas,-1.138612,60.366585
Flajolotite,-1.1395354,56.45009
Servet,-1.1416416,88.96725
Breakouts,-1.1474122,42.625645
Counterparadox,-1.1480416,66.56889
Pyopoietic,-1.1495565,86.5633
Tagsore,-1.154431,90.659195
Briers,-1.1570808,53.199673
Stravage,-1.1575582,124.41823
Peridiniaceae,-1.1583833,68.01237
Sceloporus,-1.1622021,62.92777
Laryngoscopies,-1.1624905,59.559696
Maharajah,-1.1687543,58.620735
Macrodontism,-1.1699367,50.668423
Areola,-1.1743916,61.830616
Barbuts,-1.1750586,73.20826
Muckamuck,-1.1782328,69.32381
Cosines,-1.182842,46.887062
Horsebane,-1.1842737,57.97576
Animus,-1.1916928,59.24899
Tracheole,-1.1956071,65.415504
Cuinage,-1.1966566,134.6795
Oversprung,-1.1987908,49.47912
Egards,-1.2020807,83.99384
Progressor,-1.2031121,52.056206
Ontologise,-1.2040305,57.276848
Acidifiers,-1.2056348,53.300426
Semitextural,-1.2128853,61.696384
Indicia,-1.2169981,57.75065
Trajectile,-1.2252705,69.282555
Britannian,-1.2270124,62.400177
Sarcomata,-1.2284522,75.94772
Salivous,-1.2307642,60.06452
Geoglossum,-1.2309688,50.276352
Archdevil,-1.2363511,64.09008
Syriacism,-1.2374487,50.166832
Sepoys,-1.2386296,54.619007
Amylolytic,-1.2386615,63.33932
Ectozoa,-1.2407186,68.67349
Sanghs,-1.2420266,68.8084
Unfatalistic,-1.2423478,85.44383
Bursters,-1.2447811,54.4654
Peltae,-1.2473466,112.44588
Quiddit,-1.2481403,73.39668
Biospeleology,-1.249671,51.12624
Stonegale,-1.2547439,70.806465
Underform,-1.2563758,77.218376
Shoggie,-1.257977,69.41549
Parage,-1.258493,54.88957
Oxidises,-1.2601731,52.233883
Replial,-1.2607594,68.54526
Photodermatism,-1.2616546,65.324524
Pomatoes,-1.2639327,80.07993
Hyenia,-1.264845,64.05177
Nontherapeutic,-1.2650228,75.77802
Badger,-1.2656922,56.231853
Fitchew,-1.2658443,58.400917
Baculites,-1.2676806,62.291374
Hammaid,-1.270044,76.69432
Iwound,-1.2707144,93.62158
Sonship,-1.2721574,51.617172
Insectine,-1.2807087,61.10494
Tidings,-1.2879086,55.980434
Plateiasmus,-1.2918503,55.13932
Dextrocardial,-1.2920723,86.6422
Undershrub,-1.2935599,79.685394
Laccin,-1.2947059,78.97944
Radishlike,-1.3032765,58.428486
Elfhood,-1.3080691,60.98571
Vyrnwy,-1.3100997,77.90628
Flagfall,-1.3134624,76.79582
Serfism,-1.3198841,56.431362
Egracias,-1.320982,62.722412
Ceteosaur,-1.3222262,69.068085
Octopede,-1.3222827,85.35638
Debaucheries,-1.3255568,54.65636
Anhydrate,-1.328468,77.711075
Lentoid,-1.3285934,69.33567
Forelocks,-1.3318998,72.600044
Jockstraps,-1.3364283,60.201855
Zarnec,-1.3384087,58.398823
Carmine,-1.3407309,74.77557
Loomfixer,-1.3430531,64.79997
Mirepoix,-1.3442882,94.02459
Transits,-1.3450902,43.083145
Acutorsion,-1.3536174,66.14178
Bareges,-1.3601595,66.8831
Mothproof,-1.3629738,57.362766
Mesarch,-1.3653647,84.31327
Trunnions,-1.3699048,65.03639
Ampulliform,-1.3708117,73.64856
Bogota,-1.3762788,48.384613
Iodoprotein,-1.3762822,67.656075
Duodenum,-1.3768158,57.630272
Sherardize,-1.3801928,71.93336
Friezes,-1.3824427,61.58585
Potamogalidae,-1.3828888,69.21509
Hesitance,-1.3871605,60.11834
Trinil,-1.3940434,99.73554
Slavism,-1.3960003,64.25645
Rattlertree,-1.3982964,45.51021
Rockbird,-1.4017892,53.42744
Abolitionism,-1.4060938,49.263485
Percheron,-1.406425,82.012596
Pentameran,-1.4143897,66.11561
Taffia,-1.4171666,89.08066
Hingers,-1.4207803,65.57417
Cosset,-1.4209337,78.12811
Rhyton,-1.4251931,72.83613
Spiraeas,-1.4262726,62.363308
Explosive,-1.4358237,60.118168
Torula,-1.438519,72.769035
Epitrichium,-1.4387901,69.92842
Crimpier,-1.4446781,54.55505
Childes,-1.4469693,68.10732
Eximidus,-1.4519354,70.50612
Tyrannidae,-1.454566,64.01609
Temporalism,-1.4556932,79.804016
Wafters,-1.4587283,111.72297
Neurhypnotist,-1.4604787,68.834404
Cotillon,-1.4615088,65.91653
Intercentral,-1.4617511,67.497215
Dosimetrist,-1.4623684,54.75377
Retrovision,-1.4682865,84.50452
Firebreaks,-1.4693599,43.05488
Coruscate,-1.473976,71.08558
Benzonitrile,-1.474158,58.395874
Slummage,-1.4783927,101.22223
Jujuisms,-1.4791551,63.418804
Endoglobular,-1.4811814,98.92697
Shiraz,-1.4812907,64.65457
Seccotine,-1.4867319,68.74062
Doings,-1.4908569,58.25551
Unclamorous,-1.5007656,74.11108
Dermatotherapy,-1.5024421,69.29434
Toxophobia,-1.5129669,83.23381
Sphenographist,-1.5189116,89.80845
Anagrammatic,-1.5346446,96.68768
Anabaptistic,-1.5356885,63.988167
Blackfishes,-1.5379908,59.31771
Retrim,-1.5399231,82.83491
Anthropoidal,-1.5423644,83.44119
Egyptologer,-1.5442356,89.117935
Pranava,-1.5493476,66.29719
Sarcolite,-1.5497353,50.288002
Malverse,-1.5505086,97.6856
Enwood,-1.5561085,72.05268
Bisnagas,-1.5590923,57.927757
Miscredit,-1.5607088,71.47496
Metrostaxis,-1.5615727,73.48124
Fretsaws,-1.5629028,145.8551
Delthyria,-1.5659913,47.959114
Quinanarii,-1.5664369,59.83664
Jobarbe,-1.5694004,103.424225
Xylidines,-1.5701454,67.26531
Stileman,-1.57221,53.26618
Coalmonger,-1.5743449,53.00706
Firebases,-1.5760419,56.15482
Pumice,-1.5769982,56.656384
Andvari,-1.584092,54.978764
Kujawiak,-1.5868977,94.70777
Embryologies,-1.5901417,50.37099
Cosmism,-1.5921693,71.35276
Bengal,-1.5949702,51.10575
Hardfist,-1.6010467,67.52092
Puppyfish,-1.604746,63.656292
Outback,-1.6105955,59.331135
Lidgate,-1.6113431,57.098476
Pignon,-1.6127439,49.503166
Antiricin,-1.6148231,93.242096
Fadmonger,-1.6187695,79.83106
Coderives,-1.6217752,94.1811
Unvicious,-1.622409,75.722916
Pupilability,-1.6268499,70.6851
Pilers,-1.6300178,82.46048
Bottine,-1.6310955,54.400146
Phalangerinae,-1.6340499,70.65198
Dactylozooid,-1.6369895,84.22671
Ampelidae,-1.6379869,57.226364
Lavatories,-1.6380639,54.76303
Struthioid,-1.6420913,107.61941
Utible,-1.6426148,54.07371
Upgrades,-1.6428801,57.54565
Acetocinnamene,-1.6450686,59.366528
Lancelets,-1.6506848,52.801697
Graunt,-1.6521869,70.57822
Reclusery,-1.6534622,51.705124
Azeotrope,-1.6539214,46.195564
Anauxite,-1.6571103,58.321766
Umbilroot,-1.6601332,97.381134
Sorbian,-1.662199,55.444103
Bovids,-1.6641303,52.99198
Beautifier,-1.6670055,67.85811
Azophenylene,-1.6719474,71.89655
Overprominent,-1.6737236,72.21133
Timpanums,-1.6740055,65.11109
Beshade,-1.6757253,59.870895
Tigerlike,-1.6784526,56.99398
Colosseum,-1.6799214,45.918713
Carcinogeneses,-1.6800672,63.17186
Autochthonal,-1.681944,106.14095
Isolates,-1.6835128,60.6188
Procotton,-1.6839057,105.38993
Lacerta,-1.6852086,54.20744
Micrandrous,-1.6872127,107.65134
Proctodeum,-1.6894722,72.99659
Muscovy,-1.6906346,50.92513
Apollonian,-1.693148,55.12761
Sauceplate,-1.7076997,59.669308
Electrotypy,-1.7218603,107.1416
Encapsulate,-1.7228105,229.95729
Gastrovascular,-1.724864,81.36031
Sacristies,-1.726337,76.776726
Thallodal,-1.7272764,123.75465
Metallometer,-1.7292068,80.96156
Intune,-1.7310796,43.591373
Iterances,-1.7317649,60.22493
Baidak,-1.7350512,63.774265
Pileous,-1.739945,64.6975
Polymixiid,-1.743834,65.22459
Smirchless,-1.7523179,59.719364
Submarinism,-1.7532618,68.02974
Sendal,-1.7591661,92.28303
Keelfat,-1.7609015,94.38448
Logans,-1.7622322,93.03782
Penscript,-1.7666048,55.75975
Chiffre,-1.7672912,67.7206
Friandise,-1.7691388,73.39683
Kumbuk,-1.7694511,61.88908
Louses,-1.769848,112.57664
Uninceptive,-1.7710363,63.143776
Polystomata,-1.7767342,60.63883
Contestate,-1.7772826,73.168
Tribromide,-1.777401,53.41007
Peppershrike,-1.7813474,54.950417
Cabiritic,-1.7880218,73.42677
Podiatries,-1.7888207,56.834892
Unknowability,-1.7927784,59.291756
Gestura,-1.7946463,49.45154
Curarizes,-1.796907,59.105434
Synclinical,-1.7985688,80.51677
Thermogenesis,-1.8031051,54.492466
Subdichotomies,-1.8081284,192.24475
Keyster,-1.8088008,57.434464
Demineralizer,-1.8092536,48.211754
Churchwoman,-1.8098298,65.62176
Sulphamyl,-1.814595,80.93136
Unfrees,-1.8162152,83.546844
Noegenesis,-1.8210438,75.41992
Stylelike,-1.8226013,65.833466
Enologies,-1.8234949,52.300144
Shittim,-1.8254311,70.74133
Radiobicipital,-1.8256443,76.36231
Masuriums,-1.831339,57.964603
Lionisers,-1.8337598,58.276073
Hickish,-1.8350574,66.27744
Tither,-1.8361421,87.78111
Welshlike,-1.8404053,55.008873
Pilosine,-1.8445587,80.144455
Lamasary,-1.8475275,62.068394
Bonaventure,-1.8511368,78.76381
Akazgin,-1.8522415,92.67306
Semeiotic,-1.8553544,47.85602
Abstrusity,-1.8600338,57.11969
Carefuller,-1.862164,86.24608
Pelure,-1.8636109,134.57782
Waterlandian,-1.8657093,66.30761
Planetaries,-1.8667324,51.591934
Karpas,-1.868303,100.011505
Monoflagellate,-1.8694928,54.724762
Anticonductor,-1.8754753,99.73262
Rallyings,-1.8774916,68.10911
Disdiazo,-1.8795211,91.15471
Carotenoid,-1.8833879,47.17764
Spiritualiser,-1.8865204,51.931103
Ubiquity,-1.8873844,83.188156
Kukang,-1.888781,66.32184
Epistlers,-1.8902249,82.35485
Ajowan,-1.9082727,71.69001
Checkrows,-1.917024,72.4232
Startler,-1.9206994,62.45586
Flavescence,-1.9247731,97.042694
Titres,-1.9268444,56.358734
Normandy,-1.926906,60.56369
Genesiology,-1.9274329,46.776176
Zootomist,-1.9299755,54.46858
Wangtooth,-1.9303443,72.77316
Klaverns,-1.9330157,90.27148
Coalsack,-1.9345455,62.158115
Onondaga,-1.9346874,60.468895
Permeates,-1.9429538,72.69894
Nivernaise,-1.9470359,96.46837
Formicariae,-1.9542587,53.09239
Serpette,-1.9599695,45.631588
Panurgic,-1.963591,69.27588
Intriguer,-1.9678295,80.34996
Prefixion,-1.9691894,72.31432
Recock,-1.9694357,64.70275
Ruckus,-1.9705542,61.915382
Calamistrate,-1.981107,85.50966
Metamerous,-1.981252,96.30605
Chuprassie,-1.9870223,68.059166
Quadrumvirate,-1.9893609,67.90081
Cathedras,-1.9893928,64.58358
Atlantides,-1.9915451,105.09915
Phaenogenesis,-1.9923078,47.94216
Rorqual,-1.9935637,59.436638
Quattrino,-1.9961491,71.85271
Palmitin,-1.9992454,81.13206
Flandan,-2.0136428,55.62492
Paracorolla,-2.025956,54.561985
Underclay,-2.032135,62.293396
Lepidophyte,-2.0330777,55.066902
Malayalam,-2.036236,51.361534
Barbarizes,-2.0388055,95.582214
Annellata,-2.039257,57.168777
Lochiocyte,-2.0393174,75.03438
Beamman,-2.0416455,69.37007
Sabulum,-2.0559745,86.023026
Naturize,-2.056961,73.45495
Mariticidal,-2.062878,74.14266
Outscold,-2.067267,62.663395
Refrigerative,-2.0687609,61.632954
Preoppressor,-2.0742328,72.174805
Causus,-2.0774937,74.728676
Sugann,-2.0779018,58.87179
Berkeleyism,-2.0798514,61.01553
Dobies,-2.0831852,70.48411
Umpirages,-2.0834217,55.188763
Vaginicoline,-2.0836523,61.39479
Ascitb,-2.0891213,77.95385
Caccias,-2.0894356,61.652027
Brachyurous,-2.0977926,69.70243
Panties,-2.100631,71.73035
Mecodonta,-2.101457,44.30573
Otoneurology,-2.108562,78.99682
Octacolic,-2.109913,82.01897
Anthrophore,-2.1115577,79.690956
Acetamidine,-2.119594,55.529175
Velarize,-2.1209333,77.13591
Redarken,-2.126491,60.558506
Ambisinister,-2.1423516,137.8969
Hydrosilicate,-2.1454,59.991917
Mellific,-2.1456463,62.07026
Chaldaism,-2.1462846,50.46482
Schizocarpic,-2.151988,107.933846
Chokies,-2.1527028,59.356655
Syllabe,-2.1527576,66.573875
Fibrine,-2.158343,58.701866
Sickener,-2.164307,64.59448
Saccharuria,-2.1670318,221.63936
Carate,-2.1695201,75.7659
Tyroglyphid,-2.1703491,115.48148
Presses,-2.190995,74.49874
Piddock,-2.1936047,111.777885
Alogism,-2.2036314,58.98553
Thoughtsick,-2.210603,64.71657
Apandry,-2.218595,99.59123
Decream,-2.2202263,61.763416
Reinduce,-2.2317162,93.68264
Hammam,-2.232141,64.28687
Notholaena,-2.2378457,61.893154
Whangdoodle,-2.2381177,58.90705
Aldamin,-2.247111,66.25915
Monogamies,-2.2475615,97.60942
Fedifragous,-2.2492213,84.89248
Safflowers,-2.2495728,65.00082
Vingtieme,-2.2534094,59.429512
Diaporesis,-2.2653484,67.41295
Unicef,-2.2676432,47.40256
Abiogenetical,-2.271918,52.380543
Unexonerative,-2.2794044,64.87659
Diapasm,-2.2868822,91.60932
Cembalo,-2.2938786,65.9943
Incrassate,-2.2971761,90.08624
Kiesserite,-2.2989273,79.14446
Spoliarium,-2.3034813,81.15259
Tittivator,-2.3080692,80.73609
Mossiest,-2.3149755,65.52301
Larderful,-2.3156545,57.09173
Photoradio,-2.3171375,55.717037
Subtepidity,-2.320817,60.884815
Beatific,-2.331327,59.966263
Interjaculate,-2.3348668,107.22325
Checkrower,-2.3382642,92.2236
Radiatoporous,-2.340529,57.754513
Mexica,-2.3533816,79.1742
Columbines,-2.3550482,57.34786
Paludamenta,-2.355956,74.57776
Ceramidium,-2.3573725,103.35644
Parchmentize,-2.3603196,65.2132
Spileworm,-2.3643613,72.78668
Shoddydom,-2.365485,74.477486
Brassie,-2.3698378,57.03719
Apteria,-2.38294,56.26029
Undamn,-2.391312,93.586494
Petasuses,-2.393006,111.49148
Sulfion,-2.39898,62.523357
Woozier,-2.4025269,81.32178
Timerity,-2.40339,106.79633
Vituline,-2.40489,75.49768
Corroborations,-2.4091887,51.905293
Handybook,-2.4105499,86.44759
Vargueno,-2.4119575,84.0175
Tetraspermal,-2.424492,109.14956
Ocypete,-2.4278264,54.324028
Adulates,-2.4281723,86.134735
Jimbang,-2.4308245,104.31129
Popinac,-2.4331353,81.47831
Plotton,-2.435494,74.596375
Shillelah,-2.4387624,85.29514
Breird,-2.442336,63.203827
Oxytocin,-2.446006,50.44843
Smellie,-2.4524279,74.79941
Broguish,-2.4527662,74.48908
Irrelevant,-2.455991,49.225933
Myonema,-2.4584036,122.99412
Aconuresis,-2.459085,108.74588
Kaoliang,-2.4748926,78.45741
Hormogonous,-2.4840522,77.819824
Melanics,-2.485275,52.70713
Basiphobia,-2.4860754,66.42397
Predriller,-2.491919,72.40911
Sudoriparous,-2.49309,70.19967
Lavehr,-2.496071,63.64279
Isotach,-2.4994178,132.87158
Makutas,-2.5024805,58.041237
Paralogism,-2.502924,49.414005
Ravenry,-2.5079796,71.35798
Homuncule,-2.5095198,95.77268
Lactigenous,-2.5102859,134.16489
Retrample,-2.511824,134.16039
Cladophorales,-2.513609,72.522514
Jageer,-2.514196,57.58415
Galopade,-2.5157788,126.984634
Phalanges,-2.5162172,83.98337
Epithalamy,-2.519236,76.87012
Subinternal,-2.5265067,58.54661
Digenic,-2.5279574,85.79033
Novatianist,-2.5309427,78.18833
Waterbrose,-2.5392458,72.61962
Priestianity,-2.539923,69.14845
Redivision,-2.5444288,78.740654
Wasatch,-2.5571747,65.502914
Biosystematy,-2.5611455,73.50584
Rankish,-2.56401,70.916405
Philologastry,-2.564207,66.4013
Silvex,-2.5650206,61.86521
Ganowanian,-2.570731,68.31564
Czarism,-2.580293,96.47567
Phlyctenule,-2.5815449,75.00051
Hymenic,-2.591908,95.51857
Thynnid,-2.5952513,90.08643
Nonorthodox,-2.6043062,67.642334
Forkbeard,-2.6093779,61.772892
Caruncular,-2.6203537,93.5155
Stanjen,-2.6255481,69.82873
Proletarianism,-2.6264908,49.517826
Caickle,-2.6265404,136.22325
Imperialize,-2.6286075,91.3847
Aplacophora,-2.6290588,73.64208
Scabrous,-2.6354153,76.679214
Craisey,-2.6354277,126.282845
Botchiest,-2.6390336,62.92589
Hemispasm,-2.6411085,70.90134
Sulfureous,-2.6546767,61.146343
Gelder,-2.658855,80.19076
Clerids,-2.6609387,101.79459
Feeless,-2.6633005,78.728714
Chelem,-2.676949,57.200367
Phyllodia,-2.677186,51.76475
Calvous,-2.6855133,58.48538
Varsal,-2.704471,89.92743
Skatikas,-2.7077324,71.13375
Trematosaurus,-2.7099912,51.85946
Bangtails,-2.7232168,58.283936
Conquinamine,-2.7241433,79.40611
Sageer,-2.72833,62.468967
Dispersonalize,-2.7302291,60.135647
Cassiopeia,-2.7315867,90.2365
Leukosis,-2.7337282,75.22591
Practicianism,-2.737372,62.24773
Predefence,-2.7422552,87.019295
Fumier,-2.746567,56.52112
Malefactresses,-2.7495239,83.56227
Squamipinnate,-2.760031,72.67761
Unblade,-2.7635543,75.00392
Elaphrium,-2.7657485,50.85876
Powldoody,-2.765809,102.21506
Mustachio,-2.7668788,69.02937
Vomicine,-2.7674124,62.99839
Keraunophone,-2.7745113,55.977776
Endoplastron,-2.775725,94.658394
Supersatisfy,-2.7761898,77.139755
Anabiotic,-2.7765284,69.548874
Abroad,-2.7859497,47.072124
Ringgit,-2.787668,66.63961
Innative,-2.791814,97.842606
Propanes,-2.7920127,100.55086
Goeduck,-2.7956705,69.341324
Palmus,-2.8044834,68.52588
Kaffraria,-2.8056626,75.91377
Maizenic,-2.8123105,72.04155
Peronium,-2.8126917,66.66736
Polyphote,-2.8228903,92.36538
Conspissate,-2.825662,100.30402
Immask,-2.8290222,63.93767
Fringehead,-2.838397,73.5293
Myxolipoma,-2.8423793,66.71867
Lamblike,-2.8430016,49.122036
Dopper,-2.8433244,89.88501
Amaranthoid,-2.8601701,63.69137
Atumble,-2.860317,80.56296
Gralloch,-2.8747072,61.277153
Laryngorrhea,-2.8780084,77.35702
Goatsbeard,-2.895848,56.27932
Audiles,-2.8962412,75.46184
Sleighs,-2.907812,77.33212
Cookey,-2.9113064,71.91786
Melospiza,-2.920328,126.10518
Inique,-2.9248495,58.835728
Isodimorphic,-2.9252577,82.554085
Postauditory,-2.926572,63.550304
Merwoman,-2.9332602,54.97091
Thunderers,-2.937147,71.61646
Millimicron,-2.9405475,98.2269
Pinwale,-2.946105,90.712814
Caulicule,-2.9465413,46.751675
Odontocele,-2.9619105,59.32802
Tolualdehyde,-2.9667957,61.828552
Reearn,-2.9754589,79.33001
Zongora,-3.0071433,57.236446
Ophian,-3.0082169,69.113075
Cisplatine,-3.0113814,70.81552
Zwinglianism,-3.011783,78.86275
Wannigan,-3.0246072,71.78229
Embryulculci,-3.0267613,87.37353
Secreta,-3.028325,51.89068
Astigmometer,-3.0303187,53.84171
Bandits,-3.0466788,50.325138
Quaresma,-3.0577774,48.456177
Synapticulate,-3.061257,57.074432
Esoterist,-3.0623763,71.74339
Comourn,-3.0645728,62.731934
Zanclidae,-3.0646987,80.3319
Neurones,-3.0661688,95.96794
Hetaery,-3.072319,66.96818
Encephalosis,-3.0731187,98.66483
Fabricate,-3.0778477,99.949295
Ethmolachrymal,-3.0901008,161.24677
Collectioner,-3.090982,76.73677
Youdendrift,-3.093854,153.15045
Sadducees,-3.1026907,51.912804
Gymnoconia,-3.1033442,67.97634
Imposthumate,-3.108871,75.34462
Tegular,-3.1122155,127.06799
Nonpapist,-3.113108,84.36854
Unfoxy,-3.1175597,95.08581
Siskins,-3.1216698,85.98095
Paruria,-3.1246083,61.19144
Whissle,-3.1318765,108.4455
Zendician,-3.132038,74.48821
Antienthusiast,-3.147947,82.13082
Muscovadite,-3.1509514,79.24323
Splenoma,-3.155072,107.466484
Monothalamic,-3.1571329,104.296906
Uronology,-3.1621275,73.14904
Pyroline,-3.1623638,70.134796
Furciform,-3.1671715,88.59128
Psychometry,-3.1673982,57.545227
Rantism,-3.1676247,68.53876
Pyrrhuloxia,-3.1745718,108.06606
Shuddersome,-3.1812148,69.749825
Jaspagate,-3.1838794,84.709984
Peaces,-3.1864245,74.98923
Amenta,-3.1903179,70.07387
Bearcoot,-3.1997492,62.552025
Ouzels,-3.2062204,46.916046
Haflin,-3.2095945,86.505516
Badiaga,-3.2157629,57.23405
Underlease,-3.2181473,57.430653
Apospory,-3.2258708,92.31567
Kabbala,-3.2285585,56.924744
Lobeless,-3.229125,71.868706
Perineoscrotal,-3.2398703,63.428337
Shibahs,-3.2516599,57.103863
Ceroline,-3.2598913,56.776978
Jasperite,-3.2660658,74.57725
Clamcracker,-3.2671533,78.4454
Troves,-3.26716,55.747757
Wenchman,-3.2747245,77.30087
Greengill,-3.2778828,140.89366
Warrty,-3.2817972,99.599365
Zymometer,-3.2850494,69.32912
Balldress,-3.286856,91.70314
Barratries,-3.2880232,74.03776
Scoliotic,-3.2947595,64.71105
Noninductive,-3.303553,53.64086
Aunthoods,-3.307873,61.20867
Alkylates,-3.3187883,66.40832
Antemural,-3.3192832,92.60388
Atheriogaea,-3.3233814,56.40141
Mandoline,-3.324558,75.40252
Babool,-3.3261023,67.31492
Nonaccentual,-3.3265808,90.49628
Glucokinin,-3.3319278,83.74725
Hypopharynges,-3.3399274,84.557396
Berigora,-3.34802,83.14516
Protaxial,-3.3566904,146.58357
Finetop,-3.3676214,83.23621
Helicopts,-3.3705559,73.54537
Prelect,-3.3713822,57.006687
Eccrinology,-3.372885,58.619915
Trisyllabical,-3.376395,67.88813
Apparentements,-3.376505,251.97313
Matajuelo,-3.3793454,69.55145
Thebain,-3.3822458,90.62822
Flypasts,-3.3832858,119.61557
Clinocephalus,-3.387635,57.33238
Haftaroth,-3.3902726,63.90811
Extreat,-3.4070048,93.05052
Chrysophanic,-3.4129767,77.99238
Wapitis,-3.4363713,68.33713
Tangipahoa,-3.4492757,63.805378
Renomee,-3.4509273,73.551285
Mareschal,-3.4512126,97.016525
Dahabiahs,-3.4677486,72.53948
Dicyanide,-3.4737957,94.04719
Waferwoman,-3.5000718,79.0559
Yeelin,-3.5013208,92.16671
Fructoses,-3.5045443,56.24105
Untaste,-3.5060546,112.28592
Engrosses,-3.5166934,72.69659
Thionate,-3.5236108,94.29306
Instructors,-3.544436,55.840393
Apoquinine,-3.556694,72.36402
Dictatress,-3.5628693,112.31003
Anoterite,-3.5648203,104.05048
Unabsolute,-3.5654974,60.36963
Savagest,-3.5675807,134.62318
Inkhornizer,-3.5804312,78.582855
Caiman,-3.5821307,64.616875
Unegoist,-3.5863974,71.99182
Berberidaceae,-3.5966752,76.83904
Furfuramid,-3.598,65.94633
Gastrophilism,-3.614813,59.810375
Tsotsi,-3.6276965,80.08809
Bajocco,-3.632447,54.635883
Counterbuff,-3.6333723,88.39335
Abcoulomb,-3.636835,81.39739
Hacendado,-3.64483,103.270424
Lanuginose,-3.6470878,82.43663
Fricti,-3.6541781,71.165955
Tyleberry,-3.6631672,73.0096
Ratlins,-3.665394,93.58533
Xanthogenamide,-3.6719296,73.81571
Rhynchonelloid,-3.6738951,95.215195
Semiliberal,-3.683757,98.987625
Cosmosophy,-3.6944995,61.264053
Roncos,-3.707641,66.54469
Nannander,-3.7089512,65.5585
Angiopressure,-3.7156603,81.47097
Corvinas,-3.7190654,69.053925
Brunonism,-3.7304032,65.33272
Loather,-3.7319221,83.813255
Saintdoms,-3.7326562,66.209045
Landwrack,-3.7336962,62.040485
Dentiscalp,-3.7405956,80.48311
Withstrain,-3.7568343,92.30696
Guajira,-3.7651436,64.700714
Chansonette,-3.7834728,89.18463
Rohilla,-3.7877722,62.86773
Alberich,-3.7918124,78.7743
Bunkery,-3.8010619,77.61788
Furunculus,-3.815796,82.19208
Blemisher,-3.8212924,86.44352
Strass,-3.8263412,63.481503
Fluoridize,-3.836564,79.027626
Bhisties,-3.8367455,78.37683
Tristive,-3.8438694,77.28337
Glossoscopy,-3.8494093,74.532326
Rhabdos,-3.8547041,80.89875
Begiggle,-3.8696384,84.43381
Proanaphora,-3.8826923,82.09028
Failles,-3.8837774,82.6362
Sublacustrine,-3.8842778,113.57914
Canalize,-3.8844986,121.81425
Taunters,-3.8909605,82.78839
Chorioadenoma,-3.9020028,81.7593
Apothegmatize,-3.9221365,87.19059
Ericineous,-3.9377577,70.25436
Fieldleft,-3.9422603,63.69709
Unconversion,-3.9501667,79.991165
Kilobytes,-3.95622,79.288475
Lemovices,-3.9630737,119.82444
Overtare,-3.9877253,87.99732
Volost,-3.9987288,68.15848
Subpulverizer,-4.006625,84.266235
Nonspill,-4.009983,72.668846
Egeria,-4.01953,73.47982
Blunnen,-4.042939,57.762463
Sabbathaic,-4.0446734,55.33389
Puristical,-4.0540957,72.35036
Postmuscular,-4.0545826,74.91
Micellae,-4.05738,89.92217
Excambion,-4.067774,72.00757
Rephael,-4.073309,72.59695
Underfall,-4.073551,96.74834
Clonicotonic,-4.102902,117.256775
Unequability,-4.107681,90.737305
Spleetnew,-4.113283,63.568207
Toxoglossa,-4.113339,83.74633
Confessionist,-4.1510167,89.28327
Tidesman,-4.1687846,119.297485
Peacockiest,-4.172889,89.80975
Caroigne,-4.180494,61.13926
Leaseback,-4.1846104,61.107
Weissnichtwo,-4.190632,113.91696
Sulphamide,-4.1958117,66.14924
Opiumism,-4.20723,66.147385
Rasalas,-4.213652,83.42765
Beguard,-4.216424,75.55387
Pinecones,-4.2173505,66.58581
Fenestella,-4.226013,84.20906
Sintsink,-4.242587,71.30286
Dadupanthi,-4.2425947,64.27364
Novelise,-4.2459183,66.65297
Scatty,-4.248223,80.674644
Platinotype,-4.2524295,69.2684
Plotties,-4.2600627,71.23945
Notanduda,-4.274524,138.6446
Vasiferous,-4.289194,90.36876
Sudoral,-4.292287,80.86193
Cantatory,-4.305068,70.35782
Obliges,-4.3090415,91.79036
Epigrammatism,-4.3118677,89.4067
Ostreidae,-4.3150277,70.27931
Satinfin,-4.3215466,76.5648
Amebae,-4.3269987,139.69194
Thesmothetae,-4.3289404,64.59964
Homatomic,-4.331186,130.18932
Snapwood,-4.3374834,66.833885
Cacajao,-4.3427825,119.45709
Sacramentalis,-4.3477397,94.857605
Trehala,-4.36643,70.07408
Rhodospermeae,-4.373272,61.639145
Anguses,-4.380799,81.58243
Boselaphus,-4.388219,96.61908
Pashaship,-4.4058595,58.48199
Prorectorate,-4.4178057,145.8153
Taluche,-4.4488444,72.17966
Goyana,-4.4508824,64.45947
Acrindoline,-4.4513426,89.809135
Mishit,-4.453835,58.52881
Gedunk,-4.464258,75.14562
Monometallism,-4.4720364,78.5093
Noncarbonate,-4.4847717,69.16354
Pentabasic,-4.5048065,81.82984
Ossianize,-4.5526733,73.36993
Septemberist,-4.556247,70.00737
Wourari,-4.556885,55.4895
Iberite,-4.5619926,101.95099
Stercoraceous,-4.5682173,86.19116
Balatas,-4.5868955,85.76811
Parosmic,-4.5886865,116.092094
Underpetticoat,-4.6019316,121.2834
Identism,-4.625309,86.93507
Nonatmospheric,-4.634356,80.8952
Bullyrags,-4.6381936,136.74733
Jigaboos,-4.6423593,120.32518
Extollers,-4.6451554,82.396645
Somasthenia,-4.647398,87.83046
Warniss,-4.666751,70.402916
Metapodiale,-4.6682844,99.06945
Albuminise,-4.687456,62.12217
Cazimi,-4.695309,89.21016
Philotherian,-4.707651,108.94007
Latebricole,-4.7364635,72.356674
Amentaceous,-4.7544413,68.322014
Bedrivel,-4.7670326,109.45575
Palpulus,-4.7678776,104.78805
Ralstonite,-4.776156,58.866016
Celtist,-4.777823,89.421364
Hucklebone,-4.7830105,95.01103
Lingams,-4.8108535,88.63573
Nanosomus,-4.8237844,69.739395
Trigonocerous,-4.8646026,75.0842
Complexionist,-4.9033375,88.27747
Sylvate,-4.9274893,106.46493
Proctorize,-4.9390616,138.80498
Semimucous,-4.9458704,91.160866
Chingma,-4.9487944,69.34906
Libral,-4.9510965,65.16576
Nabatean,-4.9702163,74.37902
Assurate,-4.9741926,90.78316
Angiosymphysis,-5.0113053,180.17505
Nihilobstat,-5.0231757,101.81318
Insomnolency,-5.0989246,79.81042
Molochs,-5.1068645,85.283966
Keelhale,-5.1362643,78.13743
Piquiere,-5.1506305,107.42332
Sectarist,-5.162878,89.979034
Bowsie,-5.1719093,68.281364
Mediofrontal,-5.205253,77.03605
Undulationist,-5.2112045,89.10527
Certosino,-5.226194,85.20316
Sympetalous,-5.230107,121.2345
Ootocoidea,-5.2384295,84.622696
Nondesignate,-5.2411885,64.45156
Acalycine,-5.242523,117.13483
Sebiferous,-5.245677,92.184326
Beryllosis,-5.264437,81.776
Onionlike,-5.26612,106.71048
Hexacorallia,-5.267803,68.6107
Caulomic,-5.2798696,75.51677
Predentata,-5.280606,156.4316
Fableist,-5.2964206,84.879
Sibyls,-5.296506,63.86845
Scyllioid,-5.2993045,87.35732
Precontrives,-5.305974,76.79993
Phlegmless,-5.309152,71.6229
Sarmenta,-5.3156333,58.22326
Brelan,-5.3193665,97.743454
Bartramian,-5.339133,145.16003
Grewsomest,-5.348656,92.97164
Splashier,-5.364531,58.094616
Cribose,-5.3663516,99.629814
Crucibulum,-5.368788,121.2847
Subungulata,-5.3808246,65.280876
Acrylaldehyde,-5.4046545,82.19829
Medusas,-5.418645,74.5803
Occlusor,-5.4349976,95.90819
Gymnoglossa,-5.436035,57.707695
Substrative,-5.4885154,81.72747
Alumian,-5.4885726,87.40082
Goniotropous,-5.49073,108.303665
Caimitillo,-5.493582,65.80472
Frasier,-5.50661,65.58147
Semiterete,-5.50884,139.84088
Pyloroscirrhus,-5.5127993,72.913536
Gemuetlich,-5.5198245,110.483734
Yercum,-5.522127,88.5509
Limity,-5.5223145,77.29712
Scleroses,-5.5290027,77.77222
Blesboks,-5.5593185,99.54248
Guillotinist,-5.563123,101.80129
Chalcidica,-5.6103315,61.96622
Tawneys,-5.6146793,73.4335
Diatesseron,-5.616198,166.60582
Araucano,-5.638249,64.5733
Prehistorics,-5.6544757,97.59586
Plighters,-5.660277,60.136353
Consute,-5.676768,76.546776
Zorotypus,-5.6796436,105.377144
Sawsharper,-5.6937714,94.9979
Moldwarp,-5.710091,119.58183
Canapina,-5.741252,79.58851
Absolvent,-5.744361,83.590706
Illuminatism,-5.7896705,77.57206
Haveage,-5.8146467,186.28464
Sortita,-5.832438,96.00303
Pansophist,-5.8362956,100.849846
Potties,-5.862765,61.49931
Pyelitic,-5.8651466,90.19826
Osteoplaque,-5.8804235,91.42147
Tresis,-5.8867707,60.515522
Gingals,-5.898532,116.889725
Sinanthropus,-5.9180636,99.10295
Mandorla,-5.923835,78.24624
Apaesthesia,-5.925802,74.69806
Anomurous,-5.9313803,127.44059
Paravesical,-5.942021,84.74292
Trophoplasmic,-5.951254,88.244484
Achlamydeae,-5.951868,74.809135
Strongylon,-5.954133,107.44483
Prerich,-5.9581122,74.3941
Slimnesses,-5.9624505,156.23553
Priestshire,-5.979035,74.25074
Subsimian,-5.984828,136.53795
Agastric,-5.985671,121.85509
Platydactylous,-5.987797,70.33357
Protovestiary,-6.0086513,101.73746
Securifer,-6.047792,78.74157
Didromy,-6.0716257,95.0001
Masora,-6.0906005,99.88633
Limbec,-6.109449,92.99451
Heterophaga,-6.1148267,52.74122
Orthostati,-6.1153717,78.837364
Judger,-6.1303625,98.524635
Musculodermic,-6.1521125,99.26248
Chalazogamy,-6.164134,115.173676
Orangeat,-6.1663756,97.230736
Demesmerize,-6.196475,87.87193
Thermopleion,-6.2521195,194.80704
Incanous,-6.262017,91.08545
Metaphrast,-6.2663174,91.84058
Wellstrand,-6.2935023,78.60226
Fidejussionary,-6.310275,70.56571
Plattnerite,-6.3226056,73.23344
Dipteros,-6.3375916,100.037346
Grundyist,-6.356928,80.075195
Discernible,-6.400918,81.68196
Systemizer,-6.4063787,127.5038
Odontotormae,-6.422517,84.85375
Pearmain,-6.429674,176.48134
Protonymph,-6.442917,104.4027
Cybister,-6.4696465,83.77819
Introdden,-6.487786,86.00151
Birminghamize,-6.5090017,78.02276
Sofane,-6.5095057,77.993614
Epimyocardium,-6.5191164,71.04982
Characteries,-6.5431585,75.46764
Hulverhead,-6.54405,71.60025
Angiasthenia,-6.558898,106.64798
Aiolis,-6.5773993,73.63185
Tarantism,-6.612884,84.62397
Centraxonial,-6.6170416,84.26943
Ooscopy,-6.632695,91.80951
Seamew,-6.6361113,75.25426
Haplonts,-6.661534,82.34385
Teinoscope,-6.664337,84.968575
Scorpios,-6.674466,141.44183
Pylethrombosis,-6.7094545,70.902336
Millpost,-6.735288,105.71167
Retromingent,-6.7491956,180.54005
Petrogram,-6.7605643,61.7941
Unstill,-6.7751536,78.63908
Shacklebone,-6.8290396,84.24572
Alliterates,-6.899261,138.36382
Boondocker,-6.9175434,140.35934
Glossiphonia,-6.9300327,223.20561
Spongeless,-7.0834627,107.777756
Knapbottle,-7.104138,85.6814
Interantennal,-7.1097994,94.944786
Cinclus,-7.1218643,121.898506
Pullicat,-7.124707,88.679276
Siluroidei,-7.192641,145.8442
Anemochoric,-7.209982,87.9369
Unhabituate,-7.2168355,156.18921
Invernesses,-7.221033,224.58496
Isotrimorphous,-7.231814,119.07287
Ferrometer,-7.2368784,101.54516
Squacco,-7.2671776,163.82161
Lewanna,-7.268217,104.55516
Ultrasimian,-7.306435,108.9612
Ingrate,-7.33444,108.6388
Hereditative,-7.40421,83.46814
Influenzic,-7.416407,124.95359
Albatrosses,-7.4625006,74.26415
Liquidogenic,-7.506854,157.76392
Paratomium,-7.547059,73.480095
Limeless,-7.573558,86.829796
Laurelwood,-7.5810847,63.37957
Spalpeen,-7.626937,83.69769
Dandriff,-7.6525984,103.35073
Aitutakian,-7.7011213,83.758965
Tautegory,-7.7081203,93.28663
Limnoria,-7.7117424,138.85428
Mothless,-7.7672343,159.56696
Dhootie,-7.771528,80.32998
Kalsomine,-7.94513,143.9039
Syringium,-7.992133,81.65325
Bandurria,-8.183699,127.53682
Carcinophagous,-8.272807,111.28167
Ophthalmite,-8.285581,94.39129
Tanniferous,-8.296907,117.84675
Ultralenient,-8.310541,206.96617
Supercolumnar,-8.313731,99.22925
Ototoi,-8.367741,104.0705
Capitasti,-8.378263,111.72614
Hyperaeolism,-8.380974,88.121544
Pssimistical,-8.396681,110.91614
Heterocaryosis,-8.431775,65.94995
Auriphrygia,-8.464727,128.88626
Espanol,-8.493863,96.0012
Hadjees,-8.5654545,133.13327
Colorifics,-8.56751,118.69912
Deguelin,-8.629117,180.64478
Surmisal,-8.804643,86.73624
Sammer,-8.90361,77.27826
Subvicarship,-8.903642,134.6379
Tungstosilicic,-9.004773,104.34568
Trasteverine,-9.037785,110.33414
Coumarane,-9.071523,86.32553
Koeksotenok,-9.169654,77.22653
Postlaryngal,-9.271514,79.86146
Verminous,-9.284522,176.75853
Largos,-9.599797,126.19313
Antileft,-9.609099,90.47363
Noneradicative,-9.638243,118.99136
Angelolatry,-9.638605,83.69963
Rheumatismal,-9.688737,148.18591
Homoiousia,-9.859774,84.85289
Taeniacide,-9.901796,125.19543
Iridodialysis,-9.975967,118.609245
Kalathoi,-9.981874,101.86365
Pratiloma,-10.030905,154.69168
Remeet,-10.161396,231.22849
Tirrivees,-10.193506,89.62196
Nepouite,-10.194014,239.77336
Huiscoyol,-10.2848625,96.33841
Heteromya,-10.3461,84.55884
Gombroons,-10.565372,147.05998
Goalee,-10.718149,92.05287
Petrotympanic,-10.830039,139.75836
Semiorbiculate,-11.043454,145.77425
Shuvra,-11.212245,144.80171
Hamulous,-11.246597,189.01048
Ptenoglossate,-11.580095,100.907295
Baryphonia,-11.758057,93.434616
Noncognate,-11.856649,115.33327
Muzhik,-11.914232,133.00117
Aporrhoea,-11.979398,125.45859
Angliae,-12.051262,106.217545
Pelargi,-12.487538,138.26665
Kulmet,-12.974636,119.96114
Preformulate,-13.178593,127.25905
Postcavae,-13.596739,121.21369
Chartophylax,-13.699161,103.390915
Topman,-13.903273,142.49211
Disamis,-14.574874,207.27083
Brontolith,-14.585556,128.79875
Aguglia,-15.399965,191.06607
Kalamian,-15.608316,185.08237
Overallegorize,-15.823033,110.3089
Reexecute,-15.922967,160.56503
Bimensal,-16.109186,142.48128
Pyromucyl,-16.186798,124.98523
Guayroto,-17.410198,179.17583
Intensify,-17.766317,158.48793
Dietzeite,-17.805782,108.57178
Leoncito,-18.458832,228.70923
Plagianthus,-21.353989,156.10582
Gorgio,-24.622644,250.80621
Vintage,-106.95029,140.635
Boolean,-114.9506,151.6993
Current,-125.60159,154.52911
Australian,-166.23792,200.92465
Patients,-206.8831,225.15318
Manufact,-217.9248,237.3637
Canister,-316.2427,341.57693
Duplicate,-334.418,351.61627
Textures,-356.53314,369.96118
Instantiate,-383.81836,404.39417
Wizard,-924.9621,934.14404
