entity,l2_delta
Wizard,934.1441
Counter,525.2115
Ownership,486.3987
Serial,469.5733
American,466.35822
Because,451.62817
Outdoor,421.9312
Instantiate,404.39417
Textures,369.96118
Duplicate,351.61627
Canister,341.57693
Vestries,253.29965
Apparentements,251.97313
Gorgio,250.80621
Nepouite,239.77336
Manufact,237.36371
Remeet,231.22849
Encapsulate,229.9573
Monopodes,228.94673
Leoncito,228.70923
Patients,225.15315
Invernesses,224.58495
Glossiphonia,223.20563
Hersall,222.0566
Saccharuria,221.63936
Dialog,220.9476
Disamis,207.27083
Ultralenient,206.96617
Phlebostrepsis,203.2994
Cainite,201.19026
Australian,200.92465
Layout,200.79459
Manubaliste,199.2459
Thermopleion,194.80702
Subdichotomies,192.24475
Aguglia,191.06607
Hamulous,189.01048
Skokiaan,188.98631
Opacate,187.90009
Haveage,186.28462
Devitrify,185.28574
Sempiternize,185.23053
Kalamian,185.08238
Sortilegi,182.29494
Retrude,181.74028
Deguelin,180.64478
Retromingent,180.54005
Angiosymphysis,180.17505
Guayroto,179.17581
Verminous,176.75853
Pearmain,176.48134
Wagnerist,172.403
Redintegrator,170.45325
Disseizor,169.28827
Technology,167.74753
Diatesseron,166.60583
Squacco,163.82161
Warmmess,163.31529
Underfelt,161.56854
Ethmolachrymal,161.24677
Reexecute,160.56505
Mothless,159.56696
Intensify,158.48793
Liquidogenic,157.76392
Predentata,156.4316
Slimnesses,156.23555
Unhabituate,156.1892
Plagianthus,156.10582
Pratiloma,154.69168
Current,154.52911
Degreewise,154.39938
Recodifies,153.41112
Youdendrift,153.15045
Eclaircise,152.08183
Boolean,151.6993
Rheumatismal,148.18591
Numnah,147.45042
Psammitic,147.39001
Gaffsail,147.12909
Gombroons,147.05998
Barrenest,146.7162
Protaxial,146.58357
Fretsaws,145.8551
Siluroidei,145.8442
Prorectorate,145.81529
Semiorbiculate,145.77425
Bartramian,145.16005
Shuvra,144.80171
Kalsomine,143.9039
Jarsful,143.8609
Topman,142.49213
Bimensal,142.48128
Prosuffrage,141.45549
Scorpios,141.44182
Giantish,141.39352
Greengill,140.89365
Vintage,140.635
Boondocker,140.35934
Semiterete,139.84088
Petrotympanic,139.75838
Extenuative,139.72267
Amebae,139.69194
Missionaryship,139.44487
Excogitates,139.00089
Limnoria,138.8543
Proctorize,138.80498
Notanduda,138.6446
Alliterates,138.36382
Pelargi,138.26666
Ambisinister,137.8969
Raunge,137.811
Phlebalgia,137.72084
Cloudage,136.95222
Bullyrags,136.74733
Subsimian,136.53795
Caickle,136.22325
Nonecliptic,135.03375
Cnidophobia,134.862
Cuinage,134.6795
Subvicarship,134.6379
Savagest,134.62318
Enstate,134.59612
Pelure,134.57782
Lactigenous,134.1649
Retrample,134.16039
Crampoons,133.74127
Hadjees,133.13327
Signlike,133.02681
Muzhik,133.00117
Daughtership,132.95691
Isotach,132.87158
Prepositorial,132.16602
Lavinia,131.07121
Hydrophyton,130.26492
Homatomic,130.18932
Auriphrygia,128.88626
Decastich,128.84764
Brontolith,128.79875
Pluriparity,127.85707
Intercivic,127.85646
Morencite,127.61893
Bandurria,127.53682
Systemizer,127.5038
Anomurous,127.44059
Preformulate,127.259056
Tegular,127.06799
Galopade,126.98464
Myophysical,126.83303
Heiressdom,126.51515
Craisey,126.282845
Largos,126.19313
Melospiza,126.10518
Aporrhoea,125.45859
Taeniacide,125.19543
Eupnoea,125.00034
Pyromucyl,124.98523
Influenzic,124.9536
Wheretill,124.50008
Stravage,124.418236
Semiditone,124.197014
Dacoitage,123.75494
Thallodal,123.754654
Myonema,122.99412
Slavicist,122.933945
Betaken,121.94527
Deiphobus,121.93825
Cinclus,121.898506
Agastric,121.85509
Canalize,121.81425
Crucibulum,121.2847
Underpetticoat,121.2834
Reshower,121.268776
Sympetalous,121.234505
Postcavae,121.21369
Dualin,120.5956
Jigaboos,120.32518
Hostlership,120.02002
Calotypist,119.97419
Popode,119.97174
Kulmet,119.96114
Lemovices,119.82444
Campanist,119.67936
Flypasts,119.61556
Moldwarp,119.58184
Cacajao,119.457085
Saturnine,119.41463
Soberest,119.313095
Tidesman,119.29749
Isotrimorphous,119.07286
Noneradicative,118.991356
Excerptive,118.97645
Scholiums,118.80178
Oosporange,118.76886
Colorifics,118.69912
Iridodialysis,118.609245
Allosyndetic,118.46012
Proseman,118.38841
Plumelets,118.38819
Tanniferous,117.84675
Clonicotonic,117.256775
Acalycine,117.134834
Gombay,116.985504
Stepony,116.92194
Gingals,116.889725
Adenitis,116.715225
Kiteflier,116.67906
Homilete,116.62182
Quadrennia,116.585
Harbingership,116.44622
Worriecow,116.25267
Arugolas,116.132996
Tinpot,116.12329
Parosmic,116.0921
Tyroglyphid,115.48149
Noncognate,115.33327
Splashboard,115.31176
Chloanthite,115.25642
Chalazogamy,115.173676
Antipendium,114.96992
Chlorococcus,114.46146
Eclipsareon,114.43529
Insteam,114.37008
Metropolitical,114.02172
Tholus,113.980545
Aquinist,113.962204
Blatterer,113.930336
Weissnichtwo,113.91696
Chervils,113.61722
Sublacustrine,113.57915
Intertown,113.119286
Frankfold,112.79467
Louses,112.57664
Indicatoridae,112.51471
Peltae,112.44588
Dictatress,112.31003
Untaste,112.28591
Prefurlough,112.282104
Noncomplicity,112.193306
Piddock,111.777885
Derere,111.72825
Capitasti,111.72614
Wafters,111.72296
Nonclimactical,111.72219
Petasuses,111.49148
Aftermost,111.402916
Carcinophagous,111.28167
Pssimistical,110.91614
Prizefighters,110.764404
Phyllostomous,110.75474
Subsensuous,110.750885
Gemuetlich,110.48373
Chromomere,110.45041
Submediocre,110.40338
Slojds,110.36463
Jabules,110.35489
Trasteverine,110.33414
Overallegorize,110.30891
Byreman,110.01163
Goatees,109.82321
Victimizer,109.66041
Spadones,109.61481
Bedrivel,109.45574
Coarctate,109.42239
Skeeters,109.24512
Arythmias,109.213234
Tetraspermal,109.14956
Ultrasimian,108.9612
Philotherian,108.94008
Periwinkler,108.91622
Aconuresis,108.74588
Sanhedrim,108.67939
Frippery,108.67203
Ingrate,108.6388
Dietzeite,108.57178
Whissle,108.4455
Ubiquitary,108.38455
Goniotropous,108.303665
Indicavit,108.16775
Pyrrhuloxia,108.06606
Mitrate,107.97753
Schizocarpic,107.933846
Fossicker,107.91414
Spongeless,107.77775
Micrandrous,107.65134
Struthioid,107.61941
Uncage,107.53073
Splenoma,107.466484
Blesmol,107.44573
Strongylon,107.44483
Piquiere,107.42332
Iulidan,107.404884
Interjaculate,107.22324
Sciolists,107.145065
Electrotypy,107.1416
Timerity,106.79633
Umbellales,106.72388
Onionlike,106.71048
Angiasthenia,106.64799
Sylvate,106.46493
Angliae,106.217545
Autochthonal,106.140945
Eludible,106.01958
Millpost,105.71167
Procotton,105.38994
Zorotypus,105.377144
Imitate,105.268616
Parabotulism,105.10147
Atlantides,105.09915
Executorship,104.99923
Biogeographers,104.84698
Palpulus,104.78805
Lewanna,104.55516
Sphyrapicus,104.546745
Protonymph,104.4027
Tungstosilicic,104.34568
Jimbang,104.311295
Monothalamic,104.296906
Ototoi,104.07051
Anoterite,104.05048
Partiary,104.00402
Spiritrompe,103.818085
Poales,103.55634
Jobarbe,103.42423
Chartophylax,103.39091
Revigour,103.3807
Hemistich,103.35735
Ceramidium,103.35644
Dandriff,103.35073
Hacendado,103.27042
Alphonsin,103.023674
Ballutes,102.7523
Encheer,102.734314
Assurgency,102.69457
Overcommit,102.689
Zemindars,102.571976
Ponderate,102.53411
Overpost,102.30327
Quadrifilar,102.22126
Powldoody,102.21506
Episplenitis,102.04738
Jansenize,101.978966
Hydatomorphic,101.97891
Iberite,101.95099
Protogine,101.94056
Kalathoi,101.86365
Paragraphs,101.86229
Nihilobstat,101.81318
Guillotinist,101.80129
Clerids,101.79459
Polyonomy,101.78772
Protovestiary,101.73746
Enervates,101.68596
Hereditist,101.56161
Segmentary,101.54691
Ferrometer,101.54516
Organotropic,101.46783
Preacherize,101.46753
Polygamian,101.32699
Pregenital,101.25615
Polysiphonous,101.24939
Slummage,101.22224
Siccative,101.06592
Ptenoglossate,100.907295
Gunarchy,100.87523
Veinwork,100.853355
Pansophist,100.849846
Becalms,100.83972
Pariglin,100.729195
Expellee,100.607124
Exactest,100.60594
Propanes,100.55086
Semisixth,100.440475
Conspissate,100.30403
Subahdary,100.29868
Reappraise,100.237816
Imbiber,100.14093
Hijacks,100.0374
Dipteros,100.037346
Karpas,100.011505
Fabricate,99.949295
Masora,99.88633
Fireclay,99.81634
Trinil,99.73554
Anticonductor,99.73262
Cribose,99.629814
Warrty,99.59936
Apandry,99.591225
Blesboks,99.54248
Virile,99.53947
Assistances,99.4974
Nasalizes,99.44504
Musculodermic,99.26249
Supercolumnar,99.229256
Renerve,99.186646
Blenniid,99.16749
Sinanthropus,99.10295
Metapodiale,99.06945
Dedicational,99.03661
Semiliberal,98.987625
Endoglobular,98.92697
Transfer,98.919655
Prehesitate,98.80761
Assentient,98.776344
Encephalosis,98.66483
Judger,98.524635
Chloridize,98.52399
Soddite,98.425896
Postconnubial,98.413025
Depertible,98.379875
Constances,98.28425
Millimicron,98.2269
Hariolize,98.206604
Innative,97.842606
Brelan,97.74345
Pericarpic,97.74102
Malverse,97.6856
Curvital,97.6697
Monogamies,97.60943
Prehistorics,97.59586
Microsporon,97.41356
Umbilroot,97.381134
Preterritorial,97.37979
Orangeat,97.230736
Archetto,97.1492
Flavescence,97.0427
Mareschal,97.016525
Outbalances,96.88892
Bicaudate,96.87875
Boothes,96.86772
Biasses,96.77991
Nounless,96.775085
Overmonopolize,96.77053
Barret,96.769165
Underfall,96.748344
Antidotism,96.72302
Anagrammatic,96.68768
Boselaphus,96.61907
Hydrorhizal,96.61385
Dimensive,96.48011
Czarism,96.47567
Nivernaise,96.46836
Huiscoyol,96.3384
Metamerous,96.30605
Decarchy,96.2539
Procellariine,96.01444
Sortita,96.00303
Espanol,96.0012
Neurones,95.96794
Occlusor,95.90818
Spathous,95.89787
Homuncule,95.772675
Disunite,95.75892
Barbarizes,95.58222
Trisensory,95.54685
Hymenic,95.51857
Springlock,95.3777
Itonidid,95.269325
Rhynchonelloid,95.215195
Persecutional,95.20268
Unfoxy,95.08581
Preposterous,95.0356
Hucklebone,95.01103
Didromy,95.00011
Sawsharper,94.9979
Wanwit,94.99299
Wallful,94.96575
Psychotheist,94.953
Interantennal,94.94478
Enmeshments,94.89
Sacramentalis,94.85759
Commensurate,94.78223
Hasteners,94.77175
Kujawiak,94.70777
Emmetropism,94.70171
Marita,94.68816
Endoplastron,94.658394
Brachyaxis,94.50012
Ophthalmite,94.39129
Temptsome,94.388565
Keelfat,94.38448
Thionate,94.29306
Repulseproof,94.28256
Coderives,94.1811
Alodium,94.11439
Dicyanide,94.047195
Mirepoix,94.02459
Glossatorial,93.898636
Precommend,93.77496
Reinduce,93.68264
Iwound,93.62158
Undamn,93.586494
Ratlins,93.585335
Candlers,93.53579
Caruncular,93.5155
Sewround,93.47023
Baryphonia,93.434616
Contemplatist,93.423645
Misadventurous,93.35646
Planariform,93.342445
Bitterworm,93.31216
Tautegory,93.28664
Antiricin,93.242096
Nonemulative,93.20037
Queenlike,93.18132
Undissonant,93.131294
Jamlike,93.084724
Extreat,93.05052
Logans,93.03782
Murrain,93.03451
Alternity,93.007355
Brevirostrate,93.00102
Lactesce,92.99574
Limbec,92.99451
Grewsomest,92.971634
Unperforative,92.97013
Contorsive,92.947464
Serbonian,92.81493
Akazgin,92.67306
Hartake,92.672966
Antemural,92.60388
Clinoprism,92.520386
Metroptosis,92.40683
Lengthsman,92.387825
Polyphote,92.36538
Apospory,92.31566
Withstrain,92.30695
Sendal,92.28302
Checkrower,92.2236
Sebiferous,92.18432
Yeelin,92.16672
Liveyer,92.127075
Navels,92.06057
Goalee,92.05287
Mannites,92.044716
Metaphrast,91.84058
Ooscopy,91.80951
Obliges,91.79036
Planful,91.73264
Balldress,91.70314
Diapasm,91.60932
Scotomic,91.59653
Phenotypes,91.560135
Osteoplaque,91.42147
Imperialize,91.3847
Semicitizen,91.33311
Toastee,91.27641
Shysters,91.25327
Gamier,91.200455
Guillemet,91.18821
Semimucous,91.16086
Disdiazo,91.15471
Incanous,91.08545
Decasualize,91.02477
Workfile,91.006966
Assurate,90.78316
Unequability,90.737305
Pinwale,90.712814
Tagsore,90.659195
Vendee,90.63436
Thebain,90.62822
Beebreads,90.602455
Outlooks,90.59002
Nonaccentual,90.49627
Teletactile,90.4787
Antileft,90.47364
Panegyricon,90.40032
Fimetic,90.383095
Sandkey,90.379585
Vasiferous,90.36876
Lithotrity,90.36466
Protoplasmatic,90.35532
Melanopathia,90.31708
Klaverns,90.27148
Areometry,90.25536
Cassiopeia,90.2365
Pyelitic,90.19826
Swanker,90.18299
Feverlike,90.13122
Platinammin,90.08936
Thynnid,90.08643
Incrassate,90.08624
Unremorseful,90.06142
Quaggiest,90.05749
Embrue,90.03514
Timerau,90.01284
Legitime,89.980804
Sectarist,89.979034
Invectives,89.95273
Varsal,89.92743
Gilliflower,89.9255
Micellae,89.92217
Dopper,89.88502
Ministrate,89.86257
Peacockiest,89.80975
Acrindoline,89.809135
Sphenographist,89.80846
Papillomatosis,89.673935
Aerodynes,89.63405
Tirrivees,89.62196
Industry,89.55742
Preoffer,89.513855
Phillumenist,89.45073
Celtist,89.421364
Epigrammatism,89.4067
Metranemia,89.37613
Velvetwork,89.33964
Confessionist,89.283264
Cazimi,89.21016
Chansonette,89.18462
Egyptologer,89.117935
Undulationist,89.10527
Prismatical,89.098305
Taffia,89.08065
Cuarteron,89.054665
Anisotropous,89.0328
Servet,88.96725
Noneugenical,88.96503
Indefectible,88.82951
Reheal,88.82709
Seacrafts,88.70962
Pullicat,88.679276
Lingams,88.63572
Furciform,88.59128
Yercum,88.550896
Shearsman,88.50851
Flicks,88.3958
Counterbuff,88.39336
Zingel,88.38686
Complexionist,88.27747
Presuppress,88.26278
Trophoplasmic,88.24449
Vaultage,88.209496
Tatarize,88.14051
Hyperaeolism,88.121544
Dipsaceae,88.10545
Epicranium,88.083176
Sarcoadenoma,88.02177
Overtare,87.99732
Rheostatic,87.99362
Anemochoric,87.9369
Demesmerize,87.871925
Somasthenia,87.83047
Tither,87.78111
Interglandular,87.7486
Quintes,87.7322
Ploughshoe,87.71311
Conuzee,87.710014
Sankhya,87.7098
Sialoschesis,87.692856
Fripper,87.56781
Voorhuis,87.562904
Weirder,87.462234
Bovver,87.42427
Unshut,87.41117
Alumian,87.40082
Embryulculci,87.37353
Scyllioid,87.35732
Barbra,87.33308
Jigget,87.270226
Antikinase,87.22649
Slugfest,87.21438
Apothegmatize,87.19059
Disthrone,87.17119
Waddings,87.15438
Sunnyasse,87.06205
Lernaea,87.04888
Dayside,87.02772
Predefence,87.019295
Overblind,87.0135
Bisetose,86.93862
Identism,86.93507
Limeless,86.829796
Cyphomandra,86.80236
Surmisal,86.736244
Polyblast,86.65931
Dextrocardial,86.64219
Butterfish,86.57402
Pyopoietic,86.5633
Nonabrasive,86.517944
Haflin,86.50552
Bunglings,86.45662
Deckles,86.452194
Handybook,86.44759
Blemisher,86.44352
Fatuoid,86.4276
Coumarane,86.32553
Carefuller,86.24608
Thimbleman,86.23799
Stercoraceous,86.19117
Wlatsome,86.15748
Siwens,86.15208
Adulates,86.134735
Sabulum,86.023026
Introdden,86.00151
Hemicrania,85.992935
Pollent,85.99154
Siskins,85.98095
Iotacism,85.96553
Mootmen,85.92502
Zoogamous,85.81954
Hector,85.795006
Digenic,85.79033
Balatas,85.76811
Uncloven,85.73084
Agamist,85.70458
Knapbottle,85.6814
Sometime,85.664375
Interborough,85.60925
Sapromic,85.60458
Calamistrate,85.50966
Whitherward,85.49083
Paratoluidine,85.47838
Unfatalistic,85.44383
Euphonous,85.40802
Octopede,85.35638
Prefectural,85.35521
Gordioid,85.30828
Shillelah,85.29514
Hastile,85.291275
Molochs,85.283966
Certosino,85.20316
Sorbate,85.103455
Randite,85.02575
Polygamical,85.01554
Teinoscope,84.96857
Trichostasis,84.93553
Rhabdomantist,84.90571
Fedifragous,84.89247
Fableist,84.879
Odontotormae,84.85375
Homoiousia,84.85289
Engold,84.84837
Underdraft,84.83111
Whirlicote,84.8154
Paravesical,84.74292
Juiceful,84.73441
Sclerosarcoma,84.726845
Victualer,84.7109
Jaspagate,84.709984
Glaires,84.64251
Tarantism,84.62397
Ootocoidea,84.6227
Heteromya,84.55884
Hypopharynges,84.557396
Reperfume,84.553276
Zincify,84.54093
Retrovision,84.50452
Begiggle,84.43381
Rehoist,84.432785
Nonpapist,84.368546
Anticovenanter,84.36744
Calicate,84.35703
Imanlaut,84.34851
Mesarch,84.31328
Centraxonial,84.26943
Subpulverizer,84.26624
Shacklebone,84.24572
Dactylozooid,84.2267
Paracystic,84.21637
Fenestella,84.20906
Tautousious,84.07928
Bacterioidal,84.07777
Skimmings,84.06593
Isoptic,84.034966
Vargueno,84.0175
Egards,83.99385
Phalanges,83.98337
Bookmarks,83.935616
Incunabulist,83.91035
Megarensian,83.909935
Pipestems,83.83113
Loather,83.813255
Cybister,83.77819
Evolvent,83.77488
Parleyer,83.770355
Aitutakian,83.75896
Floorhead,83.75443
Glucokinin,83.74725
Toxoglossa,83.74633
Premierships,83.73934
Stonehatch,83.72918
Misnarrate,83.715
Angelolatry,83.69964
Spalpeen,83.69769
Thelemite,83.69357
Absolvent,83.590706
Laudator,83.56717
Picador,83.56625
Malefactresses,83.56227
Unfrees,83.546844
Imposts,83.51355
Weewaw,83.49391
Hereditative,83.46815
Anthropoidal,83.44119
Rasalas,83.42765
Semiclimber,83.353966
Pressmark,83.34582
Psocid,83.324
Subobtuse,83.316284
Inventress,83.298706
Finetop,83.23621
Toxophobia,83.2338
Betises,83.206
Justine,83.19866
Ubiquity,83.188156
Berigora,83.145164
Smilacaceae,83.09619
Noncyclic,83.026825
Depeach,83.01195
Retrim,82.83491
Goupen,82.79115
Taunters,82.78839
Coccothraustes,82.74744
Failles,82.63619
Dissocialize,82.63362
Cicurate,82.614174
Isodimorphic,82.554085
Ectocondyle,82.55139
Chechem,82.522606
Egocentristic,82.47765
Rajesh,82.47517
Pilers,82.46048
Lanuginose,82.43663
Subsecretaries,82.42326
Extollers,82.396645
Chomage,82.37208
Holoblastic,82.359924
Epistlers,82.35485
Haplonts,82.34384
Heresiologist,82.32919
Piscary,82.28815
Bestraw,82.280685
Esperantist,82.212715
Acrylaldehyde,82.19829
Furunculus,82.19208
Badaxe,82.17157
Estrade,82.15021
Bethreaten,82.14877
Behalves,82.14154
Antienthusiast,82.13082
Gauzelike,82.112274
Predacity,82.106064
Proanaphora,82.09029
Kitharas,82.05618
Octacolic,82.01897
Upscrew,82.01715
Percheron,82.012596
Dumfounds,81.9355
Processionals,81.93318
Figurants,81.8948
Photothermic,81.862625
Pentabasic,81.82984
Trijugate,81.81563
Shanks,81.8109
Beryllosis,81.776
Chorioadenoma,81.75929
Enhamper,81.75428
Substrative,81.72747
Denationalize,81.71812
Discernible,81.68196
Frouziest,81.67768
Doddie,81.672874
Autogenous,81.661316
Culicid,81.65958
Syringium,81.65325
Anguses,81.58243
Areaways,81.57217
Multigyrate,81.55577
Gateworks,81.54306
Modifiability,81.51374
Popinac,81.47831
Incomings,81.477425
Angiopressure,81.47097
Astream,81.46358
Nongrey,81.46019
Urosomitic,81.44945
Abcoulomb,81.39739
Mingle,81.38285
Plaidy,81.37037
Gastrovascular,81.36031
Woozier,81.32178
Bacillar,81.319115
Unigenous,81.249374
Ephoral,81.16965
Receptible,81.15743
Spoliarium,81.15259
Palmitin,81.13206
Autodidactic,81.10741
Nonmitigative,81.088615
Outdraw,81.080246
Dekametre,81.04379
Brachyuranic,81.01209
Metallometer,80.96157
Sulphamyl,80.93136
Hypsophyllary,80.93001
Tenuirostral,80.90366
Rhabdos,80.89875
Nonatmospheric,80.8952
Polygenesist,80.88744
Rerecord,80.87769
Sudoral,80.86193
Dzungar,80.85153
Salamandroid,80.84739
Coccal,80.83236
Eigenstate,80.82769
Goldenest,80.74943
Tittivator,80.73609
Oversells,80.719536
Arrestant,80.7
Phenylic,80.67874
Scatty,80.674644
Atumble,80.56296
Synclinical,80.51677
Deresinize,80.4864
Dentiscalp,80.48311
Exulate,80.4566
Erithacus,80.37825
Intriguer,80.34996
Zanclidae,80.3319
Dhootie,80.32998
Gelder,80.19076
Prowfishes,80.188995
Vinylic,80.14595
Haptotropic,80.14561
Pilosine,80.14445
Tsotsi,80.08809
Pomatoes,80.07993
Grundyist,80.075195
Cruses,79.99855
Unconversion,79.991165
Respreads,79.97546
Goneoclinic,79.953514
Planktont,79.89119
Marbles,79.86759
Pareoean,79.86751
Postlaryngal,79.86146
Fadmonger,79.83106
Insomnolency,79.81042
Temporalism,79.804016
Sexpots,79.707115
Ascaridol,79.70709
Anthrophore,79.69095
Undershrub,79.685394
Ranches,79.68539
Canapina,79.58851
Pettah,79.58826
Chaprassi,79.51922
Secretagogue,79.50866
Acroatic,79.41952
Conquinamine,79.40611
Thelion,79.38836
Paragenetic,79.377335
Outrede,79.33937
Reearn,79.33
Kilobytes,79.288475
Muscovadite,79.243225
Chetrum,79.237114
Paravail,79.22983
Mexica,79.1742
Disablers,79.17036
Kiesserite,79.14446
Expatriations,79.063484
Waferwoman,79.0559
Fluoridize,79.02763
Otoneurology,78.99682
Romipetal,78.99247
Laccin,78.97945
Spermatoxin,78.90134
Zwinglianism,78.862755
Outsift,78.85953
Monotrochian,78.85742
Ataxiagram,78.85645
Copartner,78.85372
Readvise,78.84073
Orthostati,78.837364
Miticides,78.828255
Phousdar,78.813
Defensible,78.793205
Alberich,78.7743
Bonaventure,78.76381
Securifer,78.74157
Redivision,78.74066
Squidgier,78.73762
Feeless,78.728714
Bargeman,78.671234
Pseudepigrapha,78.671005
Unstill,78.63908
Hydrocarbonic,78.61476
Wellstrand,78.60226
Inkhornizer,78.58286
Wauchts,78.582565
Pyromellitic,78.57391
Endoarteritis,78.57006
Cartouches,78.55906
Irresponsive,78.54569
Monometallism,78.50931
Amphicarpa,78.50307
Coonjine,78.48458
Kaoliang,78.45741
Clamcracker,78.4454
Scalds,78.43371
Tribunate,78.430016
Waggish,78.414604
Dictaen,78.386894
Bhisties,78.37683
Disunify,78.37036
Subtarget,78.29241
Portunidae,78.28858
Indoctrine,78.270584
Mandorla,78.24625
Undershapen,78.244705
Novatianist,78.18833
Outvelvet,78.18657
Affettuoso,78.16128
Keelhale,78.13743
Cosset,78.12811
Pheasantry,78.04557
Birminghamize,78.02276
Heists,77.99493
Sofane,77.99362
Chrysophanic,77.99238
Inactions,77.96456
Ascitb,77.95385
Nonsupervision,77.93435
Alnicoes,77.91823
Visceroptotic,77.91413
Vyrnwy,77.90629
Hormogonous,77.81983
Oryzenin,77.77739
Scleroses,77.77222
Backwasher,77.74023
Unfrolicsome,77.73906
Anhydrate,77.71108
Indicter,77.69308
Inwreathe,77.668236
Saddlebows,77.66492
Gabbarts,77.66249
Polytopical,77.6521
Bunkery,77.61788
Cavalierish,77.5981
Unaspersive,77.57377
Misdesire,77.573006
Illuminatism,77.57205
Propacifist,77.55295
Chloropsia,77.37126
Laryngorrhea,77.35702
Sleighs,77.33212
Wenchman,77.30088
Limity,77.29712
Tristive,77.28336
Sammer,77.27826
Koeksotenok,77.22654
Underform,77.218376
Remargin,77.213356
Smorebro,77.175705
Liespfund,77.166435
Petals,77.16019
Unpropellent,77.15595
Supersatisfy,77.13976
Velarize,77.13591
Qualmiest,77.113
Kilocycles,77.1036
Maturescence,77.0699
Mediofrontal,77.03605
Pawnors,76.99583
Gangrels,76.92425
Epithalamy,76.87012
Berberidaceae,76.83904
Unriddles,76.8145
Oftwhiles,76.81119
Precontrives,76.79992
Flagfall,76.79582
Lutrinae,76.79567
Sacristies,76.776726
Plotless,76.76932
Abaxile,76.75466
Collectioner,76.73676
Gaggler,76.72706
Hammaid,76.69431
Scabrous,76.679214
Bitonalities,76.6302
Mandil,76.62438
Antipapacy,76.61093
Satinfin,76.56479
Consute,76.546776
Captivates,76.495056
Momental,76.46659
Mulish,76.46509
Forams,76.46015
Taurotragus,76.43961
Fishboats,76.38724
Iodite,76.37284
Radiobicipital,76.36231
Hoplomachy,76.34537
Renitence,76.31995
Atomician,76.17455
Defamers,76.1585
Costicartilage,76.14668
Fluemen,76.08499
Disgorge,76.077446
Heresimach,76.04134
Cierzos,76.01049
Sarcomata,75.94772
Kaffraria,75.91377
Germen,75.82232
Haulmiest,75.77829
Nontherapeutic,75.778015
Carate,75.7659
Unvicious,75.722916
Coolen,75.67033
Gadite,75.623764
Diactine,75.58219
Beguard,75.55387
Scovel,75.54251
Caulomic,75.51678
Neoterical,75.50618
Vituline,75.49768
Edenic,75.49569
Characteries,75.467636
Audiles,75.46184
Noegenesis,75.41993
Mandoline,75.40252
Aglimmer,75.375916
Carryings,75.362656
Aristarchian,75.354164
Imposthumate,75.34462
Spacewoman,75.3169
Photoglyph,75.31441
Protension,75.303696
Plowwise,75.290085
Seamew,75.25426
Ohmmeters,75.24986
Nonguard,75.23606
Leukosis,75.22591
Diatessaron,75.22549
Caecotomy,75.19396
Gedunk,75.14563
Trigonocerous,75.0842
Teamwise,75.07429
Pallial,75.05309
Lochiocyte,75.03438
Moruloid,75.03081
Nestings,75.009315
Unblade,75.00392
Phlyctenule,75.00051
Peaces,74.98923
Fruticulture,74.98352
Pantofles,74.96755
Bravoite,74.961784
Oblata,74.94537
Postmuscular,74.91
Forbore,74.892
Squillitic,74.86801
Bespin,74.85475
Achlamydeae,74.809135
Capita,74.807816
Smellie,74.799416
Ampelidaceae,74.78508
Carmine,74.77557
Dromical,74.772514
Alburnums,74.7687
Recepts,74.753914
Urostege,74.7485
Causus,74.728676
Apaesthesia,74.69805
Octodecillion,74.683975
Semaphorist,74.66455
Plotton,74.596375
Deuterostome,74.584526
Trophobiosis,74.580505
Medusas,74.5803
Paludamenta,74.57777
Jasperite,74.57724
Arianists,74.55947
Glossoscopy,74.532326
Sulfanilic,74.51479
Presses,74.49874
Broguish,74.48908
Zendician,74.48821
Shoddydom,74.477486
Grinner,74.41664
Prerich,74.3941
Nabatean,74.37902
Dilaniate,74.37411
Nonfighter,74.35532
Calles,74.354904
Textiferous,74.278015
Hermitry,74.27636
Foredates,74.27174
Albatrosses,74.26415
Priestshire,74.25074
Outlets,74.2414
Calenturish,74.19699
Becalm,74.18955
Allomerous,74.15348
Mariticidal,74.14266
Unclamorous,74.11108
Riggal,74.10589
Birdseyes,74.10374
Nonpossessive,74.07775
Hypophyseal,74.06848
Barratries,74.03776
Borophenylic,74.03683
Panchromatic,73.98892
Uranalysis,73.982834
Rolamites,73.971565
Unsnap,73.95282
Queller,73.92757
Phanerozonia,73.92207
Mayvins,73.89567
Circaetus,73.81883
Repoll,73.81798
Xanthogenamide,73.81571
Kieserite,73.79966
Knucklier,73.78092
Rubificative,73.69013
Overspreads,73.64931
Ampulliform,73.64857
Aplacophora,73.64208
Aiolis,73.63185
Togger,73.629234
Catechistical,73.59642
Feticides,73.59179
Renomee,73.551285
Evanescence,73.54809
Helicopts,73.545364
Fringehead,73.5293
Biosystematy,73.50584
Cephaline,73.48357
Metrostaxis,73.48123
Paratomium,73.4801
Egeria,73.47983
Podargidae,73.47262
Naturize,73.45495
Palaeocyclic,73.44517
Tawneys,73.4335
Cabiritic,73.42677
Friandise,73.39683
Quiddit,73.39668
Schnitz,73.37792
Auspicial,73.37675
Ossianize,73.36993
Enkernel,73.36804
Energism,73.365105
Smokestack,73.34372
Multigerm,73.33675
Hussies,73.277054
Manchets,73.27227
Nonsubsistent,73.26189
Plattnerite,73.23344
Dichotomous,73.21467
Barbuts,73.20825
Transcendible,73.188286
Unveil,73.174255
Contestate,73.168
Uronology,73.14903
Excepter,73.11877
Thermoses,73.116844
Tettigoniidae,73.070366
Erethizontidae,73.06482
Antivirotic,73.05802
Tyleberry,73.00959
Proctodeum,72.99659
Misenjoy,72.98911
Uprest,72.95675
Burler,72.91488
Pyloroscirrhus,72.913536
Tetrasporic,72.91276
Ordain,72.8918
Gunfires,72.87601
Haoles,72.86939
Rhyton,72.83613
Darren,72.81371
Spileworm,72.786674
Honourless,72.78085
Wangtooth,72.77316
Torula,72.769035
Spinets,72.76683
Ichthyotic,72.75941
Hellenisticism,72.75659
Prevaricator,72.70859
Permeates,72.69894
Engrosses,72.69659
Squamipinnate,72.67761
Nonspill,72.668846
Casper,72.658554
Stronghand,72.64187
Automobilist,72.6199
Waterbrose,72.61962
Forelocks,72.60005
Boltonia,72.59839
Rephael,72.596954
Dahabiahs,72.539474
Wakeless,72.531624
Cladophorales,72.522514
Emphases,72.51835
Chopstick,72.482445
Consignatary,72.480606
Chavantean,72.447266
Triverbial,72.43372
Checkrows,72.4232
Hexamethonium,72.41446
Predriller,72.40912
Apoquinine,72.36402
Latebricole,72.356674
Drepaniform,72.35051
Puristical,72.35036
Studerite,72.337296
Cogman,72.33223
Prefixion,72.31432
Amenability,72.28123
Chiavetta,72.27161
Polymorphous,72.24784
Overprominent,72.21133
Taluche,72.17966
Kristen,72.17658
Preoppressor,72.17481
Dislocator,72.15815
Unidigitate,72.15755
Uninterruptive,72.1433
Arianizer,72.11586
Fuseboard,72.07418
Brassies,72.05396
Enwood,72.05268
Maizenic,72.04155
Dovens,72.02285
Excambion,72.00757
Unegoist,71.99181
Intrado,71.947395
Nonmalarial,71.94462
Sherardize,71.93336
Cookey,71.91786
Bunglesome,71.9088
Azophenylene,71.89655
Amphodarch,71.86942
Lobeless,71.868706
Quattrino,71.85271
Overwild,71.84266
Chitarrone,71.82862
Vaccinias,71.82681
Wannigan,71.78228
Cowtail,71.77858
Quixotry,71.77557
Premies,71.74643
Esoterist,71.74339
Kendir,71.733795
Panties,71.730354
Ajowan,71.69001
Tallnesses,71.67108
Overgrows,71.67006
Desidious,71.66146
Doughbellies,71.62461
Phlegmless,71.6229
Diaphoresis,71.62005
Thunderers,71.61646
Hulverhead,71.60025
Aubrieta,71.57516
Uromere,71.5539
Miscredit,71.47496
Intertissue,71.46673
Anteluminary,71.446526
Ravenry,71.35799
Cosmism,71.35275
Bilharzial,71.33925
Aeromarine,71.31607
Peckhamite,71.313614
Sintsink,71.30286
Nonbachelor,71.28656
Enwisen,71.26445
Plotties,71.23944
Nonlicit,71.218636
Overbrutality,71.190346
Fricti,71.165955
Depasture,71.151985
Skatikas,71.13375
Maledict,71.129105
Sphacelate,71.098335
Coruscate,71.08558
Remagnify,71.08227
Homewort,71.07834
Unthinkables,71.072044
Evident,71.06404
Epimyocardium,71.04982
Haywire,71.01566
Boxinesses,70.98849
Towheads,70.948524
Traitorwise,70.925415
Rankish,70.9164
Pylethrombosis,70.902336
Hemispasm,70.90134
Trapezium,70.89676
Bumkins,70.894
Arthroempyema,70.86594
Cisplatine,70.81552
Quipster,70.81146
Zinckenite,70.80694
Stonegale,70.806465
Enhearse,70.76101
Shittim,70.74133
Theaterlike,70.697975
Pupilability,70.68509
Phalangerinae,70.65197
Metricates,70.59189
Graunt,70.57822
Fidejussionary,70.56572
Furnacemen,70.53577
Stereotype,70.52883
Emeril,70.52425
Eximidus,70.50613
Fugacious,70.50573
Aspace,70.496284
Dobies,70.48411
Penduline,70.47734
Nakeder,70.4744
Reassume,70.4424
Aletocyte,70.43523
Retwists,70.40667
Warniss,70.402916
Reenter,70.36362
Dhunchee,70.36077
Cantatory,70.35782
Viviparism,70.352585
Contraire,70.3446
Platydactylous,70.33357
Cutwal,70.30764
Ostreidae,70.27931
Ericineous,70.254364
Kinsman,70.21721
Sudoriparous,70.19967
Unstricken,70.19356
Mortress,70.183426
Japanner,70.15889
Pyroline,70.134796
Trehala,70.07408
Amenta,70.07387
Semibiologic,70.05966
Mucolytic,70.0397
Secularize,70.03931
Oilfishes,70.03665
Epibole,70.01736
Foldskirt,70.013176
Septemberist,70.00737
Walkingstick,70.00419
Hooven,69.957726
Ventrine,69.93084
Epitrichium,69.92842
Pargana,69.92725
Swertia,69.88547
Fakeer,69.876526
Stanjen,69.82872
Tesack,69.81139
Fleuronnee,69.810074
Beqwete,69.79222
Jucuna,69.76103
Breechesflower,69.75332
Shuddersome,69.749825
Nanosomus,69.73939
Fenner,69.73003
Prespinous,69.72436
Brachyurous,69.70242
Unfalsity,69.6891
Regalty,69.64798
Timbreller,69.6433
Hesperinon,69.61335
Parabiotic,69.60841
Laminarite,69.58609
Twiglet,69.583336
Matajuelo,69.55145
Anabiotic,69.548874
Overspun,69.52679
Salvator,69.5227
Hemoplastic,69.503426
Epiperipheral,69.48879
Manipulability,69.45077
Shoggie,69.41548
Beamman,69.37007
Cymbocephalic,69.36143
Chingma,69.34906
Goeduck,69.341324
Lentoid,69.33567
Uncolloquial,69.333466
Modifies,69.331436
Zymometer,69.32912
Muckamuck,69.32381
Dermatotherapy,69.29435
Trajectile,69.282555
Scutch,69.27839
Panurgic,69.27588
Metronomical,69.27251
Platinotype,69.268394
Hutukhtu,69.23993
Awrong,69.232735
Hypertensinase,69.22338
Potamogalidae,69.21509
Bannerfish,69.21418
Nematognathous,69.16917
Noncarbonate,69.163536
Priestianity,69.14845
Overjust,69.14172
Sheriffhood,69.11432
Ophian,69.113075
Ceteosaur,69.068085
Corvinas,69.053925
Rencontre,69.04366
Mustachio,69.02937
Quatrocento,69.00076
Ectoparasitica,68.97963
Homicidious,68.95861
Porterage,68.91599
Toolstock,68.91496
Junefish,68.88503
Dignitarial,68.881386
Piculs,68.87731
Newcomer,68.853035
Reforbid,68.83818
Neurhypnotist,68.834404
Nonsurrender,68.81049
Sanghs,68.8084
Septate,68.79665
Enswathe,68.792145
Supersafe,68.78651
Nondemand,68.782845
Seccotine,68.74062
Stealers,68.704475
Appreciators,68.68871
Ectozoa,68.67349
Physiatrics,68.66038
Benefactorship,68.636505
Hexacorallia,68.6107
Inheritrice,68.60723
Empiric,68.60303
Houvari,68.58832
Xenophoridae,68.57954
Replial,68.54526
Rantism,68.53876
Palmus,68.52588
Chitimacha,68.52312
Babeldom,68.50236
Redemptible,68.47494
Intermingledom,68.456245
Meringues,68.44381
Vocalistic,68.4385
Harrycane,68.43631
Simpletons,68.434296
Tippiest,68.4286
Indoctrinate,68.406395
Tribuna,68.376854
Wapper,68.3574
Dawson,68.34867
Wapitis,68.33713
Amentaceous,68.322014
Ganowanian,68.31564
Bowsie,68.281364
Skilfish,68.267784
Parapophysis,68.257
Ornithopoda,68.25316
Pycnanthemum,68.22939
Aviatrix,68.20292
Volost,68.158485
Polyglottonic,68.12094
Mercify,68.11866
Rallyings,68.10911
Childes,68.10732
Gelatinigerous,68.08019
Mosquitoproof,68.07077
Panegyrist,68.068665
Chuprassie,68.05916
Trainability,68.05474
Briarberry,68.049095
Submarinism,68.02974
Peridiniaceae,68.012375
Prolongs,68.003525
Gymnoconia,67.97634
Nontensile,67.95045
Uncompass,67.929016
Ectocarpus,67.92825
Quadrumvirate,67.90081
Trisyllabical,67.88813
Fictionize,67.881935
Trichinous,67.86212
Beautifier,67.85811
Maddock,67.85224
Freemartin,67.83174
Clubability,67.80203
Chiffre,67.720604
Gunter,67.71566
Alphosises,67.692
Collyria,67.681244
Lendee,67.66527
Iodoprotein,67.656075
Nonorthodox,67.64233
Mauler,67.64205
Sharkful,67.59482
Ziggurat,67.5779
Tholeiitic,67.57604
Hardfist,67.52092
Dibstones,67.508194
Intercentral,67.497215
Excarnate,67.49168
Netherlandic,67.48465
Gaultheria,67.47596
Euryalida,67.4509
Zibethone,67.42084
Diaporesis,67.41295
Joggler,67.382286
Peavine,67.3727
Sciolisms,67.36123
Toiler,67.34634
Inducteous,67.34364
Phragmidium,67.34081
Babool,67.314926
Mahjongg,67.30138
Thicky,67.29928
Houtou,67.27234
Xylidines,67.26531
Epicardial,67.26317
Ethmoid,67.22986
Hinderlins,67.22744
Inphase,67.206474
Aquarid,67.178085
Gemmate,67.161835
Juggins,67.16035
Backcasts,67.08775
Chugalugs,67.010124
Curran,66.97105
Hetaery,66.968185
Technics,66.96383
Bareges,66.8831
Shatan,66.87207
Kodaker,66.85709
Fistularioid,66.83907
Snapwood,66.833885
Denervate,66.81637
Literalist,66.81115
Myxolipoma,66.71867
Conatural,66.6878
Peronium,66.66736
Novelise,66.65297
Preclaimant,66.64258
Ringgit,66.6396
Totery,66.605316
Basaltes,66.59509
Pinecones,66.58581
Syllabe,66.573875
Counterparadox,66.56889
Roncos,66.544685
Ichthyomorphic,66.54466
Sphenopsid,66.54452
Peracid,66.53487
Postdiastolic,66.52865
Moderant,66.50174
Sciurus,66.48226
Basiphobia,66.42398
Sesbania,66.415665
Alkylates,66.40832
Philologastry,66.4013
Perfects,66.37723
Anthomedusan,66.37095
Overdebilitate,66.334435
Kukang,66.32183
Stammel,66.31112
Waterlandian,66.30761
Pranava,66.29719
Scoopfuls,66.28958
Uninuclear,66.2794
Hickish,66.27744
Enravish,66.27405
Aldamin,66.25915
Pollenite,66.240845
Saintdoms,66.209045
Tiglinic,66.18886
Factual,66.16751
Sulphamide,66.14925
Opiumism,66.147385
Tectosphere,66.14206
Acutorsion,66.14177
Myomorphic,66.141754
Coxankylometer,66.12342
Pentameran,66.115616
Clumsiest,66.112854
Pleuronect,66.09007
Undealt,66.06783
Undignify,66.03897
Stemple,66.03139
Cembalo,65.99429
Schooler,65.99029
Heterocaryosis,65.94995
Furfuramid,65.94633
Cotillon,65.916534
Atreptic,65.90239
Aurums,65.89302
Underkingdom,65.88505
Canopid,65.87843
Trestlework,65.861534
Procathedrals,65.85944
Diphenyls,65.850624
Stylelike,65.83347
Hereticate,65.82581
Surrenderer,65.82016
Caimitillo,65.80471
Squasher,65.793884
Distills,65.71224
Guesdist,65.68458
Vasospasm,65.675125
Nigritudinous,65.65123
Brideknot,65.65039
Churchwoman,65.62176
Frasier,65.58147
Hingers,65.57418
Nannander,65.5585
Sulfourea,65.52741
Mossiest,65.52301
Wasatch,65.502914
Membranous,65.49309
Ovoviviparity,65.48786
Introspector,65.48041
Interclash,65.477684
Tamulic,65.47552
Caimacam,65.446266
Cancellous,65.423874
Nonreversion,65.42387
Radicle,65.41923
Tracheole,65.4155
Ernest,65.39756
Postliterate,65.37883
Unneural,65.362236
Tetragon,65.34178
Preimpose,65.33566
Brunonism,65.33272
Muscarine,65.3289
Photodermatism,65.324524
Sermonish,65.32264
Subungulata,65.280876
Polymixiid,65.22459
Primogenial,65.21473
Parchmentize,65.2132
Kailyards,65.191734
Galvanist,65.180466
Sextans,65.1694
Libral,65.16576
Grifters,65.14861
Lichenicolous,65.14818
Timpanums,65.11109
Lenaeus,65.09629
Squawkiest,65.08583
Kindlier,65.06649
Trunnions,65.03639
Whippertail,65.030014
Mondego,65.02931
Spirulas,65.00365
Lamentory,65.00356
Fizzer,65.00142
Safflowers,65.00082
Oxtongue,64.98431
Undresses,64.983154
Lysine,64.942375
Gratias,64.92932
Ithomiidae,64.92092
Kippen,64.91813
Enclitic,64.915436
Nematogene,64.90028
Relubricate,64.8928
Unexonerative,64.87659
Stratojet,64.84092
Transmuscle,64.83465
Neutrophile,64.8282
Populator,64.80977
Otectomy,64.80378
Loomfixer,64.79997
Megatheriidae,64.7732
Mastabas,64.76871
Outpush,64.75848
Effuse,64.73834
Backboards,64.7303
Foreknower,64.72503
Thoughtsick,64.71657
Scoliotic,64.71105
Operette,64.70938
Recock,64.70274
Guajira,64.700714
Pileous,64.6975
Nonevocative,64.69403
Scurvies,64.67765
Asphodel,64.67762
Beakiest,64.65574
Shiraz,64.65457
Disprofess,64.64205
Breakerman,64.64128
Pseudoparesis,64.63778
Supercelestial,64.63337
Gladdens,64.63028
Caiman,64.61688
Thesmothetae,64.59964
Semiacetic,64.59943
Sickener,64.59448
Antidogmatism,64.59344
Cathedras,64.58358
Araucano,64.5733
Diggings,64.49473
Goyana,64.45947
Nondesignate,64.45156
Fathogram,64.40265
Bittiest,64.38444
Slivery,64.383545
Poloniums,64.323235
Hammam,64.28688
Soilages,64.28175
Carrocci,64.280205
Dadupanthi,64.27364
Sickroom,64.27215
Slavism,64.25645
Morticians,64.22936
Thrushel,64.22034
Curvifoliate,64.19946
Negritize,64.18498
Orguil,64.178055
Hopple,64.15572
Mispassion,64.12334
Clavichordists,64.10619
Edemata,64.10562
Unblindfold,64.104904
Nomina,64.09796
Archdevil,64.09008
Unsensible,64.07365
Numskull,64.07344
Hyenia,64.05177
Trademaster,64.03672
Expropriate,64.03216
Tyrannidae,64.01609
Anabaptistic,63.988163
Dyestuffs,63.976334
Rebite,63.971684
Fetishize,63.96819
Deviler,63.965862
Semiclose,63.960743
Tenenda,63.945023
Immask,63.937675
Haftaroth,63.90811
Homonomy,63.897434
Sibyls,63.86845
Ichthyal,63.865364
Carcinologist,63.838734
Puinavi,63.81354
Tangipahoa,63.80538
Smalls,63.79696
Acromial,63.78393
Haemacytometer,63.781605
Baidak,63.774265
Stimulations,63.751884
Bloodstones,63.732414
Genioglossus,63.727833
Leaderette,63.724823
Cobeliever,63.715813
Fieldleft,63.69709
Amaranthoid,63.69137
Coggie,63.691357
Puppyfish,63.656292
Lavehr,63.64279
Artifex,63.63724
Ovaliform,63.584263
Filthless,63.580196
Metropolises,63.57882
Dardani,63.56893
Spleetnew,63.568207
Gadger,63.56554
Prongbuck,63.553635
Galleyworm,63.550415
Postauditory,63.55031
Dorsispinal,63.512318
Augmentor,63.489162
Strass,63.481503
Wither,63.461967
Succulence,63.452656
Punatoo,63.43459
Perineoscrotal,63.428337
Synoecious,63.424187
Jujuisms,63.418804
Buhrstone,63.407257
Ultraservile,63.39481
Laurelwood,63.37957
Jarvies,63.372063
Amylolytic,63.33932
Warrand,63.311195
Ostensory,63.30979
Dinitrile,63.2983
Multiframe,63.276047
Catnip,63.209934
Woundworth,63.208096
Lowder,63.207096
Breird,63.203827
Enclog,63.187286
Perigenital,63.180943
Carcinogeneses,63.17186
Uninceptive,63.14378
Theatrograph,63.14147
Imbrue,63.139324
Truckle,63.135063
Inhumanism,63.115562
Fanons,63.112762
Substantives,63.100853
Perreia,63.045563
Pyropuncture,63.022324
Guidecraft,62.998657
Vomicine,62.99839
Weathergleam,62.96105
Shapiest,62.95857
Summarizations,62.945976
Alterations,62.93914
Sceloporus,62.92777
Botchiest,62.92589
Summerhouse,62.880257
Rohilla,62.867725
Kronur,62.867413
Inworn,62.851307
Glover,62.849064
Autarkist,62.834267
Rudimentary,62.824238
Nonembryonal,62.813004
Disorganic,62.76697
Untune,62.746975
Machaira,62.736324
Kniphofia,62.73394
Comourn,62.731934
Egracias,62.72241
Menshevist,62.71441
Ascomata,62.67917
Overvalue,62.668453
Outscold,62.6634
Bimetallism,62.649742
Acaricidal,62.63575
Polypi,62.61532
Terrorless,62.582832
Unalaska,62.57812
Deresinate,62.566208
Treacle,62.565273
Unspatial,62.554523
Bearcoot,62.55203
Chitarrino,62.543816
Pyrologies,62.543457
Emperil,62.53802
Sulfion,62.523354
Sageer,62.468967
Startler,62.45586
Lollup,62.455498
Archdeaconship,62.428665
Snecks,62.426144
Britannian,62.40018
Cherry,62.39753
Semiannular,62.394314
Spiraeas,62.363308
Miliary,62.346355
Lashkar,62.343742
Underclay,62.293396
Baculites,62.291374
Ricrac,62.28815
Naturelike,62.255554
Practicianism,62.247734
Wernerite,62.245564
Sketchers,62.194923
Chattelship,62.16609
Coalsack,62.158115
Negqtiator,62.141434
Suboxid,62.134758
Kibitz,62.12466
Albuminise,62.122166
Theatricalise,62.11618
Detailist,62.106712
Ultrasubtle,62.087227
Unitarist,62.074425
Mellific,62.07026
Lamasary,62.068394
Subregularity,62.067184
Landwrack,62.040485
Humiture,62.04046
Pothos,62.022854
Rubythroat,62.02216
Unvoluminous,62.02083
Slingshot,62.020477
Degummer,62.01926
Chalcidica,61.96622
Headreach,61.93036
Ruckus,61.915382
Airiferous,61.90975
Notholaena,61.893154
Slotbacks,61.892647
Kumbuk,61.88908
Silvex,61.86521
Eyedroppers,61.859272
Areola,61.830616
Tolualdehyde,61.828556
Cabook,61.817635
Petrogram,61.794098
Forkbeard,61.772892
Decream,61.763416
Arrowworm,61.76056
Dollhouse,61.74601
Justifier,61.74388
Fullery,61.728584
Compunct,61.72353
Semitextural,61.69638
Sideroxylon,61.69507
Tiglon,61.658993
Caccias,61.652027
Rhodospermeae,61.639145
Refrigerative,61.632954
Epistemologist,61.632717
Squamomastoid,61.62388
Friezes,61.585846
Bridelace,61.58154
Frowst,61.522873
Narine,61.52247
Caesural,61.51776
Calcitrant,61.509533
Potties,61.499313
Bumbles,61.472233
Psychobiology,61.471127
Dethroner,61.469837
Oxalacetic,61.422478
Vaginicoline,61.39479
Balances,61.327065
Lipopoda,61.304226
Delphinium,61.290413
Bengali,61.28751
Opsins,61.283653
Interscendent,61.277695
Gralloch,61.277153
Enlistees,61.26515
Allosaurus,61.264423
Cosmosophy,61.264053
Erosional,61.26331
Musicophysical,61.256096
Aunthoods,61.208668
Tyrannophobia,61.20077
Autograft,61.192566
Gothicism,61.191547
Paruria,61.19144
Conditione,61.18808
Pentadicity,61.181904
Endolaryngeal,61.172344
Epiceratodus,61.14879
Sulfureous,61.146343
Caroigne,61.13926
Pretechnical,61.111
Leaseback,61.107
Insectine,61.104942
Lacerate,61.093616
Collectivize,61.085457
Stallinger,61.077194
Narwhale,61.05289
Dissimulators,61.033123
Rebathe,61.02299
Berkeleyism,61.01553
Elfhood,60.98571
Avanturine,60.98471
Xanthinuria,60.94778
Domiciliary,60.932163
Oenophilist,60.919502
Prowarden,60.909744
Disavaunce,60.89555
Subtepidity,60.88481
Nordicism,60.84377
Dynamophone,60.820118
Fiberizer,60.81273
Naissant,60.789066
Heavenliest,60.787624
Customizer,60.786674
Scance,60.783524
Whipstaves,60.77673
Maclurin,60.776142
Waterproofer,60.678062
Alchemic,60.661064
Antipass,60.643764
Unmagisterial,60.64179
Polystomata,60.63883
Thoron,60.630157
Laccoliths,60.62588
Isolates,60.6188
Zoopathologies,60.61732
Benjamin,60.589184
Meager,60.589138
Normandy,60.56369
Redarken,60.558506
Tetrachlorides,60.52249
Tresis,60.51552
Kiters,60.510773
Chevrolet,60.479275
Onondaga,60.46889
Milliphot,60.438026
Blasties,60.41851
Prognathous,60.4006
Emirates,60.381714
Unabsolute,60.36963
Feteritas,60.366585
Heterocaryotic,60.30927
Balers,60.297558
Cassegrain,60.22949
Equiarticulate,60.227467
Iterances,60.22493
Jockstraps,60.201855
Plighters,60.136353
Dispersonalize,60.13565
Cunnings,60.124542
Vishnu,60.120956
Hesitance,60.11834
Explosive,60.11817
Microbe,60.093422
Salivous,60.06452
Lungworm,60.060677
Bawlers,60.008236
Yeshiva,60.001747
Hydrosilicate,59.991917
Superimposure,59.977383
Beatific,59.966263
Hostiles,59.964344
Nonspecial,59.961834
Flavory,59.94755
Adaxial,59.91376
Beshade,59.870895
Deitate,59.86747
Unillusory,59.86652
Quinanarii,59.83664
Gastrophilism,59.81038
Conormal,59.78131
Sanzen,59.748775
Smirchless,59.719364
Lifeleaf,59.715275
Sonatine,59.673103
Sauceplate,59.669308
Gentil,59.66448
Engleim,59.662716
Perpetualist,59.64484
Pocketcase,59.633278
Auditual,59.609417
Burion,59.608273
Stoolball,59.57957
Batteuse,59.578766
Semipros,59.57335
Decoat,59.566753
Viduate,59.565063
Periodicalism,59.561146
Laryngoscopies,59.559692
Procacious,59.55743
Forthgaze,59.517353
Nonambitious,59.504974
Bridgings,59.485985
Divertise,59.46869
Rorqual,59.436638
Vingtieme,59.429512
Lodgeful,59.428307
Haulages,59.423016
Discide,59.384716
Acetocinnamene,59.366524
Chokies,59.356655
Bilithon,59.354908
Pawnbroker,59.341686
Outback,59.33114
Odontocele,59.32802
Interminister,59.325134
Petrogenetic,59.321774
Blackfishes,59.31771
Unknowability,59.291756
Animus,59.24899
Standup,59.22428
Redelivery,59.215797
Rosular,59.203144
Enchannel,59.166313
Remould,59.15525
Declines,59.140446
Crossline,59.140434
Fantasias,59.130444
Auxographic,59.12449
Unintegrative,59.120266
Curarizes,59.10544
Limace,59.100906
Oxyamine,59.079277
Magnetosphere,59.057354
Paella,59.05557
Soffits,59.029247
Microgauss,59.02817
Theropoda,59.013905
Deificatory,58.99437
Alogism,58.98553
Supervisionary,58.978058
Consummates,58.920227
Whangdoodle,58.90705
Sugann,58.87179
Demulsion,58.86916
Ralstonite,58.866013
Abstain,58.841537
Decameronic,58.838406
Inique,58.835728
Papuan,58.83306
Microeutaxitic,58.802708
Aviatrice,58.76843
Affinity,58.750214
Diabetogenic,58.727497
Maintenances,58.721573
Fibrine,58.701866
Topographics,58.663013
Chough,58.65536
Precis,58.642097
Digitals,58.640656
Afrikaans,58.636833
Lissotrichy,58.623657
Maharajah,58.620735
Eccrinology,58.61992
Admiral,58.58532
Husbandship,58.57372
Disarmer,58.55107
Subinternal,58.54661
Yugoslavia,58.533066
Mishit,58.52881
Calvous,58.485374
Cymbaler,58.482307
Pashaship,58.48199
Jerque,58.480427
Overwoman,58.456398
Deaden,58.45186
Monoxime,58.4517
Facund,58.447422
Leatherboard,58.429607
Radishlike,58.428486
Achene,58.419262
Postulance,58.40105
Fitchew,58.40092
Zarnec,58.398827
Palaeocene,58.398724
Benzonitrile,58.39587
Unmonarchical,58.395008
Erotomania,58.379143
Anauxite,58.321766
Subpunch,58.314503
Yeomen,58.305202
Predeposit,58.284245
Bangtails,58.28394
Tenfold,58.279377
Lionisers,58.276073
Involutory,58.26925
Quiets,58.265175
Doings,58.255512
Bolsterwork,58.255062
Solidus,58.23375
Halteres,58.224915
Sarmenta,58.22326
Subtersurface,58.21633
Messianism,58.200916
Nonenunciatory,58.14905
Disloyalties,58.13103
Fidepromission,58.106567
Splashier,58.094616
Distain,58.091118
Bookwright,58.05808
Nonconsent,58.041355
Makutas,58.041237
Overwarms,58.02227
Concipiency,58.015083
Nondiagonal,58.002525
Topmost,58.000526
Horsebane,57.975754
Masuriums,57.964607
Pneumococcous,57.948734
Bisnagas,57.927757
Spadefish,57.922268
Lifeward,57.90712
Divertor,57.898884
Jacobinism,57.89124
Jetsam,57.882435
Duffels,57.876858
Skilts,57.859947
Diamondize,57.85988
Pterodactylus,57.84442
Scatophagidae,57.82726
Monodist,57.813828
Overhip,57.81369
Guttee,57.808502
Subversives,57.800827
Tolerators,57.764946
Blunnen,57.762463
Radiatoporous,57.754513
Viniferous,57.750847
Indicia,57.750652
Smallnesses,57.73625
Scaphion,57.709763
Gymnoglossa,57.707695
Temporalty,57.66854
Lipoblastoma,57.668102
Subcircular,57.66537
Selenite,57.65306
Kulturkampf,57.642033
Samucu,57.63068
Duodenum,57.630272
Jageer,57.584145
Snarlers,57.57435
Tropistic,57.563892
Spaghetti,57.562725
Upgrades,57.54565
Psychometry,57.545227
Detenus,57.53191
Unoecumenic,57.53137
Cyclamate,57.493755
Faradizer,57.484512
Horticulturist,57.47446
Ichthyosaurid,57.466774
Whitestone,57.457138
Cubanize,57.455692
Reposit,57.447704
Inability,57.439716
Keyster,57.434464
Underlease,57.430653
Disconsonancy,57.387157
Mothproof,57.362766
Predoctorate,57.34885
Columbines,57.347855
Ectoparasitic,57.34387
Clinocephalus,57.33238
Knobby,57.313538
Barony,57.311375
Ontologise,57.276848
Suprahyoid,57.255997
Zongora,57.236446
Badiaga,57.234055
Ampelidae,57.226364
Appointees,57.21038
Chelem,57.200367
Hairwood,57.18958
Whalemen,57.17644
Annellata,57.168777
Tackleless,57.1627
Abstrusity,57.119686
Foiler,57.11921
Shibahs,57.103863
Lidgate,57.098476
Potsies,57.09608
Larderful,57.09173
Lightplane,57.084045
Shandy,57.08115
Synapticulate,57.074432
Brassie,57.03719
Objector,57.034325
Overfit,57.033764
Heterotypic,57.02227
Subnotational,57.012012
Prelect,57.006687
Tigerlike,56.993984
Hypobaric,56.961403
Mesopelagic,56.95526
Griots,56.934605
Kabbala,56.924744
Blackboard,56.906445
Empathizes,56.87722
Unrestful,56.875523
Eleuin,56.859085
Podiatries,56.834892
Turnipwood,56.800003
Interenjoy,56.793667
Ceroline,56.776978
Phosphamic,56.770187
Sauceman,56.760403
Strainproof,56.757347
Pumice,56.656384
Paedometrical,56.65094
Noninjurious,56.628117
Strives,56.616684
Jackboot,56.61608
Tacheometric,56.609966
Hedgebreaker,56.59983
Innumerability,56.596535
Cornet,56.573196
Betain,56.561016
Fumier,56.52112
Tottlish,56.46987
Unpenitential,56.45481
Flajolotite,56.450092
Serfism,56.431362
Nonmorality,56.42685
Whippings,56.414124
Lignicolous,56.40951
Atheriogaea,56.40141
Barkstone,56.38313
Thicken,56.363132
Titres,56.358734
Pseudoform,56.35028
Outwall,56.330395
Submerse,56.306244
Chaconne,56.293484
Reoccur,56.28349
Goatsbeard,56.279316
Waiver,56.269108
Apteria,56.26029
Fructoses,56.24105
Kialkee,56.23545
Badger,56.231853
Annuitant,56.22996
Bodywise,56.229122
Calaboose,56.22614
Antiquary,56.216736
Yellowman,56.216095
Amnion,56.197613
Doornails,56.180645
Firebases,56.15482
Embolectomies,56.149025
Purkinje,56.136536
Sholom,56.12095
Synergic,56.113037
Metallize,56.06183
Oviparous,56.05999
Pantarchy,56.027534
Tachisms,56.026245
Hyaloplasm,56.01531
Econometrician,55.99847
Nitrator,55.9984
Organise,55.98342
Tidings,55.980434
Keraunophone,55.977776
Condemnatory,55.960567
Poultice,55.9302
Peritoneopexy,55.895195
Foreheads,55.889427
Instructors,55.840393
Amphiploid,55.83614
Omnivision,55.8297
Discontinuer,55.81823
Thymoma,55.801884
Anthography,55.79196
Choriocele,55.7909
Rudbeckia,55.768528
Penscript,55.75975
Troves,55.747757
Photoradio,55.717037
Rabble,55.697323
Chestnutty,55.687973
Cobleskill,55.6724
Photophysical,55.669964
Neolalia,55.66242
Gandhian,55.655895
Omnipotent,55.64185
Flandan,55.62492
Quantimeter,55.615658
Antipolitics,55.615242
Checkups,55.588326
Proteiform,55.57855
Natalian,55.555397
Cultivars,55.538467
Obovate,55.53481
Acetamidine,55.52917
Treponemiasis,55.516487
Neuropodium,55.500996
Inaudibility,55.496788
Wourari,55.4895
Psychorealist,55.487885
Puberal,55.464245
Sorbian,55.444107
Polarographic,55.417057
Unpoignant,55.354115
Tetrole,55.34302
Lacings,55.34042
Sabbathaic,55.33389
Tarcel,55.32763
Unsight,55.25232
Vizard,55.22276
Southbound,55.197964
Umpirages,55.188763
Lotuslike,55.18277
Overwrest,55.16382
Homeric,55.14895
Plateiasmus,55.13932
Apollonian,55.12761
Cachot,55.123077
Euaster,55.106503
Blenniiform,55.09299
Lepidophyte,55.066902
Australianize,55.02987
Welshlike,55.008873
Oxychloric,54.992725
Blennies,54.988667
Andvari,54.978764
Merwoman,54.97091
Burgages,54.966793
Salvors,54.950695
Peppershrike,54.950417
Midlatitude,54.944054
Cuboctahedron,54.913387
Connecters,54.90687
Garancine,54.905254
Dishwares,54.903404
Conoidic,54.898666
Parage,54.88957
Cyperaceous,54.88577
Tabulare,54.88266
Rosarians,54.876278
Tillman,54.87518
Jukebox,54.87415
Castra,54.84109
Scrubwoman,54.834873
Stippler,54.81893
Sarongs,54.807083
Declivity,54.796814
Heterosis,54.776546
Abnormalise,54.773117
Phosphatidic,54.773045
Lavatories,54.76303
Stereography,54.760544
Updive,54.76026
Dosimetrist,54.75377
Monoflagellate,54.72476
Cerolite,54.702263
Popeless,54.68897
Debaucheries,54.65636
Unmilitant,54.63946
Bajocco,54.635876
Sepoys,54.619007
Paracorolla,54.56198
Hubbub,54.555786
Crimpier,54.55505
Psephitic,54.553673
Thermogenesis,54.492466
Samani,54.48497
Revolute,54.48227
Zootomist,54.468575
Bursters,54.4654
Overregulate,54.450855
Oscillometer,54.4319
Bottine,54.40015
Curtain,54.37929
Chemotropic,54.346416
Vaginectomies,54.33478
Ocypete,54.32403
Iliadist,54.32382
Flamelike,54.31858
Judaize,54.265186
Swordman,54.26191
Naturalistic,54.238396
Lacerta,54.20744
Spoonfuls,54.200348
Broomwood,54.194622
Interrenalism,54.101486
Utible,54.07371
Clubhands,54.02942
Viscoid,54.02001
Glauke,54.006985
Eurasian,53.97994
Planigraphy,53.979755
Reprints,53.973953
Mayvin,53.96271
Narcissistic,53.948727
Encephalocele,53.931034
Antiglobulin,53.898544
Brazilite,53.848797
Astigmometer,53.84171
Marauders,53.830296
Rockfishes,53.827972
Mastiffs,53.812626
Oriolidae,53.80289
Antidemocracy,53.691105
Nasality,53.683174
Thanatosis,53.64567
Noninductive,53.640858
Cuneiform,53.61673
Chaffinch,53.579327
Gazogene,53.546413
Rushland,53.516335
Valuta,53.51401
Enleaf,53.49763
Precursors,53.482365
Dinaric,53.479084
Rockbird,53.42744
Tribromide,53.41007
Omadhaun,53.387463
Sulphurous,53.36277
Evovae,53.349144
Pincheck,53.34249
Ramekin,53.313553
Outthruster,53.31341
Spirituel,53.3086
Acidifiers,53.300426
Stileman,53.266182
Skiffs,53.23985
Briers,53.199677
Radiotracer,53.19659
Varieties,53.151276
Waxflower,53.119274
Chromograph,53.119114
Leipzig,53.104267
Formicariae,53.092392
Deathful,53.090183
Coalmonger,53.007057
Lambdas,53.000706
Bovids,52.99198
Tampons,52.98319
Dracaena,52.923332
Unconvenience,52.83509
Betatrons,52.81246
Pictographic,52.808426
Lancelets,52.801697
Alumite,52.790382
Tropospheric,52.784023
Disboard,52.774757
Heterophaga,52.74122
Melanics,52.707134
Steads,52.67458
Ghibli,52.67214
Arriero,52.66024
Hellholes,52.634495
Puritanizer,52.617
Avenue,52.60958
Kingship,52.526115
Inoculability,52.46944
Technonomic,52.465458
Erbium,52.459496
Replacer,52.44829
Pencilwood,52.446354
Cancerite,52.42859
Demulsifier,52.415985
Abiogenetical,52.380543
Phoneme,52.328896
Nationless,52.310387
Enologies,52.300144
Oxidises,52.233883
Chondrectomy,52.2072
Deaneries,52.19705
Placaters,52.196735
Urbaner,52.181828
Birdfarms,52.16223
Sprain,52.16209
Rivell,52.143635
Sartorius,52.114994
Diocese,52.103203
Hypogastric,52.06041
Progressor,52.056202
Cinnamate,52.000607
Guelph,51.999905
Tetragram,51.991932
Cheekish,51.949383
Backfires,51.946697
Spiritualiser,51.931103
Sadducees,51.912804
Junkyards,51.912785
Guittonian,51.909325
Impotent,51.907623
Corroborations,51.90529
Secreta,51.89068
Almsgiver,51.87902
Trematosaurus,51.859455
Resort,51.815933
Plasmolysis,51.802395
Phyllodia,51.76475
Carryovers,51.719463
Reclusery,51.705124
Tachyon,51.672585
Mercantilistic,51.6291
Sonship,51.617172
Monolithic,51.601376
Planetaries,51.591938
Eclogic,51.547512
Bloomage,51.490612
Percussion,51.4768
Nontheoretical,51.463085
Hydrogens,51.461502
Connexity,51.452885
Godmotherhood,51.421837
Apothems,51.413383
Herbaceous,51.407974
Lymphatic,51.40118
Uroptysis,51.37707
Sparrowwort,51.375206
Malayalam,51.361534
Doctoral,51.334538
Neopaleozoic,51.307777
Foretooth,51.26099
Dispersible,51.25218
Colonial,51.235977
Equidiurnal,51.190536
Chewiest,51.174507
Sudatorium,51.1745
Cystoidea,51.13769
Biospeleology,51.126236
Bengal,51.10575
Muscovy,50.925125
Mediumism,50.91586
Preexecutor,50.910873
Ecumenic,50.906887
Eclampsia,50.89404
Cryptococcus,50.874844
Elaphrium,50.85876
Portas,50.84604
Multiengine,50.77606
Pastoral,50.768276
Cornmeal,50.73536
Farley,50.719414
Autoloaders,50.70562
Chamade,50.668995
Macrodontism,50.668423
Aerosats,50.62766
Rehash,50.60484
Hemadynamics,50.595093
Gastrotricha,50.585808
Arbours,50.585392
Canoeist,50.54629
Precisionism,50.543255
Amorphous,50.519756
Armories,50.511726
Caricaturists,50.505325
Febricide,50.503166
Pyelometry,50.492844
Spermosphere,50.467087
Chaldaism,50.46482
Oxytocin,50.44843
Buggymen,50.435684
Midterms,50.430458
Taxameter,50.42922
Flavours,50.42729
Jointers,50.397694
Saponine,50.387905
Embryologies,50.370987
Rebound,50.34232
Bandits,50.325138
Anomoeanism,50.29624
Sarcolite,50.288002
Geoglossum,50.276352
Softie,50.25661
Squirreltail,50.248295
Chignons,50.223114
Syriacism,50.166832
Breech,50.158916
Bryophyte,50.134815
Methoxy,50.12811
Scientism,50.100746
Shofars,50.09382
Honorarium,50.09018
Hildebrandism,50.089878
Cultivations,50.081917
Hawksbill,50.034874
Unresidential,50.008385
Halifax,50.001743
Dublin,49.977116
Wiseacreism,49.964157
Adversarial,49.957943
Enlight,49.937187
Diuretics,49.924076
Pregame,49.91106
Recommender,49.900227
Reliabilities,49.894413
Archiheretical,49.878567
Expressional,49.85043
Trafficability,49.779274
Lawsuits,49.71976
Garter,49.682228
Chaptrel,49.680664
Aquarius,49.67779
Animisms,49.675434
Resourceful,49.671673
Stowaway,49.622498
Shrubland,49.593422
Cerulein,49.583202
Chirographic,49.558426
Caldera,49.556366
Fortunize,49.535454
Goitrogen,49.519447
Proletarianism,49.517822
Craton,49.517002
Pignon,49.503166
Oversprung,49.47912
Expediential,49.468838
Distressful,49.458103
Gestura,49.45154
Pronouncer,49.447876
Paralogism,49.414
Rooflike,49.401703
Greyhound,49.397102
Camouflage,49.381935
Fulminant,49.364567
Doubts,49.359627
Intentions,49.33352
Abolitionism,49.263485
Magnetimeter,49.25816
Ecstatic,49.249035
Irrelevant,49.225933
Coinmaker,49.2194
Brills,49.17801
Zombies,49.16779
Scandinavians,49.150105
Lamblike,49.122036
Problematic,49.121975
Internuncios,49.093357
Bootlaces,49.08196
Betula,49.08092
Unshackle,49.051296
Desecrations,48.97217
Guyana,48.96969
Escambio,48.957317
Carolina,48.915
Anosmic,48.904354
Sporotrichosis,48.873947
Gradientia,48.67788
Durban,48.64055
Guider,48.631737
Wiretaps,48.528866
Poundkeeper,48.519886
Proven,48.5171
Wisdom,48.513794
Heaters,48.51034
Pilotages,48.488384
Authorizer,48.460026
Quaresma,48.456177
Eurodollar,48.43108
Upcasts,48.424835
Pectunculus,48.38889
Bogota,48.384613
Chytrid,48.365532
Mastmen,48.359653
Houndsbane,48.35665
Morales,48.317738
Bloodlettings,48.30747
Singles,48.30018
Relativistic,48.298744
Nonprofession,48.24696
Demineralizer,48.211754
Immigrations,48.206497
Sandstone,48.16271
Metrectasia,48.14616
Verandas,48.106964
Schemas,48.106007
Radiochemistry,48.07939
Kinaesthesia,48.012794
Dispassion,47.969868
Hornworm,47.963615
Delthyria,47.959114
Sideshake,47.95608
Phaenogenesis,47.94216
Imides,47.938564
Pellmell,47.885082
Perceivability,47.868206
Semeiotic,47.85602
Epochs,47.82755
Nybble,47.74805
Liroth,47.73835
Subpools,47.684963
Tallowberry,47.671234
Intarsias,47.640137
Colonizers,47.632244
Foreteeth,47.60302
Madship,47.58094
Glitterance,47.526356
Hyperploidy,47.518646
Bacteriology,47.48539
Unicef,47.402557
Disability,47.393677
Hideout,47.386654
Voices,47.254684
Tarsier,47.237865
Mammoths,47.189457
Carotenoid,47.177643
Extensor,47.166687
Haemolytic,47.162968
Undeductive,47.150444
Sindhi,47.132206
Motilities,47.118607
Abroad,47.072124
Birdbaths,47.035183
Despond,47.018204
Formolite,46.97104
Formulators,46.970066
Ouzels,46.91605
Forebode,46.907402
Orotherapy,46.887314
Cosines,46.887062
Nomadism,46.84433
Chrosperma,46.84197
Mycobacterial,46.840332
Genesiology,46.776176
Reticle,46.771687
Caulicule,46.751675
Ascendent,46.709637
Kvarner,46.68727
Innate,46.67855
Applicative,46.632557
Aptnesses,46.61698
Relationals,46.556046
Mucocele,46.553013
Unprolific,46.544994
Postscripts,46.478584
Inefficiencies,46.464447
Mortality,46.375504
Juggernauts,46.354874
Dimmer,46.332752
Substyle,46.29768
Salesmanship,46.29305
Lenticle,46.237362
Nucleophilic,46.19913
Azeotrope,46.195564
Devalue,46.01694
Micronutrient,46.002674
Swordtail,45.971275
Thatchwork,45.954414
Colosseum,45.918713
Flexion,45.813545
Ninebark,45.756084
Hohokam,45.74964
Resinous,45.743443
Catalogers,45.73401
Prodigy,45.72766
Postface,45.698982
Serpette,45.631588
Shotguns,45.56829
Pyuria,45.527283
Billionaire,45.519398
Rattlertree,45.51021
Parody,45.495296
Fractureproof,45.441746
Yorker,45.419125
Nebraskans,45.388462
Dielectric,45.347233
Consent,45.334732
Handlooms,45.331272
Bloodsuck,45.309933
Hymenopter,45.289497
Gynecologic,45.288074
Methodizer,45.242954
Acupuncturists,45.155045
Bandpass,45.110073
Producers,45.088715
Collard,45.07725
Postlude,45.061234
Porphyrin,45.059273
Neurology,44.91972
Stratography,44.890842
Subprior,44.879635
Selfsame,44.858772
Syrian,44.797413
Inexpensive,44.78348
Fieldmice,44.686077
Cosmologygy,44.63408
Colinearity,44.532246
Disconnections,44.516766
Prisms,44.472202
Gastrin,44.382996
Docudrama,44.351116
Mecodonta,44.30573
Bequest,44.24546
Endosymbiosis,44.168045
Battlements,44.15999
Celiac,44.100937
Omnivorous,43.840694
Coyotes,43.79052
Landmarks,43.755497
Codebooks,43.744244
Budgies,43.718533
Playfield,43.668358
Checkpoints,43.630905
Intune,43.591373
Ferries,43.526855
Nuthatches,43.486423
Confounders,43.41519
Anomalies,43.383217
Steelhead,43.281265
Platings,43.18866
Extrasolar,43.16723
Transits,43.083145
Firebreaks,43.05488
Assigns,42.984177
Gemmologists,42.783337
Sensory,42.645813
Breakouts,42.625645
Tornado,42.614483
Padcloth,42.535637
Tanneries,42.504543
Forelimbs,42.26911
Memorial,42.26134
Winegrower,42.25412
Thyreoid,42.156483
Banish,42.119514
Guitar,42.08398
Glomeruli,42.05622
Filefish,42.019016
Loyalties,42.006042
Termites,41.861053
Marshlands,41.838726
Bollards,41.83789
Impressionists,41.782585
Corporalities,41.500008
Metabolic,41.145973
Slovak,41.005188
Cervical,40.670227
Narrators,40.632706
Formulations,40.369244
Tinctures,40.34474
Erectile,40.16911
Pterodactyls,40.09302
Warmth,39.877098
Wavelet,39.78779
Crowns,39.566444
Ireland,38.865868
Presets,38.853313
Euclidean,38.658337
Theatres,38.41558
Oregonians,37.725494
Easter,37.131283
Wingers,37.06151
Reluct,36.421764
Watercolourist,31.625021
