entity,system_mode,base,org_b,delta_b_minus_base,source_file,batch_index
Acrindoline,bare,-23.375,-3.34375,20.03125,b_yesno_randbatch0_size50.csv,
Acrindoline,system_on,-22.125,-4.46875,17.65625,b_yesno_randbatch0_size50.csv,
Adumbrant,bare,-23.375,-2.984375,20.390625,b_yesno_randbatch0_size50.csv,
Adumbrant,system_on,-22.0,-4.09375,17.90625,b_yesno_randbatch0_size50.csv,
Anelasticity,bare,-23.875,-3.34375,20.53125,b_yesno_randbatch0_size50.csv,
Anelasticity,system_on,-22.75,-4.75,18.0,b_yesno_randbatch0_size50.csv,
Antiquist,bare,-23.625,-3.34375,20.28125,b_yesno_randbatch0_size50.csv,
Antiquist,system_on,-22.625,-4.875,17.75,b_yesno_randbatch0_size50.csv,
Aquatints,bare,-23.375,-2.84375,20.53125,b_yesno_randbatch0_size50.csv,
Aquatints,system_on,-21.625,-4.09375,17.53125,b_yesno_randbatch0_size50.csv,
Bifteck,bare,-23.25,-3.09375,20.15625,b_yesno_randbatch0_size50.csv,
Bifteck,system_on,-22.125,-4.46875,17.65625,b_yesno_randbatch0_size50.csv,
Binode,bare,-23.5,-3.09375,20.40625,b_yesno_randbatch0_size50.csv,
Binode,system_on,-22.75,-4.5,18.25,b_yesno_randbatch0_size50.csv,
Catadioptric,bare,-23.0,-3.34375,19.65625,b_yesno_randbatch0_size50.csv,
Catadioptric,system_on,-22.0,-4.75,17.25,b_yesno_randbatch0_size50.csv,
Chlorapatite,bare,-22.875,-2.984375,19.890625,b_yesno_randbatch0_size50.csv,
Chlorapatite,system_on,-21.625,-4.21875,17.40625,b_yesno_randbatch0_size50.csv,
Clepsine,bare,-22.875,-2.59375,20.28125,b_yesno_randbatch0_size50.csv,
Clepsine,system_on,-21.75,-3.609375,18.140625,b_yesno_randbatch0_size50.csv,
Collected,bare,-23.375,-3.34375,20.03125,b_yesno_randbatch0_size50.csv,
Collected,system_on,-22.125,-5.0,17.125,b_yesno_randbatch0_size50.csv,
Crackbrain,bare,-23.125,-2.984375,20.140625,b_yesno_randbatch0_size50.csv,
Crackbrain,system_on,-22.25,-4.375,17.875,b_yesno_randbatch0_size50.csv,
Demiscible,bare,-23.75,-3.21875,20.53125,b_yesno_randbatch0_size50.csv,
Demiscible,system_on,-22.5,-4.625,17.875,b_yesno_randbatch0_size50.csv,
Donator,bare,-23.75,-3.46875,20.28125,b_yesno_randbatch0_size50.csv,
Donator,system_on,-22.625,-5.0,17.625,b_yesno_randbatch0_size50.csv,
Foreshowing,bare,-23.25,-3.21875,20.03125,b_yesno_randbatch0_size50.csv,
Foreshowing,system_on,-22.25,-4.75,17.5,b_yesno_randbatch0_size50.csv,
Genitalic,bare,-23.375,-3.359375,20.015625,b_yesno_randbatch0_size50.csv,
Genitalic,system_on,-22.375,-5.0,17.375,b_yesno_randbatch0_size50.csv,
Glucosane,bare,-22.75,-3.109375,19.640625,b_yesno_randbatch0_size50.csv,
Glucosane,system_on,-21.875,-4.46875,17.40625,b_yesno_randbatch0_size50.csv,
Gribble,bare,-22.625,-2.84375,19.78125,b_yesno_randbatch0_size50.csv,
Gribble,system_on,-21.625,-3.984375,17.640625,b_yesno_randbatch0_size50.csv,
Guerillas,bare,-23.5,-3.21875,20.28125,b_yesno_randbatch0_size50.csv,
Guerillas,system_on,-23.0,-4.875,18.125,b_yesno_randbatch0_size50.csv,
Hamzas,bare,-23.375,-3.09375,20.28125,b_yesno_randbatch0_size50.csv,
Hamzas,system_on,-22.0,-4.5,17.5,b_yesno_randbatch0_size50.csv,
Helicopting,bare,-23.25,-3.34375,19.90625,b_yesno_randbatch0_size50.csv,
Helicopting,system_on,-22.5,-4.84375,17.65625,b_yesno_randbatch0_size50.csv,
Inhold,bare,-23.0,-3.09375,19.90625,b_yesno_randbatch0_size50.csv,
Inhold,system_on,-22.125,-4.625,17.5,b_yesno_randbatch0_size50.csv,
Lagunero,bare,-23.25,-3.09375,20.15625,b_yesno_randbatch0_size50.csv,
Lagunero,system_on,-22.0,-4.46875,17.53125,b_yesno_randbatch0_size50.csv,
Lyomeri,bare,-23.375,-2.71875,20.65625,b_yesno_randbatch0_size50.csv,
Lyomeri,system_on,-22.0,-4.09375,17.90625,b_yesno_randbatch0_size50.csv,
Mafioso,bare,-23.25,-3.46875,19.78125,b_yesno_randbatch0_size50.csv,
Mafioso,system_on,-22.625,-5.125,17.5,b_yesno_randbatch0_size50.csv,
Manganous,bare,-23.25,-3.09375,20.15625,b_yesno_randbatch0_size50.csv,
Manganous,system_on,-22.375,-4.34375,18.03125,b_yesno_randbatch0_size50.csv,
Mattin,bare,-23.25,-2.96875,20.28125,b_yesno_randbatch0_size50.csv,
Mattin,system_on,-21.5,-3.984375,17.515625,b_yesno_randbatch0_size50.csv,
Metallary,bare,-23.375,-3.09375,20.28125,b_yesno_randbatch0_size50.csv,
Metallary,system_on,-22.375,-4.46875,17.90625,b_yesno_randbatch0_size50.csv,
Nereids,bare,-22.625,-3.09375,19.53125,b_yesno_randbatch0_size50.csv,
Nereids,system_on,-20.75,-4.09375,16.65625,b_yesno_randbatch0_size50.csv,
Oakboy,bare,-23.375,-3.34375,20.03125,b_yesno_randbatch0_size50.csv,
Oakboy,system_on,-22.125,-4.625,17.5,b_yesno_randbatch0_size50.csv,
Otoconia,bare,-23.0,-3.09375,19.90625,b_yesno_randbatch0_size50.csv,
Otoconia,system_on,-22.0,-4.625,17.375,b_yesno_randbatch0_size50.csv,
Peritoneoscopy,bare,-23.125,-3.578125,19.546875,b_yesno_randbatch0_size50.csv,
Peritoneoscopy,system_on,-22.25,-5.25,17.0,b_yesno_randbatch0_size50.csv,
Petrosphenoid,bare,-23.0,-3.21875,19.78125,b_yesno_randbatch0_size50.csv,
Petrosphenoid,system_on,-21.875,-4.34375,17.53125,b_yesno_randbatch0_size50.csv,
Photomapped,bare,-23.125,-2.984375,20.140625,b_yesno_randbatch0_size50.csv,
Photomapped,system_on,-22.125,-4.34375,17.78125,b_yesno_randbatch0_size50.csv,
Progenerate,bare,-22.75,-3.46875,19.28125,b_yesno_randbatch0_size50.csv,
Progenerate,system_on,-22.625,-5.0,17.625,b_yesno_randbatch0_size50.csv,
Quieters,bare,-23.5,-2.84375,20.65625,b_yesno_randbatch0_size50.csv,
Quieters,system_on,-22.125,-4.09375,18.03125,b_yesno_randbatch0_size50.csv,
Rampaciously,bare,-23.25,-2.984375,20.265625,b_yesno_randbatch0_size50.csv,
Rampaciously,system_on,-22.0,-4.375,17.625,b_yesno_randbatch0_size50.csv,
Reapprove,bare,-23.375,-3.34375,20.03125,b_yesno_randbatch0_size50.csv,
Reapprove,system_on,-22.625,-4.875,17.75,b_yesno_randbatch0_size50.csv,
Reentrances,bare,-23.5,-3.34375,20.15625,b_yesno_randbatch0_size50.csv,
Reentrances,system_on,-22.5,-4.75,17.75,b_yesno_randbatch0_size50.csv,
Repriced,bare,-22.875,-3.109375,19.765625,b_yesno_randbatch0_size50.csv,
Repriced,system_on,-22.125,-4.46875,17.65625,b_yesno_randbatch0_size50.csv,
Revolting,bare,-23.625,-3.09375,20.53125,b_yesno_randbatch0_size50.csv,
Revolting,system_on,-23.0,-4.75,18.25,b_yesno_randbatch0_size50.csv,
Scullionize,bare,-23.25,-3.109375,20.140625,b_yesno_randbatch0_size50.csv,
Scullionize,system_on,-21.625,-4.34375,17.28125,b_yesno_randbatch0_size50.csv,
Semicordated,bare,-23.5,-2.96875,20.53125,b_yesno_randbatch0_size50.csv,
Semicordated,system_on,-22.25,-4.46875,17.78125,b_yesno_randbatch0_size50.csv,
Shadflower,bare,-22.5,-2.609375,19.890625,b_yesno_randbatch0_size50.csv,
Shadflower,system_on,-21.375,-3.609375,17.765625,b_yesno_randbatch0_size50.csv,
Spavies,bare,-23.0,-3.09375,19.90625,b_yesno_randbatch0_size50.csv,
Spavies,system_on,-22.0,-4.34375,17.65625,b_yesno_randbatch0_size50.csv,
Tendrillar,bare,-22.875,-2.734375,20.140625,b_yesno_randbatch0_size50.csv,
Tendrillar,system_on,-21.875,-3.984375,17.890625,b_yesno_randbatch0_size50.csv,
Undefeasible,bare,-23.75,-3.09375,20.65625,b_yesno_randbatch0_size50.csv,
Undefeasible,system_on,-22.375,-4.34375,18.03125,b_yesno_randbatch0_size50.csv,
Unflintify,bare,-23.25,-3.109375,20.140625,b_yesno_randbatch0_size50.csv,
Unflintify,system_on,-22.25,-4.21875,18.03125,b_yesno_randbatch0_size50.csv,
Unjuridical,bare,-23.75,-3.21875,20.53125,b_yesno_randbatch0_size50.csv,
Unjuridical,system_on,-22.875,-4.625,18.25,b_yesno_randbatch0_size50.csv,
Unjustifiable,bare,-23.375,-2.96875,20.40625,b_yesno_randbatch0_size50.csv,
Unjustifiable,system_on,-22.5,-4.34375,18.15625,b_yesno_randbatch0_size50.csv,
Aliturgic,bare,-23.25,-3.34375,19.90625,b_yesno_randbatch1_size50.csv,1.0
Aliturgic,system_on,-21.875,-4.625,17.25,b_yesno_randbatch1_size50.csv,1.0
Analogistic,bare,-23.5,-3.46875,20.03125,b_yesno_randbatch1_size50.csv,1.0
Analogistic,system_on,-22.125,-4.875,17.25,b_yesno_randbatch1_size50.csv,1.0
Andreaea,bare,-23.125,-2.96875,20.15625,b_yesno_randbatch1_size50.csv,1.0
Andreaea,system_on,-22.25,-4.21875,18.03125,b_yesno_randbatch1_size50.csv,1.0
Apronless,bare,-23.25,-3.46875,19.78125,b_yesno_randbatch1_size50.csv,1.0
Apronless,system_on,-22.0,-4.5,17.5,b_yesno_randbatch1_size50.csv,1.0
Arabized,bare,-23.5,-3.453125,20.046875,b_yesno_randbatch1_size50.csv,1.0
Arabized,system_on,-22.5,-5.125,17.375,b_yesno_randbatch1_size50.csv,1.0
Bergschrund,bare,-22.625,-3.109375,19.515625,b_yesno_randbatch1_size50.csv,1.0
Bergschrund,system_on,-21.5,-4.34375,17.15625,b_yesno_randbatch1_size50.csv,1.0
Bundeli,bare,-23.0,-2.984375,20.015625,b_yesno_randbatch1_size50.csv,1.0
Bundeli,system_on,-21.5,-4.21875,17.28125,b_yesno_randbatch1_size50.csv,1.0
Citronalis,bare,-23.125,-3.203125,19.921875,b_yesno_randbatch1_size50.csv,1.0
Citronalis,system_on,-22.25,-4.375,17.875,b_yesno_randbatch1_size50.csv,1.0
Debussy,bare,-23.0,-2.96875,20.03125,b_yesno_randbatch1_size50.csv,1.0
Debussy,system_on,-21.375,-4.09375,17.28125,b_yesno_randbatch1_size50.csv,1.0
Defectible,bare,-23.5,-2.984375,20.515625,b_yesno_randbatch1_size50.csv,1.0
Defectible,system_on,-22.625,-4.46875,18.15625,b_yesno_randbatch1_size50.csv,1.0
Dislimn,bare,-22.875,-2.96875,19.90625,b_yesno_randbatch1_size50.csv,1.0
Dislimn,system_on,-22.0,-4.21875,17.78125,b_yesno_randbatch1_size50.csv,1.0
Eglamore,bare,-22.625,-2.71875,19.90625,b_yesno_randbatch1_size50.csv,1.0
Eglamore,system_on,-21.125,-3.59375,17.53125,b_yesno_randbatch1_size50.csv,1.0
Glance,bare,-23.0,-3.109375,19.890625,b_yesno_randbatch1_size50.csv,1.0
Glance,system_on,-22.125,-4.5,17.625,b_yesno_randbatch1_size50.csv,1.0
Grieshoch,bare,-23.0,-2.984375,20.015625,b_yesno_randbatch1_size50.csv,1.0
Grieshoch,system_on,-21.875,-4.21875,17.65625,b_yesno_randbatch1_size50.csv,1.0
Hatable,bare,-23.25,-3.21875,20.03125,b_yesno_randbatch1_size50.csv,1.0
Hatable,system_on,-22.125,-4.75,17.375,b_yesno_randbatch1_size50.csv,1.0
Leukomas,bare,-22.875,-3.09375,19.78125,b_yesno_randbatch1_size50.csv,1.0
Leukomas,system_on,-21.75,-4.625,17.125,b_yesno_randbatch1_size50.csv,1.0
Lithemic,bare,-22.875,-3.21875,19.65625,b_yesno_randbatch1_size50.csv,1.0
Lithemic,system_on,-21.875,-4.5,17.375,b_yesno_randbatch1_size50.csv,1.0
Malgrado,bare,-23.5,-2.84375,20.65625,b_yesno_randbatch1_size50.csv,1.0
Malgrado,system_on,-22.25,-3.984375,18.265625,b_yesno_randbatch1_size50.csv,1.0
Misintend,bare,-23.125,-3.328125,19.796875,b_yesno_randbatch1_size50.csv,1.0
Misintend,system_on,-22.375,-4.625,17.75,b_yesno_randbatch1_size50.csv,1.0
Noninterrupted,bare,-23.25,-3.09375,20.15625,b_yesno_randbatch1_size50.csv,1.0
Noninterrupted,system_on,-22.125,-4.5,17.625,b_yesno_randbatch1_size50.csv,1.0
Nonstandard,bare,-23.25,-3.34375,19.90625,b_yesno_randbatch1_size50.csv,1.0
Nonstandard,system_on,-22.375,-4.875,17.5,b_yesno_randbatch1_size50.csv,1.0
Orpheonist,bare,-22.875,-3.09375,19.78125,b_yesno_randbatch1_size50.csv,1.0
Orpheonist,system_on,-22.0,-4.5,17.5,b_yesno_randbatch1_size50.csv,1.0
Overwhirl,bare,-23.375,-3.09375,20.28125,b_yesno_randbatch1_size50.csv,1.0
Overwhirl,system_on,-22.25,-4.21875,18.03125,b_yesno_randbatch1_size50.csv,1.0
Parabematic,bare,-23.375,-3.09375,20.28125,b_yesno_randbatch1_size50.csv,1.0
Parabematic,system_on,-22.375,-4.5,17.875,b_yesno_randbatch1_size50.csv,1.0
Partitively,bare,-23.375,-3.453125,19.921875,b_yesno_randbatch1_size50.csv,1.0
Partitively,system_on,-22.75,-4.625,18.125,b_yesno_randbatch1_size50.csv,1.0
Pavonize,bare,-23.625,-3.234375,20.390625,b_yesno_randbatch1_size50.csv,1.0
Pavonize,system_on,-22.75,-4.46875,18.28125,b_yesno_randbatch1_size50.csv,1.0
Perries,bare,-22.75,-2.96875,19.78125,b_yesno_randbatch1_size50.csv,1.0
Perries,system_on,-21.875,-4.5,17.375,b_yesno_randbatch1_size50.csv,1.0
Phrasal,bare,-23.125,-2.859375,20.265625,b_yesno_randbatch1_size50.csv,1.0
Phrasal,system_on,-22.125,-3.984375,18.140625,b_yesno_randbatch1_size50.csv,1.0
Protocolary,bare,-23.375,-3.359375,20.015625,b_yesno_randbatch1_size50.csv,1.0
Protocolary,system_on,-22.625,-5.0,17.625,b_yesno_randbatch1_size50.csv,1.0
Punctum,bare,-23.125,-3.21875,19.90625,b_yesno_randbatch1_size50.csv,1.0
Punctum,system_on,-22.125,-4.34375,17.78125,b_yesno_randbatch1_size50.csv,1.0
Revaccinate,bare,-23.125,-3.21875,19.90625,b_yesno_randbatch1_size50.csv,1.0
Revaccinate,system_on,-22.5,-4.625,17.875,b_yesno_randbatch1_size50.csv,1.0
Rhinitis,bare,-23.0,-4.21875,18.78125,b_yesno_randbatch1_size50.csv,1.0
Rhinitis,system_on,-22.5,-5.5,17.0,b_yesno_randbatch1_size50.csv,1.0
Riflers,bare,-23.375,-3.21875,20.15625,b_yesno_randbatch1_size50.csv,1.0
Riflers,system_on,-22.5,-4.625,17.875,b_yesno_randbatch1_size50.csv,1.0
Scripee,bare,-22.875,-3.109375,19.765625,b_yesno_randbatch1_size50.csv,1.0
Scripee,system_on,-22.375,-4.375,18.0,b_yesno_randbatch1_size50.csv,1.0
Seigneurial,bare,-23.25,-2.96875,20.28125,b_yesno_randbatch1_size50.csv,1.0
Seigneurial,system_on,-21.875,-3.984375,17.890625,b_yesno_randbatch1_size50.csv,1.0
Semiroyal,bare,-23.25,-2.734375,20.515625,b_yesno_randbatch1_size50.csv,1.0
Semiroyal,system_on,-22.125,-4.21875,17.90625,b_yesno_randbatch1_size50.csv,1.0
Skoinolon,bare,-23.25,-2.84375,20.40625,b_yesno_randbatch1_size50.csv,1.0
Skoinolon,system_on,-21.875,-4.21875,17.65625,b_yesno_randbatch1_size50.csv,1.0
Sloking,bare,-23.125,-2.96875,20.15625,b_yesno_randbatch1_size50.csv,1.0
Sloking,system_on,-22.0,-4.34375,17.65625,b_yesno_randbatch1_size50.csv,1.0
Subaeration,bare,-23.25,-2.96875,20.28125,b_yesno_randbatch1_size50.csv,1.0
Subaeration,system_on,-22.375,-4.21875,18.15625,b_yesno_randbatch1_size50.csv,1.0
Subdepartments,bare,-23.375,-3.109375,20.265625,b_yesno_randbatch1_size50.csv,1.0
Subdepartments,system_on,-22.125,-4.5,17.625,b_yesno_randbatch1_size50.csv,1.0
Synaptosome,bare,-23.125,-2.984375,20.140625,b_yesno_randbatch1_size50.csv,1.0
Synaptosome,system_on,-22.0,-4.34375,17.65625,b_yesno_randbatch1_size50.csv,1.0
Thermophilous,bare,-23.375,-2.96875,20.40625,b_yesno_randbatch1_size50.csv,1.0
Thermophilous,system_on,-22.5,-4.09375,18.40625,b_yesno_randbatch1_size50.csv,1.0
Umbrose,bare,-23.0,-3.109375,19.890625,b_yesno_randbatch1_size50.csv,1.0
Umbrose,system_on,-22.125,-4.21875,17.90625,b_yesno_randbatch1_size50.csv,1.0
Unbothered,bare,-23.0,-3.109375,19.890625,b_yesno_randbatch1_size50.csv,1.0
Unbothered,system_on,-21.5,-4.375,17.125,b_yesno_randbatch1_size50.csv,1.0
Underworld,bare,-23.25,-3.09375,20.15625,b_yesno_randbatch1_size50.csv,1.0
Underworld,system_on,-22.375,-4.5,17.875,b_yesno_randbatch1_size50.csv,1.0
Universalizer,bare,-23.375,-3.34375,20.03125,b_yesno_randbatch1_size50.csv,1.0
Universalizer,system_on,-22.5,-4.75,17.75,b_yesno_randbatch1_size50.csv,1.0
Unprofiting,bare,-23.375,-3.234375,20.140625,b_yesno_randbatch1_size50.csv,1.0
Unprofiting,system_on,-22.25,-4.625,17.625,b_yesno_randbatch1_size50.csv,1.0
Unwinded,bare,-23.5,-2.734375,20.765625,b_yesno_randbatch1_size50.csv,1.0
Unwinded,system_on,-22.375,-4.09375,18.28125,b_yesno_randbatch1_size50.csv,1.0
Weirdlessness,bare,-23.375,-3.109375,20.265625,b_yesno_randbatch1_size50.csv,1.0
Weirdlessness,system_on,-22.375,-4.5,17.875,b_yesno_randbatch1_size50.csv,1.0
Yogees,bare,-22.75,-2.609375,20.140625,b_yesno_randbatch1_size50.csv,1.0
Yogees,system_on,-21.75,-3.96875,17.78125,b_yesno_randbatch1_size50.csv,1.0
Adenoviral,bare,-22.875,-3.109375,19.765625,b_yesno_randbatch2_size50.csv,2.0
Adenoviral,system_on,-22.25,-4.625,17.625,b_yesno_randbatch2_size50.csv,2.0
Agrypnias,bare,-23.0,-3.21875,19.78125,b_yesno_randbatch2_size50.csv,2.0
Agrypnias,system_on,-22.5,-4.625,17.875,b_yesno_randbatch2_size50.csv,2.0
Antimonous,bare,-23.75,-3.21875,20.53125,b_yesno_randbatch2_size50.csv,2.0
Antimonous,system_on,-22.75,-4.46875,18.28125,b_yesno_randbatch2_size50.csv,2.0
Aurous,bare,-23.5,-3.09375,20.40625,b_yesno_randbatch2_size50.csv,2.0
Aurous,system_on,-22.375,-4.46875,17.90625,b_yesno_randbatch2_size50.csv,2.0
Awkwardly,bare,-23.0,-3.21875,19.78125,b_yesno_randbatch2_size50.csv,2.0
Awkwardly,system_on,-21.875,-4.34375,17.53125,b_yesno_randbatch2_size50.csv,2.0
Azorubine,bare,-22.875,-2.71875,20.15625,b_yesno_randbatch2_size50.csv,2.0
Azorubine,system_on,-21.5,-4.09375,17.40625,b_yesno_randbatch2_size50.csv,2.0
Ballsy,bare,-22.75,-3.21875,19.53125,b_yesno_randbatch2_size50.csv,2.0
Ballsy,system_on,-22.25,-4.34375,17.90625,b_yesno_randbatch2_size50.csv,2.0
Braveries,bare,-22.875,-2.984375,19.890625,b_yesno_randbatch2_size50.csv,2.0
Braveries,system_on,-21.625,-4.5,17.125,b_yesno_randbatch2_size50.csv,2.0
Chapacura,bare,-23.125,-3.109375,20.015625,b_yesno_randbatch2_size50.csv,2.0
Chapacura,system_on,-22.0,-4.46875,17.53125,b_yesno_randbatch2_size50.csv,2.0
Clamative,bare,-23.375,-3.21875,20.15625,b_yesno_randbatch2_size50.csv,2.0
Clamative,system_on,-22.75,-4.625,18.125,b_yesno_randbatch2_size50.csv,2.0
Diamondbacked,bare,-23.125,-2.84375,20.28125,b_yesno_randbatch2_size50.csv,2.0
Diamondbacked,system_on,-21.625,-4.21875,17.40625,b_yesno_randbatch2_size50.csv,2.0
Dilettantish,bare,-23.75,-3.34375,20.40625,b_yesno_randbatch2_size50.csv,2.0
Dilettantish,system_on,-22.375,-4.875,17.5,b_yesno_randbatch2_size50.csv,2.0
Ethicophysical,bare,-23.25,-3.09375,20.15625,b_yesno_randbatch2_size50.csv,2.0
Ethicophysical,system_on,-22.125,-4.375,17.75,b_yesno_randbatch2_size50.csv,2.0
Evaporable,bare,-23.375,-2.859375,20.515625,b_yesno_randbatch2_size50.csv,2.0
Evaporable,system_on,-22.0,-4.125,17.875,b_yesno_randbatch2_size50.csv,2.0
Feculence,bare,-22.875,-2.84375,20.03125,b_yesno_randbatch2_size50.csv,2.0
Feculence,system_on,-21.875,-4.09375,17.78125,b_yesno_randbatch2_size50.csv,2.0
Fledged,bare,-23.125,-3.34375,19.78125,b_yesno_randbatch2_size50.csv,2.0
Fledged,system_on,-22.0,-4.875,17.125,b_yesno_randbatch2_size50.csv,2.0
Fractions,bare,-23.125,-2.71875,20.40625,b_yesno_randbatch2_size50.csv,2.0
Fractions,system_on,-22.0,-4.34375,17.65625,b_yesno_randbatch2_size50.csv,2.0
Guilelessly,bare,-23.25,-2.984375,20.265625,b_yesno_randbatch2_size50.csv,2.0
Guilelessly,system_on,-21.875,-3.984375,17.890625,b_yesno_randbatch2_size50.csv,2.0
Idiosepion,bare,-22.75,-2.984375,19.765625,b_yesno_randbatch2_size50.csv,2.0
Idiosepion,system_on,-22.125,-4.46875,17.65625,b_yesno_randbatch2_size50.csv,2.0
Inflecting,bare,-23.375,-3.21875,20.15625,b_yesno_randbatch2_size50.csv,2.0
Inflecting,system_on,-22.375,-4.625,17.75,b_yesno_randbatch2_size50.csv,2.0
Inhabitability,bare,-22.75,-2.984375,19.765625,b_yesno_randbatch2_size50.csv,2.0
Inhabitability,system_on,-21.75,-4.21875,17.53125,b_yesno_randbatch2_size50.csv,2.0
Intercavernous,bare,-23.0,-2.96875,20.03125,b_yesno_randbatch2_size50.csv,2.0
Intercavernous,system_on,-22.125,-4.34375,17.78125,b_yesno_randbatch2_size50.csv,2.0
Isochronizing,bare,-23.625,-3.578125,20.046875,b_yesno_randbatch2_size50.csv,2.0
Isochronizing,system_on,-22.375,-5.0,17.375,b_yesno_randbatch2_size50.csv,2.0
Memorandum,bare,-23.5,-3.59375,19.90625,b_yesno_randbatch2_size50.csv,2.0
Memorandum,system_on,-22.5,-5.0,17.5,b_yesno_randbatch2_size50.csv,2.0
Mentionability,bare,-23.25,-3.59375,19.65625,b_yesno_randbatch2_size50.csv,2.0
Mentionability,system_on,-22.75,-4.875,17.875,b_yesno_randbatch2_size50.csv,2.0
Monotropsis,bare,-23.25,-3.09375,20.15625,b_yesno_randbatch2_size50.csv,2.0
Monotropsis,system_on,-21.75,-4.25,17.5,b_yesno_randbatch2_size50.csv,2.0
Motacilla,bare,-23.0,-2.84375,20.15625,b_yesno_randbatch2_size50.csv,2.0
Motacilla,system_on,-22.0,-4.09375,17.90625,b_yesno_randbatch2_size50.csv,2.0
Nasiobregmatic,bare,-22.875,-3.46875,19.40625,b_yesno_randbatch2_size50.csv,2.0
Nasiobregmatic,system_on,-22.125,-4.875,17.25,b_yesno_randbatch2_size50.csv,2.0
Niveous,bare,-23.125,-3.09375,20.03125,b_yesno_randbatch2_size50.csv,2.0
Niveous,system_on,-22.0,-4.34375,17.65625,b_yesno_randbatch2_size50.csv,2.0
Nontanning,bare,-23.625,-3.09375,20.53125,b_yesno_randbatch2_size50.csv,2.0
Nontanning,system_on,-22.125,-4.625,17.5,b_yesno_randbatch2_size50.csv,2.0
Orthomolecular,bare,-23.625,-2.984375,20.640625,b_yesno_randbatch2_size50.csv,2.0
Orthomolecular,system_on,-22.875,-4.5,18.375,b_yesno_randbatch2_size50.csv,2.0
Photuria,bare,-23.5,-2.984375,20.515625,b_yesno_randbatch2_size50.csv,2.0
Photuria,system_on,-22.25,-4.09375,18.15625,b_yesno_randbatch2_size50.csv,2.0
Pubourethral,bare,-23.25,-3.09375,20.15625,b_yesno_randbatch2_size50.csv,2.0
Pubourethral,system_on,-22.25,-4.75,17.5,b_yesno_randbatch2_size50.csv,2.0
Redargues,bare,-23.25,-3.21875,20.03125,b_yesno_randbatch2_size50.csv,2.0
Redargues,system_on,-22.25,-4.21875,18.03125,b_yesno_randbatch2_size50.csv,2.0
Remelted,bare,-23.125,-3.09375,20.03125,b_yesno_randbatch2_size50.csv,2.0
Remelted,system_on,-22.25,-4.5,17.75,b_yesno_randbatch2_size50.csv,2.0
Semicolloidal,bare,-23.25,-3.09375,20.15625,b_yesno_randbatch2_size50.csv,2.0
Semicolloidal,system_on,-22.125,-4.625,17.5,b_yesno_randbatch2_size50.csv,2.0
Shrrinkng,bare,-22.875,-2.734375,20.140625,b_yesno_randbatch2_size50.csv,2.0
Shrrinkng,system_on,-21.625,-3.984375,17.640625,b_yesno_randbatch2_size50.csv,2.0
Silliness,bare,-23.0,-3.234375,19.765625,b_yesno_randbatch2_size50.csv,2.0
Silliness,system_on,-21.25,-4.75,16.5,b_yesno_randbatch2_size50.csv,2.0
Slipperier,bare,-23.0,-2.734375,20.265625,b_yesno_randbatch2_size50.csv,2.0
Slipperier,system_on,-21.625,-4.21875,17.40625,b_yesno_randbatch2_size50.csv,2.0
Spermiogenesis,bare,-22.875,-3.359375,19.515625,b_yesno_randbatch2_size50.csv,2.0
Spermiogenesis,system_on,-22.125,-4.875,17.25,b_yesno_randbatch2_size50.csv,2.0
Subreguli,bare,-23.375,-3.21875,20.15625,b_yesno_randbatch2_size50.csv,2.0
Subreguli,system_on,-22.125,-4.5,17.625,b_yesno_randbatch2_size50.csv,2.0
Teratoblastoma,bare,-22.875,-3.453125,19.421875,b_yesno_randbatch2_size50.csv,2.0
Teratoblastoma,system_on,-22.125,-5.09375,17.03125,b_yesno_randbatch2_size50.csv,2.0
Timberline,bare,-22.625,-2.96875,19.65625,b_yesno_randbatch2_size50.csv,2.0
Timberline,system_on,-21.375,-4.375,17.0,b_yesno_randbatch2_size50.csv,2.0
Torculus,bare,-22.875,-3.21875,19.65625,b_yesno_randbatch2_size50.csv,2.0
Torculus,system_on,-21.875,-4.34375,17.53125,b_yesno_randbatch2_size50.csv,2.0
Undubiousness,bare,-23.5,-3.109375,20.390625,b_yesno_randbatch2_size50.csv,2.0
Undubiousness,system_on,-22.25,-4.5,17.75,b_yesno_randbatch2_size50.csv,2.0
Ungrowling,bare,-22.625,-2.984375,19.640625,b_yesno_randbatch2_size50.csv,2.0
Ungrowling,system_on,-21.625,-4.21875,17.40625,b_yesno_randbatch2_size50.csv,2.0
Unhinged,bare,-23.25,-2.984375,20.265625,b_yesno_randbatch2_size50.csv,2.0
Unhinged,system_on,-22.375,-4.25,18.125,b_yesno_randbatch2_size50.csv,2.0
Unhydraulic,bare,-23.375,-2.984375,20.390625,b_yesno_randbatch2_size50.csv,2.0
Unhydraulic,system_on,-22.125,-4.375,17.75,b_yesno_randbatch2_size50.csv,2.0
Vallate,bare,-23.125,-3.09375,20.03125,b_yesno_randbatch2_size50.csv,2.0
Vallate,system_on,-21.875,-4.46875,17.40625,b_yesno_randbatch2_size50.csv,2.0
Venereologist,bare,-23.0,-3.59375,19.40625,b_yesno_randbatch2_size50.csv,2.0
Venereologist,system_on,-21.875,-5.21875,16.65625,b_yesno_randbatch2_size50.csv,2.0
Antiradiation,bare,-23.25,-3.21875,20.03125,b_yesno_randbatch3_size50.csv,3.0
Antiradiation,system_on,-22.75,-4.625,18.125,b_yesno_randbatch3_size50.csv,3.0
Asaprol,bare,-23.375,-3.1875,20.1875,b_yesno_randbatch3_size50.csv,3.0
Asaprol,system_on,-22.5,-4.5,18.0,b_yesno_randbatch3_size50.csv,3.0
Bailiery,bare,-23.375,-2.859375,20.515625,b_yesno_randbatch3_size50.csv,3.0
Bailiery,system_on,-22.25,-3.96875,18.28125,b_yesno_randbatch3_size50.csv,3.0
Biffies,bare,-22.75,-2.84375,19.90625,b_yesno_randbatch3_size50.csv,3.0
Biffies,system_on,-21.5,-4.09375,17.40625,b_yesno_randbatch3_size50.csv,3.0
Dolently,bare,-23.5,-3.09375,20.40625,b_yesno_randbatch3_size50.csv,3.0
Dolently,system_on,-22.125,-4.625,17.5,b_yesno_randbatch3_size50.csv,3.0
Dollarfish,bare,-22.75,-3.21875,19.53125,b_yesno_randbatch3_size50.csv,3.0
Dollarfish,system_on,-21.875,-4.46875,17.40625,b_yesno_randbatch3_size50.csv,3.0
Dorosacral,bare,-23.25,-3.09375,20.15625,b_yesno_randbatch3_size50.csv,3.0
Dorosacral,system_on,-22.125,-4.625,17.5,b_yesno_randbatch3_size50.csv,3.0
Draglines,bare,-22.875,-3.09375,19.78125,b_yesno_randbatch3_size50.csv,3.0
Draglines,system_on,-21.5,-4.46875,17.03125,b_yesno_randbatch3_size50.csv,3.0
Effulgently,bare,-23.375,-2.96875,20.40625,b_yesno_randbatch3_size50.csv,3.0
Effulgently,system_on,-21.75,-3.84375,17.90625,b_yesno_randbatch3_size50.csv,3.0
Egualmente,bare,-23.375,-3.34375,20.03125,b_yesno_randbatch3_size50.csv,3.0
Egualmente,system_on,-22.375,-4.75,17.625,b_yesno_randbatch3_size50.csv,3.0
Ependymoma,bare,-22.625,-3.21875,19.40625,b_yesno_randbatch3_size50.csv,3.0
Ependymoma,system_on,-22.25,-4.75,17.5,b_yesno_randbatch3_size50.csv,3.0
Exploring,bare,-23.0,-3.234375,19.765625,b_yesno_randbatch3_size50.csv,3.0
Exploring,system_on,-21.25,-4.75,16.5,b_yesno_randbatch3_size50.csv,3.0
Ferrean,bare,-23.25,-2.953125,20.296875,b_yesno_randbatch3_size50.csv,3.0
Ferrean,system_on,-21.875,-4.21875,17.65625,b_yesno_randbatch3_size50.csv,3.0
Goodhearted,bare,-23.875,-3.21875,20.65625,b_yesno_randbatch3_size50.csv,3.0
Goodhearted,system_on,-22.375,-4.5,17.875,b_yesno_randbatch3_size50.csv,3.0
Hemicanities,bare,-23.125,-2.984375,20.140625,b_yesno_randbatch3_size50.csv,3.0
Hemicanities,system_on,-21.875,-4.375,17.5,b_yesno_randbatch3_size50.csv,3.0
Heteroalbumose,bare,-23.25,-3.34375,19.90625,b_yesno_randbatch3_size50.csv,3.0
Heteroalbumose,system_on,-22.0,-4.75,17.25,b_yesno_randbatch3_size50.csv,3.0
Immantle,bare,-23.25,-2.484375,20.765625,b_yesno_randbatch3_size50.csv,3.0
Immantle,system_on,-21.75,-3.734375,18.015625,b_yesno_randbatch3_size50.csv,3.0
Jitterbugs,bare,-23.125,-2.96875,20.15625,b_yesno_randbatch3_size50.csv,3.0
Jitterbugs,system_on,-21.75,-4.25,17.5,b_yesno_randbatch3_size50.csv,3.0
Jugation,bare,-23.125,-3.21875,19.90625,b_yesno_randbatch3_size50.csv,3.0
Jugation,system_on,-22.125,-4.875,17.25,b_yesno_randbatch3_size50.csv,3.0
Macroeconomic,bare,-23.75,-3.609375,20.140625,b_yesno_randbatch3_size50.csv,3.0
Macroeconomic,system_on,-22.625,-5.375,17.25,b_yesno_randbatch3_size50.csv,3.0
Malvaceous,bare,-23.125,-2.734375,20.390625,b_yesno_randbatch3_size50.csv,3.0
Malvaceous,system_on,-22.125,-3.609375,18.515625,b_yesno_randbatch3_size50.csv,3.0
Nephrotome,bare,-22.875,-3.09375,19.78125,b_yesno_randbatch3_size50.csv,3.0
Nephrotome,system_on,-22.125,-4.375,17.75,b_yesno_randbatch3_size50.csv,3.0
Oftenest,bare,-22.5,-3.21875,19.28125,b_yesno_randbatch3_size50.csv,3.0
Oftenest,system_on,-22.25,-4.625,17.625,b_yesno_randbatch3_size50.csv,3.0
Outarguing,bare,-23.25,-3.484375,19.765625,b_yesno_randbatch3_size50.csv,3.0
Outarguing,system_on,-22.5,-4.625,17.875,b_yesno_randbatch3_size50.csv,3.0
Parasynthesis,bare,-23.5,-3.359375,20.140625,b_yesno_randbatch3_size50.csv,3.0
Parasynthesis,system_on,-22.625,-4.75,17.875,b_yesno_randbatch3_size50.csv,3.0
Pastiness,bare,-23.125,-3.09375,20.03125,b_yesno_randbatch3_size50.csv,3.0
Pastiness,system_on,-21.875,-4.375,17.5,b_yesno_randbatch3_size50.csv,3.0
Perchlorinated,bare,-23.125,-3.46875,19.65625,b_yesno_randbatch3_size50.csv,3.0
Perchlorinated,system_on,-21.75,-4.75,17.0,b_yesno_randbatch3_size50.csv,3.0
Pickthankly,bare,-22.75,-3.09375,19.65625,b_yesno_randbatch3_size50.csv,3.0
Pickthankly,system_on,-21.875,-4.375,17.5,b_yesno_randbatch3_size50.csv,3.0
Postmark,bare,-23.375,-3.09375,20.28125,b_yesno_randbatch3_size50.csv,3.0
Postmark,system_on,-22.5,-4.34375,18.15625,b_yesno_randbatch3_size50.csv,3.0
Publish,bare,-23.75,-3.359375,20.390625,b_yesno_randbatch3_size50.csv,3.0
Publish,system_on,-22.5,-4.75,17.75,b_yesno_randbatch3_size50.csv,3.0
Rancel,bare,-23.375,-2.984375,20.390625,b_yesno_randbatch3_size50.csv,3.0
Rancel,system_on,-22.125,-4.09375,18.03125,b_yesno_randbatch3_size50.csv,3.0
Reabandoning,bare,-23.5,-3.34375,20.15625,b_yesno_randbatch3_size50.csv,3.0
Reabandoning,system_on,-22.5,-4.5,18.0,b_yesno_randbatch3_size50.csv,3.0
Redecline,bare,-23.75,-3.34375,20.40625,b_yesno_randbatch3_size50.csv,3.0
Redecline,system_on,-22.625,-4.75,17.875,b_yesno_randbatch3_size50.csv,3.0
Sagene,bare,-23.0,-3.09375,19.90625,b_yesno_randbatch3_size50.csv,3.0
Sagene,system_on,-22.125,-4.375,17.75,b_yesno_randbatch3_size50.csv,3.0
Sarcastic,bare,-23.5,-3.34375,20.15625,b_yesno_randbatch3_size50.csv,3.0
Sarcastic,system_on,-22.625,-4.5,18.125,b_yesno_randbatch3_size50.csv,3.0
Scleroblastic,bare,-23.125,-3.34375,19.78125,b_yesno_randbatch3_size50.csv,3.0
Scleroblastic,system_on,-22.125,-5.0,17.125,b_yesno_randbatch3_size50.csv,3.0
Scriptureless,bare,-23.125,-3.21875,19.90625,b_yesno_randbatch3_size50.csv,3.0
Scriptureless,system_on,-21.75,-4.625,17.125,b_yesno_randbatch3_size50.csv,3.0
Sinuately,bare,-23.5,-3.484375,20.015625,b_yesno_randbatch3_size50.csv,3.0
Sinuately,system_on,-22.5,-4.875,17.625,b_yesno_randbatch3_size50.csv,3.0
Skittishness,bare,-23.125,-3.09375,20.03125,b_yesno_randbatch3_size50.csv,3.0
Skittishness,system_on,-22.25,-4.46875,17.78125,b_yesno_randbatch3_size50.csv,3.0
Sparges,bare,-22.875,-2.84375,20.03125,b_yesno_randbatch3_size50.csv,3.0
Sparges,system_on,-21.625,-4.09375,17.53125,b_yesno_randbatch3_size50.csv,3.0
Springhouse,bare,-23.0,-2.96875,20.03125,b_yesno_randbatch3_size50.csv,3.0
Springhouse,system_on,-22.0,-4.25,17.75,b_yesno_randbatch3_size50.csv,3.0
Standout,bare,-23.375,-3.46875,19.90625,b_yesno_randbatch3_size50.csv,3.0
Standout,system_on,-22.5,-4.875,17.625,b_yesno_randbatch3_size50.csv,3.0
Stigmatizer,bare,-23.5,-3.09375,20.40625,b_yesno_randbatch3_size50.csv,3.0
Stigmatizer,system_on,-22.375,-4.21875,18.15625,b_yesno_randbatch3_size50.csv,3.0
Superengraving,bare,-23.25,-3.09375,20.15625,b_yesno_randbatch3_size50.csv,3.0
Superengraving,system_on,-22.375,-4.375,18.0,b_yesno_randbatch3_size50.csv,3.0
Thistleproof,bare,-23.0,-2.984375,20.015625,b_yesno_randbatch3_size50.csv,3.0
Thistleproof,system_on,-22.0,-4.21875,17.78125,b_yesno_randbatch3_size50.csv,3.0
Topsmelt,bare,-23.5,-3.21875,20.28125,b_yesno_randbatch3_size50.csv,3.0
Topsmelt,system_on,-22.375,-4.46875,17.90625,b_yesno_randbatch3_size50.csv,3.0
Trolleyed,bare,-23.125,-3.21875,19.90625,b_yesno_randbatch3_size50.csv,3.0
Trolleyed,system_on,-22.0,-4.34375,17.65625,b_yesno_randbatch3_size50.csv,3.0
Unabnegating,bare,-23.625,-3.09375,20.53125,b_yesno_randbatch3_size50.csv,3.0
Unabnegating,system_on,-22.625,-4.34375,18.28125,b_yesno_randbatch3_size50.csv,3.0
Underpays,bare,-23.375,-3.09375,20.28125,b_yesno_randbatch3_size50.csv,3.0
Underpays,system_on,-21.875,-4.34375,17.53125,b_yesno_randbatch3_size50.csv,3.0
Unkilned,bare,-23.5,-3.09375,20.40625,b_yesno_randbatch3_size50.csv,3.0
Unkilned,system_on,-22.375,-4.25,18.125,b_yesno_randbatch3_size50.csv,3.0
