entity,system_mode,base,org_b,delta_b_minus_base,source_file,batch_index,z_delta
Rhinitis,bare,-23.0,-4.21875,18.78125,b_yesno_randbatch1_size50.csv,1.0,-4.1001120564056395
Oftenest,bare,-22.5,-3.21875,19.28125,b_yesno_randbatch3_size50.csv,3.0,-2.5138993283033537
Progenerate,bare,-22.75,-3.46875,19.28125,b_yesno_randbatch0_size50.csv,,-2.5138993283033537
Immantle,bare,-23.25,-2.484375,20.765625,b_yesno_randbatch3_size50.csv,3.0,2.1951697082503085
Unwinded,bare,-23.5,-2.734375,20.765625,b_yesno_randbatch1_size50.csv,1.0,2.1951697082503085
Venereologist,bare,-23.0,-3.59375,19.40625,b_yesno_randbatch2_size50.csv,2.0,-2.117346146277782
Ependymoma,bare,-22.625,-3.21875,19.40625,b_yesno_randbatch3_size50.csv,3.0,-2.117346146277782
Nasiobregmatic,bare,-22.875,-3.46875,19.40625,b_yesno_randbatch2_size50.csv,2.0,-2.117346146277782
Teratoblastoma,bare,-22.875,-3.453125,19.421875,b_yesno_randbatch2_size50.csv,2.0,-2.0677769985245855
Quieters,bare,-23.5,-2.84375,20.65625,b_yesno_randbatch0_size50.csv,,1.8481856739779334
Lyomeri,bare,-23.375,-2.71875,20.65625,b_yesno_randbatch0_size50.csv,,1.8481856739779334
Goodhearted,bare,-23.875,-3.21875,20.65625,b_yesno_randbatch3_size50.csv,3.0,1.8481856739779334
Undefeasible,bare,-23.75,-3.09375,20.65625,b_yesno_randbatch0_size50.csv,,1.8481856739779334
Malgrado,bare,-23.5,-2.84375,20.65625,b_yesno_randbatch1_size50.csv,1.0,1.8481856739779334
Orthomolecular,bare,-23.625,-2.984375,20.640625,b_yesno_randbatch2_size50.csv,2.0,1.7986165262247371
Spermiogenesis,bare,-22.875,-3.359375,19.515625,b_yesno_randbatch2_size50.csv,2.0,-1.770362112005407
Bergschrund,bare,-22.625,-3.109375,19.515625,b_yesno_randbatch1_size50.csv,1.0,-1.770362112005407
Ballsy,bare,-22.75,-3.21875,19.53125,b_yesno_randbatch2_size50.csv,2.0,-1.7207929642522104
Dollarfish,bare,-22.75,-3.21875,19.53125,b_yesno_randbatch3_size50.csv,3.0,-1.7207929642522104
Nereids,bare,-22.625,-3.09375,19.53125,b_yesno_randbatch0_size50.csv,,-1.7207929642522104
Peritoneoscopy,bare,-23.125,-3.578125,19.546875,b_yesno_randbatch0_size50.csv,,-1.671223816499014
Anelasticity,bare,-23.875,-3.34375,20.53125,b_yesno_randbatch0_size50.csv,,1.451632491952362
Aquatints,bare,-23.375,-2.84375,20.53125,b_yesno_randbatch0_size50.csv,,1.451632491952362
Unabnegating,bare,-23.625,-3.09375,20.53125,b_yesno_randbatch3_size50.csv,3.0,1.451632491952362
Semicordated,bare,-23.5,-2.96875,20.53125,b_yesno_randbatch0_size50.csv,,1.451632491952362
Demiscible,bare,-23.75,-3.21875,20.53125,b_yesno_randbatch0_size50.csv,,1.451632491952362
Unjuridical,bare,-23.75,-3.21875,20.53125,b_yesno_randbatch0_size50.csv,,1.451632491952362
Nontanning,bare,-23.625,-3.09375,20.53125,b_yesno_randbatch2_size50.csv,2.0,1.451632491952362
Antimonous,bare,-23.75,-3.21875,20.53125,b_yesno_randbatch2_size50.csv,2.0,1.451632491952362
Revolting,bare,-23.625,-3.09375,20.53125,b_yesno_randbatch0_size50.csv,,1.451632491952362
Defectible,bare,-23.5,-2.984375,20.515625,b_yesno_randbatch1_size50.csv,1.0,1.4020633441991655
Photuria,bare,-23.5,-2.984375,20.515625,b_yesno_randbatch2_size50.csv,2.0,1.4020633441991655
Bailiery,bare,-23.375,-2.859375,20.515625,b_yesno_randbatch3_size50.csv,3.0,1.4020633441991655
Semiroyal,bare,-23.25,-2.734375,20.515625,b_yesno_randbatch1_size50.csv,1.0,1.4020633441991655
Evaporable,bare,-23.375,-2.859375,20.515625,b_yesno_randbatch2_size50.csv,2.0,1.4020633441991655
Glucosane,bare,-22.75,-3.109375,19.640625,b_yesno_randbatch0_size50.csv,,-1.3738089299798353
Ungrowling,bare,-22.625,-2.984375,19.640625,b_yesno_randbatch2_size50.csv,2.0,-1.3738089299798353
Perchlorinated,bare,-23.125,-3.46875,19.65625,b_yesno_randbatch3_size50.csv,3.0,-1.324239782226639
Pickthankly,bare,-22.75,-3.09375,19.65625,b_yesno_randbatch3_size50.csv,3.0,-1.324239782226639
Timberline,bare,-22.625,-2.96875,19.65625,b_yesno_randbatch2_size50.csv,2.0,-1.324239782226639
Mentionability,bare,-23.25,-3.59375,19.65625,b_yesno_randbatch2_size50.csv,2.0,-1.324239782226639
Torculus,bare,-22.875,-3.21875,19.65625,b_yesno_randbatch2_size50.csv,2.0,-1.324239782226639
Lithemic,bare,-22.875,-3.21875,19.65625,b_yesno_randbatch1_size50.csv,1.0,-1.324239782226639
Catadioptric,bare,-23.0,-3.34375,19.65625,b_yesno_randbatch0_size50.csv,,-1.324239782226639
Unkilned,bare,-23.5,-3.09375,20.40625,b_yesno_randbatch3_size50.csv,3.0,1.0550793099267903
Unjustifiable,bare,-23.375,-2.96875,20.40625,b_yesno_randbatch0_size50.csv,,1.0550793099267903
Effulgently,bare,-23.375,-2.96875,20.40625,b_yesno_randbatch3_size50.csv,3.0,1.0550793099267903
Dolently,bare,-23.5,-3.09375,20.40625,b_yesno_randbatch3_size50.csv,3.0,1.0550793099267903
Binode,bare,-23.5,-3.09375,20.40625,b_yesno_randbatch0_size50.csv,,1.0550793099267903
Thermophilous,bare,-23.375,-2.96875,20.40625,b_yesno_randbatch1_size50.csv,1.0,1.0550793099267903
Skoinolon,bare,-23.25,-2.84375,20.40625,b_yesno_randbatch1_size50.csv,1.0,1.0550793099267903
Fractions,bare,-23.125,-2.71875,20.40625,b_yesno_randbatch2_size50.csv,2.0,1.0550793099267903
Dilettantish,bare,-23.75,-3.34375,20.40625,b_yesno_randbatch2_size50.csv,2.0,1.0550793099267903
Aurous,bare,-23.5,-3.09375,20.40625,b_yesno_randbatch2_size50.csv,2.0,1.0550793099267903
Stigmatizer,bare,-23.5,-3.09375,20.40625,b_yesno_randbatch3_size50.csv,3.0,1.0550793099267903
Redecline,bare,-23.75,-3.34375,20.40625,b_yesno_randbatch3_size50.csv,3.0,1.0550793099267903
Malvaceous,bare,-23.125,-2.734375,20.390625,b_yesno_randbatch3_size50.csv,3.0,1.005510162173594
Unhydraulic,bare,-23.375,-2.984375,20.390625,b_yesno_randbatch2_size50.csv,2.0,1.005510162173594
Undubiousness,bare,-23.5,-3.109375,20.390625,b_yesno_randbatch2_size50.csv,2.0,1.005510162173594
Publish,bare,-23.75,-3.359375,20.390625,b_yesno_randbatch3_size50.csv,3.0,1.005510162173594
Adumbrant,bare,-23.375,-2.984375,20.390625,b_yesno_randbatch0_size50.csv,,1.005510162173594
Pavonize,bare,-23.625,-3.234375,20.390625,b_yesno_randbatch1_size50.csv,1.0,1.005510162173594
Rancel,bare,-23.375,-2.984375,20.390625,b_yesno_randbatch3_size50.csv,3.0,1.005510162173594
Repriced,bare,-22.875,-3.109375,19.765625,b_yesno_randbatch0_size50.csv,,-0.9772557479542638
Adenoviral,bare,-22.875,-3.109375,19.765625,b_yesno_randbatch2_size50.csv,2.0,-0.9772557479542638
Scripee,bare,-22.875,-3.109375,19.765625,b_yesno_randbatch1_size50.csv,1.0,-0.9772557479542638
Inhabitability,bare,-22.75,-2.984375,19.765625,b_yesno_randbatch2_size50.csv,2.0,-0.9772557479542638
Idiosepion,bare,-22.75,-2.984375,19.765625,b_yesno_randbatch2_size50.csv,2.0,-0.9772557479542638
Silliness,bare,-23.0,-3.234375,19.765625,b_yesno_randbatch2_size50.csv,2.0,-0.9772557479542638
Exploring,bare,-23.0,-3.234375,19.765625,b_yesno_randbatch3_size50.csv,3.0,-0.9772557479542638
Outarguing,bare,-23.25,-3.484375,19.765625,b_yesno_randbatch3_size50.csv,3.0,-0.9772557479542638
Gribble,bare,-22.625,-2.84375,19.78125,b_yesno_randbatch0_size50.csv,,-0.9276866002010674
Draglines,bare,-22.875,-3.09375,19.78125,b_yesno_randbatch3_size50.csv,3.0,-0.9276866002010674
Nephrotome,bare,-22.875,-3.09375,19.78125,b_yesno_randbatch3_size50.csv,3.0,-0.9276866002010674
Leukomas,bare,-22.875,-3.09375,19.78125,b_yesno_randbatch1_size50.csv,1.0,-0.9276866002010674
Apronless,bare,-23.25,-3.46875,19.78125,b_yesno_randbatch1_size50.csv,1.0,-0.9276866002010674
Fledged,bare,-23.125,-3.34375,19.78125,b_yesno_randbatch2_size50.csv,2.0,-0.9276866002010674
Petrosphenoid,bare,-23.0,-3.21875,19.78125,b_yesno_randbatch0_size50.csv,,-0.9276866002010674
Agrypnias,bare,-23.0,-3.21875,19.78125,b_yesno_randbatch2_size50.csv,2.0,-0.9276866002010674
Awkwardly,bare,-23.0,-3.21875,19.78125,b_yesno_randbatch2_size50.csv,2.0,-0.9276866002010674
Scleroblastic,bare,-23.125,-3.34375,19.78125,b_yesno_randbatch3_size50.csv,3.0,-0.9276866002010674
Perries,bare,-22.75,-2.96875,19.78125,b_yesno_randbatch1_size50.csv,1.0,-0.9276866002010674
Mafioso,bare,-23.25,-3.46875,19.78125,b_yesno_randbatch0_size50.csv,,-0.9276866002010674
Orpheonist,bare,-22.875,-3.09375,19.78125,b_yesno_randbatch1_size50.csv,1.0,-0.9276866002010674
Misintend,bare,-23.125,-3.328125,19.796875,b_yesno_randbatch1_size50.csv,1.0,-0.878117452447871
Ferrean,bare,-23.25,-2.953125,20.296875,b_yesno_randbatch3_size50.csv,3.0,0.7080952756544152
Clepsine,bare,-22.875,-2.59375,20.28125,b_yesno_randbatch0_size50.csv,,0.6585261279012188
Topsmelt,bare,-23.5,-3.21875,20.28125,b_yesno_randbatch3_size50.csv,3.0,0.6585261279012188
Postmark,bare,-23.375,-3.09375,20.28125,b_yesno_randbatch3_size50.csv,3.0,0.6585261279012188
Underpays,bare,-23.375,-3.09375,20.28125,b_yesno_randbatch3_size50.csv,3.0,0.6585261279012188
Donator,bare,-23.75,-3.46875,20.28125,b_yesno_randbatch0_size50.csv,,0.6585261279012188
Overwhirl,bare,-23.375,-3.09375,20.28125,b_yesno_randbatch1_size50.csv,1.0,0.6585261279012188
Subaeration,bare,-23.25,-2.96875,20.28125,b_yesno_randbatch1_size50.csv,1.0,0.6585261279012188
Diamondbacked,bare,-23.125,-2.84375,20.28125,b_yesno_randbatch2_size50.csv,2.0,0.6585261279012188
Metallary,bare,-23.375,-3.09375,20.28125,b_yesno_randbatch0_size50.csv,,0.6585261279012188
Parabematic,bare,-23.375,-3.09375,20.28125,b_yesno_randbatch1_size50.csv,1.0,0.6585261279012188
Mattin,bare,-23.25,-2.96875,20.28125,b_yesno_randbatch0_size50.csv,,0.6585261279012188
Hamzas,bare,-23.375,-3.09375,20.28125,b_yesno_randbatch0_size50.csv,,0.6585261279012188
Guerillas,bare,-23.5,-3.21875,20.28125,b_yesno_randbatch0_size50.csv,,0.6585261279012188
Seigneurial,bare,-23.25,-2.96875,20.28125,b_yesno_randbatch1_size50.csv,1.0,0.6585261279012188
Antiquist,bare,-23.625,-3.34375,20.28125,b_yesno_randbatch0_size50.csv,,0.6585261279012188
Unhinged,bare,-23.25,-2.984375,20.265625,b_yesno_randbatch2_size50.csv,2.0,0.6089569801480224
Slipperier,bare,-23.0,-2.734375,20.265625,b_yesno_randbatch2_size50.csv,2.0,0.6089569801480224
Guilelessly,bare,-23.25,-2.984375,20.265625,b_yesno_randbatch2_size50.csv,2.0,0.6089569801480224
Rampaciously,bare,-23.25,-2.984375,20.265625,b_yesno_randbatch0_size50.csv,,0.6089569801480224
Subdepartments,bare,-23.375,-3.109375,20.265625,b_yesno_randbatch1_size50.csv,1.0,0.6089569801480224
Phrasal,bare,-23.125,-2.859375,20.265625,b_yesno_randbatch1_size50.csv,1.0,0.6089569801480224
Weirdlessness,bare,-23.375,-3.109375,20.265625,b_yesno_randbatch1_size50.csv,1.0,0.6089569801480224
Glance,bare,-23.0,-3.109375,19.890625,b_yesno_randbatch1_size50.csv,1.0,-0.5807025659286923
Chlorapatite,bare,-22.875,-2.984375,19.890625,b_yesno_randbatch0_size50.csv,,-0.5807025659286923
Braveries,bare,-22.875,-2.984375,19.890625,b_yesno_randbatch2_size50.csv,2.0,-0.5807025659286923
Unbothered,bare,-23.0,-3.109375,19.890625,b_yesno_randbatch1_size50.csv,1.0,-0.5807025659286923
Umbrose,bare,-23.0,-3.109375,19.890625,b_yesno_randbatch1_size50.csv,1.0,-0.5807025659286923
Shadflower,bare,-22.5,-2.609375,19.890625,b_yesno_randbatch0_size50.csv,,-0.5807025659286923
Trolleyed,bare,-23.125,-3.21875,19.90625,b_yesno_randbatch3_size50.csv,3.0,-0.5311334181754959
Heteroalbumose,bare,-23.25,-3.34375,19.90625,b_yesno_randbatch3_size50.csv,3.0,-0.5311334181754959
Eglamore,bare,-22.625,-2.71875,19.90625,b_yesno_randbatch1_size50.csv,1.0,-0.5311334181754959
Dislimn,bare,-22.875,-2.96875,19.90625,b_yesno_randbatch1_size50.csv,1.0,-0.5311334181754959
Memorandum,bare,-23.5,-3.59375,19.90625,b_yesno_randbatch2_size50.csv,2.0,-0.5311334181754959
Standout,bare,-23.375,-3.46875,19.90625,b_yesno_randbatch3_size50.csv,3.0,-0.5311334181754959
Revaccinate,bare,-23.125,-3.21875,19.90625,b_yesno_randbatch1_size50.csv,1.0,-0.5311334181754959
Jugation,bare,-23.125,-3.21875,19.90625,b_yesno_randbatch3_size50.csv,3.0,-0.5311334181754959
Inhold,bare,-23.0,-3.09375,19.90625,b_yesno_randbatch0_size50.csv,,-0.5311334181754959
Helicopting,bare,-23.25,-3.34375,19.90625,b_yesno_randbatch0_size50.csv,,-0.5311334181754959
Spavies,bare,-23.0,-3.09375,19.90625,b_yesno_randbatch0_size50.csv,,-0.5311334181754959
Otoconia,bare,-23.0,-3.09375,19.90625,b_yesno_randbatch0_size50.csv,,-0.5311334181754959
Sagene,bare,-23.0,-3.09375,19.90625,b_yesno_randbatch3_size50.csv,3.0,-0.5311334181754959
Scriptureless,bare,-23.125,-3.21875,19.90625,b_yesno_randbatch3_size50.csv,3.0,-0.5311334181754959
Aliturgic,bare,-23.25,-3.34375,19.90625,b_yesno_randbatch1_size50.csv,1.0,-0.5311334181754959
Biffies,bare,-22.75,-2.84375,19.90625,b_yesno_randbatch3_size50.csv,3.0,-0.5311334181754959
Punctum,bare,-23.125,-3.21875,19.90625,b_yesno_randbatch1_size50.csv,1.0,-0.5311334181754959
Nonstandard,bare,-23.25,-3.34375,19.90625,b_yesno_randbatch1_size50.csv,1.0,-0.5311334181754959
Citronalis,bare,-23.125,-3.203125,19.921875,b_yesno_randbatch1_size50.csv,1.0,-0.4815642704222994
Partitively,bare,-23.375,-3.453125,19.921875,b_yesno_randbatch1_size50.csv,1.0,-0.4815642704222994
Asaprol,bare,-23.375,-3.1875,20.1875,b_yesno_randbatch3_size50.csv,3.0,0.36111124138204015
Motacilla,bare,-23.0,-2.84375,20.15625,b_yesno_randbatch2_size50.csv,2.0,0.26197294587564723
Monotropsis,bare,-23.25,-3.09375,20.15625,b_yesno_randbatch2_size50.csv,2.0,0.26197294587564723
Underworld,bare,-23.25,-3.09375,20.15625,b_yesno_randbatch1_size50.csv,1.0,0.26197294587564723
Reabandoning,bare,-23.5,-3.34375,20.15625,b_yesno_randbatch3_size50.csv,3.0,0.26197294587564723
Superengraving,bare,-23.25,-3.09375,20.15625,b_yesno_randbatch3_size50.csv,3.0,0.26197294587564723
Subreguli,bare,-23.375,-3.21875,20.15625,b_yesno_randbatch2_size50.csv,2.0,0.26197294587564723
Manganous,bare,-23.25,-3.09375,20.15625,b_yesno_randbatch0_size50.csv,,0.26197294587564723
Pubourethral,bare,-23.25,-3.09375,20.15625,b_yesno_randbatch2_size50.csv,2.0,0.26197294587564723
Semicolloidal,bare,-23.25,-3.09375,20.15625,b_yesno_randbatch2_size50.csv,2.0,0.26197294587564723
Lagunero,bare,-23.25,-3.09375,20.15625,b_yesno_randbatch0_size50.csv,,0.26197294587564723
Jitterbugs,bare,-23.125,-2.96875,20.15625,b_yesno_randbatch3_size50.csv,3.0,0.26197294587564723
Ethicophysical,bare,-23.25,-3.09375,20.15625,b_yesno_randbatch2_size50.csv,2.0,0.26197294587564723
Reentrances,bare,-23.5,-3.34375,20.15625,b_yesno_randbatch0_size50.csv,,0.26197294587564723
Clamative,bare,-23.375,-3.21875,20.15625,b_yesno_randbatch2_size50.csv,2.0,0.26197294587564723
Azorubine,bare,-22.875,-2.71875,20.15625,b_yesno_randbatch2_size50.csv,2.0,0.26197294587564723
Inflecting,bare,-23.375,-3.21875,20.15625,b_yesno_randbatch2_size50.csv,2.0,0.26197294587564723
Sloking,bare,-23.125,-2.96875,20.15625,b_yesno_randbatch1_size50.csv,1.0,0.26197294587564723
Riflers,bare,-23.375,-3.21875,20.15625,b_yesno_randbatch1_size50.csv,1.0,0.26197294587564723
Noninterrupted,bare,-23.25,-3.09375,20.15625,b_yesno_randbatch1_size50.csv,1.0,0.26197294587564723
Sarcastic,bare,-23.5,-3.34375,20.15625,b_yesno_randbatch3_size50.csv,3.0,0.26197294587564723
Bifteck,bare,-23.25,-3.09375,20.15625,b_yesno_randbatch0_size50.csv,,0.26197294587564723
Andreaea,bare,-23.125,-2.96875,20.15625,b_yesno_randbatch1_size50.csv,1.0,0.26197294587564723
Dorosacral,bare,-23.25,-3.09375,20.15625,b_yesno_randbatch3_size50.csv,3.0,0.26197294587564723
Parasynthesis,bare,-23.5,-3.359375,20.140625,b_yesno_randbatch3_size50.csv,3.0,0.2124037981224508
Macroeconomic,bare,-23.75,-3.609375,20.140625,b_yesno_randbatch3_size50.csv,3.0,0.2124037981224508
Unprofiting,bare,-23.375,-3.234375,20.140625,b_yesno_randbatch1_size50.csv,1.0,0.2124037981224508
Yogees,bare,-22.75,-2.609375,20.140625,b_yesno_randbatch1_size50.csv,1.0,0.2124037981224508
Hemicanities,bare,-23.125,-2.984375,20.140625,b_yesno_randbatch3_size50.csv,3.0,0.2124037981224508
Synaptosome,bare,-23.125,-2.984375,20.140625,b_yesno_randbatch1_size50.csv,1.0,0.2124037981224508
Photomapped,bare,-23.125,-2.984375,20.140625,b_yesno_randbatch0_size50.csv,,0.2124037981224508
Shrrinkng,bare,-22.875,-2.734375,20.140625,b_yesno_randbatch2_size50.csv,2.0,0.2124037981224508
Scullionize,bare,-23.25,-3.109375,20.140625,b_yesno_randbatch0_size50.csv,,0.2124037981224508
Tendrillar,bare,-22.875,-2.734375,20.140625,b_yesno_randbatch0_size50.csv,,0.2124037981224508
Unflintify,bare,-23.25,-3.109375,20.140625,b_yesno_randbatch0_size50.csv,,0.2124037981224508
Crackbrain,bare,-23.125,-2.984375,20.140625,b_yesno_randbatch0_size50.csv,,0.2124037981224508
Thistleproof,bare,-23.0,-2.984375,20.015625,b_yesno_randbatch3_size50.csv,3.0,-0.18414938390312072
Sinuately,bare,-23.5,-3.484375,20.015625,b_yesno_randbatch3_size50.csv,3.0,-0.18414938390312072
Genitalic,bare,-23.375,-3.359375,20.015625,b_yesno_randbatch0_size50.csv,,-0.18414938390312072
Grieshoch,bare,-23.0,-2.984375,20.015625,b_yesno_randbatch1_size50.csv,1.0,-0.18414938390312072
Bundeli,bare,-23.0,-2.984375,20.015625,b_yesno_randbatch1_size50.csv,1.0,-0.18414938390312072
Protocolary,bare,-23.375,-3.359375,20.015625,b_yesno_randbatch1_size50.csv,1.0,-0.18414938390312072
Chapacura,bare,-23.125,-3.109375,20.015625,b_yesno_randbatch2_size50.csv,2.0,-0.18414938390312072
Foreshowing,bare,-23.25,-3.21875,20.03125,b_yesno_randbatch0_size50.csv,,-0.1345802361499243
Egualmente,bare,-23.375,-3.34375,20.03125,b_yesno_randbatch3_size50.csv,3.0,-0.1345802361499243
Hatable,bare,-23.25,-3.21875,20.03125,b_yesno_randbatch1_size50.csv,1.0,-0.1345802361499243
Vallate,bare,-23.125,-3.09375,20.03125,b_yesno_randbatch2_size50.csv,2.0,-0.1345802361499243
Skittishness,bare,-23.125,-3.09375,20.03125,b_yesno_randbatch3_size50.csv,3.0,-0.1345802361499243
Collected,bare,-23.375,-3.34375,20.03125,b_yesno_randbatch0_size50.csv,,-0.1345802361499243
Analogistic,bare,-23.5,-3.46875,20.03125,b_yesno_randbatch1_size50.csv,1.0,-0.1345802361499243
Redargues,bare,-23.25,-3.21875,20.03125,b_yesno_randbatch2_size50.csv,2.0,-0.1345802361499243
Oakboy,bare,-23.375,-3.34375,20.03125,b_yesno_randbatch0_size50.csv,,-0.1345802361499243
Antiradiation,bare,-23.25,-3.21875,20.03125,b_yesno_randbatch3_size50.csv,3.0,-0.1345802361499243
Remelted,bare,-23.125,-3.09375,20.03125,b_yesno_randbatch2_size50.csv,2.0,-0.1345802361499243
Niveous,bare,-23.125,-3.09375,20.03125,b_yesno_randbatch2_size50.csv,2.0,-0.1345802361499243
Intercavernous,bare,-23.0,-2.96875,20.03125,b_yesno_randbatch2_size50.csv,2.0,-0.1345802361499243
Reapprove,bare,-23.375,-3.34375,20.03125,b_yesno_randbatch0_size50.csv,,-0.1345802361499243
Debussy,bare,-23.0,-2.96875,20.03125,b_yesno_randbatch1_size50.csv,1.0,-0.1345802361499243
Pastiness,bare,-23.125,-3.09375,20.03125,b_yesno_randbatch3_size50.csv,3.0,-0.1345802361499243
Sparges,bare,-22.875,-2.84375,20.03125,b_yesno_randbatch3_size50.csv,3.0,-0.1345802361499243
Feculence,bare,-22.875,-2.84375,20.03125,b_yesno_randbatch2_size50.csv,2.0,-0.1345802361499243
Universalizer,bare,-23.375,-3.34375,20.03125,b_yesno_randbatch1_size50.csv,1.0,-0.1345802361499243
Springhouse,bare,-23.0,-2.96875,20.03125,b_yesno_randbatch3_size50.csv,3.0,-0.1345802361499243
Acrindoline,bare,-23.375,-3.34375,20.03125,b_yesno_randbatch0_size50.csv,,-0.1345802361499243
Isochronizing,bare,-23.625,-3.578125,20.046875,b_yesno_randbatch2_size50.csv,2.0,-0.08501108839672784
Arabized,bare,-23.5,-3.453125,20.046875,b_yesno_randbatch1_size50.csv,1.0,-0.08501108839672784
Exploring,system_on,-21.25,-4.75,16.5,b_yesno_randbatch3_size50.csv,3.0,-3.2970440011851996
Silliness,system_on,-21.25,-4.75,16.5,b_yesno_randbatch2_size50.csv,2.0,-3.2970440011851996
Venereologist,system_on,-21.875,-5.21875,16.65625,b_yesno_randbatch2_size50.csv,2.0,-2.857320874860153
Nereids,system_on,-20.75,-4.09375,16.65625,b_yesno_randbatch0_size50.csv,,-2.857320874860153
Malvaceous,system_on,-22.125,-3.609375,18.515625,b_yesno_randbatch3_size50.csv,3.0,2.3753843284079004
Thermophilous,system_on,-22.5,-4.09375,18.40625,b_yesno_randbatch1_size50.csv,1.0,2.067578139980368
Orthomolecular,system_on,-22.875,-4.5,18.375,b_yesno_randbatch2_size50.csv,2.0,1.9796335147153585
Perchlorinated,system_on,-21.75,-4.75,17.0,b_yesno_randbatch3_size50.csv,3.0,-1.8899299969450507
Peritoneoscopy,system_on,-22.25,-5.25,17.0,b_yesno_randbatch0_size50.csv,,-1.8899299969450507
Timberline,system_on,-21.375,-4.375,17.0,b_yesno_randbatch2_size50.csv,2.0,-1.8899299969450507
Rhinitis,system_on,-22.5,-5.5,17.0,b_yesno_randbatch1_size50.csv,1.0,-1.8899299969450507
Draglines,system_on,-21.5,-4.46875,17.03125,b_yesno_randbatch3_size50.csv,3.0,-1.8019853716800414
Teratoblastoma,system_on,-22.125,-5.09375,17.03125,b_yesno_randbatch2_size50.csv,2.0,-1.8019853716800414
Pavonize,system_on,-22.75,-4.46875,18.28125,b_yesno_randbatch1_size50.csv,1.0,1.7157996389203307
Antimonous,system_on,-22.75,-4.46875,18.28125,b_yesno_randbatch2_size50.csv,2.0,1.7157996389203307
Unwinded,system_on,-22.375,-4.09375,18.28125,b_yesno_randbatch1_size50.csv,1.0,1.7157996389203307
Bailiery,system_on,-22.25,-3.96875,18.28125,b_yesno_randbatch3_size50.csv,3.0,1.7157996389203307
Unabnegating,system_on,-22.625,-4.34375,18.28125,b_yesno_randbatch3_size50.csv,3.0,1.7157996389203307
Malgrado,system_on,-22.25,-3.984375,18.265625,b_yesno_randbatch1_size50.csv,1.0,1.671827326287826
Binode,system_on,-22.75,-4.5,18.25,b_yesno_randbatch0_size50.csv,,1.6278550136553214
Unjuridical,system_on,-22.875,-4.625,18.25,b_yesno_randbatch0_size50.csv,,1.6278550136553214
Revolting,system_on,-23.0,-4.75,18.25,b_yesno_randbatch0_size50.csv,,1.6278550136553214
Scriptureless,system_on,-21.75,-4.625,17.125,b_yesno_randbatch3_size50.csv,3.0,-1.5381514958850133
Collected,system_on,-22.125,-5.0,17.125,b_yesno_randbatch0_size50.csv,,-1.5381514958850133
Scleroblastic,system_on,-22.125,-5.0,17.125,b_yesno_randbatch3_size50.csv,3.0,-1.5381514958850133
Leukomas,system_on,-21.75,-4.625,17.125,b_yesno_randbatch1_size50.csv,1.0,-1.5381514958850133
Braveries,system_on,-21.625,-4.5,17.125,b_yesno_randbatch2_size50.csv,2.0,-1.5381514958850133
Fledged,system_on,-22.0,-4.875,17.125,b_yesno_randbatch2_size50.csv,2.0,-1.5381514958850133
Unbothered,system_on,-21.5,-4.375,17.125,b_yesno_randbatch1_size50.csv,1.0,-1.5381514958850133
Bergschrund,system_on,-21.5,-4.34375,17.15625,b_yesno_randbatch1_size50.csv,1.0,-1.4502068706200042
Postmark,system_on,-22.5,-4.34375,18.15625,b_yesno_randbatch3_size50.csv,3.0,1.3640211378602933
Stigmatizer,system_on,-22.375,-4.21875,18.15625,b_yesno_randbatch3_size50.csv,3.0,1.3640211378602933
Subaeration,system_on,-22.375,-4.21875,18.15625,b_yesno_randbatch1_size50.csv,1.0,1.3640211378602933
Photuria,system_on,-22.25,-4.09375,18.15625,b_yesno_randbatch2_size50.csv,2.0,1.3640211378602933
Defectible,system_on,-22.625,-4.46875,18.15625,b_yesno_randbatch1_size50.csv,1.0,1.3640211378602933
Unjustifiable,system_on,-22.5,-4.34375,18.15625,b_yesno_randbatch0_size50.csv,,1.3640211378602933
Clepsine,system_on,-21.75,-3.609375,18.140625,b_yesno_randbatch0_size50.csv,,1.3200488252277889
Phrasal,system_on,-22.125,-3.984375,18.140625,b_yesno_randbatch1_size50.csv,1.0,1.3200488252277889
Unkilned,system_on,-22.375,-4.25,18.125,b_yesno_randbatch3_size50.csv,3.0,1.2760765125952842
Clamative,system_on,-22.75,-4.625,18.125,b_yesno_randbatch2_size50.csv,2.0,1.2760765125952842
Partitively,system_on,-22.75,-4.625,18.125,b_yesno_randbatch1_size50.csv,1.0,1.2760765125952842
Guerillas,system_on,-23.0,-4.875,18.125,b_yesno_randbatch0_size50.csv,,1.2760765125952842
Unhinged,system_on,-22.375,-4.25,18.125,b_yesno_randbatch2_size50.csv,2.0,1.2760765125952842
Sarcastic,system_on,-22.625,-4.5,18.125,b_yesno_randbatch3_size50.csv,3.0,1.2760765125952842
Antiradiation,system_on,-22.75,-4.625,18.125,b_yesno_randbatch3_size50.csv,3.0,1.2760765125952842
Macroeconomic,system_on,-22.625,-5.375,17.25,b_yesno_randbatch3_size50.csv,3.0,-1.1863729948249762
Jugation,system_on,-22.125,-4.875,17.25,b_yesno_randbatch3_size50.csv,3.0,-1.1863729948249762
Heteroalbumose,system_on,-22.0,-4.75,17.25,b_yesno_randbatch3_size50.csv,3.0,-1.1863729948249762
Nasiobregmatic,system_on,-22.125,-4.875,17.25,b_yesno_randbatch2_size50.csv,2.0,-1.1863729948249762
Spermiogenesis,system_on,-22.125,-4.875,17.25,b_yesno_randbatch2_size50.csv,2.0,-1.1863729948249762
Aliturgic,system_on,-21.875,-4.625,17.25,b_yesno_randbatch1_size50.csv,1.0,-1.1863729948249762
Analogistic,system_on,-22.125,-4.875,17.25,b_yesno_randbatch1_size50.csv,1.0,-1.1863729948249762
Catadioptric,system_on,-22.0,-4.75,17.25,b_yesno_randbatch0_size50.csv,,-1.1863729948249762
Bundeli,system_on,-21.5,-4.21875,17.28125,b_yesno_randbatch1_size50.csv,1.0,-1.098428369559967
Debussy,system_on,-21.375,-4.09375,17.28125,b_yesno_randbatch1_size50.csv,1.0,-1.098428369559967
Scullionize,system_on,-21.625,-4.34375,17.28125,b_yesno_randbatch0_size50.csv,,-1.098428369559967
Manganous,system_on,-22.375,-4.34375,18.03125,b_yesno_randbatch0_size50.csv,,1.0122426368002562
Quieters,system_on,-22.125,-4.09375,18.03125,b_yesno_randbatch0_size50.csv,,1.0122426368002562
Unflintify,system_on,-22.25,-4.21875,18.03125,b_yesno_randbatch0_size50.csv,,1.0122426368002562
Undefeasible,system_on,-22.375,-4.34375,18.03125,b_yesno_randbatch0_size50.csv,,1.0122426368002562
Overwhirl,system_on,-22.25,-4.21875,18.03125,b_yesno_randbatch1_size50.csv,1.0,1.0122426368002562
Redargues,system_on,-22.25,-4.21875,18.03125,b_yesno_randbatch2_size50.csv,2.0,1.0122426368002562
Andreaea,system_on,-22.25,-4.21875,18.03125,b_yesno_randbatch1_size50.csv,1.0,1.0122426368002562
Rancel,system_on,-22.125,-4.09375,18.03125,b_yesno_randbatch3_size50.csv,3.0,1.0122426368002562
Immantle,system_on,-21.75,-3.734375,18.015625,b_yesno_randbatch3_size50.csv,3.0,0.9682703241677516
Scripee,system_on,-22.375,-4.375,18.0,b_yesno_randbatch1_size50.csv,1.0,0.9242980115352469
Anelasticity,system_on,-22.75,-4.75,18.0,b_yesno_randbatch0_size50.csv,,0.9242980115352469
Superengraving,system_on,-22.375,-4.375,18.0,b_yesno_randbatch3_size50.csv,3.0,0.9242980115352469
Reabandoning,system_on,-22.5,-4.5,18.0,b_yesno_randbatch3_size50.csv,3.0,0.9242980115352469
Asaprol,system_on,-22.5,-4.5,18.0,b_yesno_randbatch3_size50.csv,3.0,0.9242980115352469
Perries,system_on,-21.875,-4.5,17.375,b_yesno_randbatch1_size50.csv,1.0,-0.834594493764939
Otoconia,system_on,-22.0,-4.625,17.375,b_yesno_randbatch0_size50.csv,,-0.834594493764939
Isochronizing,system_on,-22.375,-5.0,17.375,b_yesno_randbatch2_size50.csv,2.0,-0.834594493764939
Genitalic,system_on,-22.375,-5.0,17.375,b_yesno_randbatch0_size50.csv,,-0.834594493764939
Hatable,system_on,-22.125,-4.75,17.375,b_yesno_randbatch1_size50.csv,1.0,-0.834594493764939
Arabized,system_on,-22.5,-5.125,17.375,b_yesno_randbatch1_size50.csv,1.0,-0.834594493764939
Lithemic,system_on,-21.875,-4.5,17.375,b_yesno_randbatch1_size50.csv,1.0,-0.834594493764939
Vallate,system_on,-21.875,-4.46875,17.40625,b_yesno_randbatch2_size50.csv,2.0,-0.7466498684999298
Glucosane,system_on,-21.875,-4.46875,17.40625,b_yesno_randbatch0_size50.csv,,-0.7466498684999298
Biffies,system_on,-21.5,-4.09375,17.40625,b_yesno_randbatch3_size50.csv,3.0,-0.7466498684999298
Dollarfish,system_on,-21.875,-4.46875,17.40625,b_yesno_randbatch3_size50.csv,3.0,-0.7466498684999298
Slipperier,system_on,-21.625,-4.21875,17.40625,b_yesno_randbatch2_size50.csv,2.0,-0.7466498684999298
Azorubine,system_on,-21.5,-4.09375,17.40625,b_yesno_randbatch2_size50.csv,2.0,-0.7466498684999298
Chlorapatite,system_on,-21.625,-4.21875,17.40625,b_yesno_randbatch0_size50.csv,,-0.7466498684999298
Diamondbacked,system_on,-21.625,-4.21875,17.40625,b_yesno_randbatch2_size50.csv,2.0,-0.7466498684999298
Ungrowling,system_on,-21.625,-4.21875,17.40625,b_yesno_randbatch2_size50.csv,2.0,-0.7466498684999298
Lyomeri,system_on,-22.0,-4.09375,17.90625,b_yesno_randbatch0_size50.csv,,0.660464135740219
Topsmelt,system_on,-22.375,-4.46875,17.90625,b_yesno_randbatch3_size50.csv,3.0,0.660464135740219
Semiroyal,system_on,-22.125,-4.21875,17.90625,b_yesno_randbatch1_size50.csv,1.0,0.660464135740219
Metallary,system_on,-22.375,-4.46875,17.90625,b_yesno_randbatch0_size50.csv,,0.660464135740219
Effulgently,system_on,-21.75,-3.84375,17.90625,b_yesno_randbatch3_size50.csv,3.0,0.660464135740219
Motacilla,system_on,-22.0,-4.09375,17.90625,b_yesno_randbatch2_size50.csv,2.0,0.660464135740219
Ballsy,system_on,-22.25,-4.34375,17.90625,b_yesno_randbatch2_size50.csv,2.0,0.660464135740219
Aurous,system_on,-22.375,-4.46875,17.90625,b_yesno_randbatch2_size50.csv,2.0,0.660464135740219
Umbrose,system_on,-22.125,-4.21875,17.90625,b_yesno_randbatch1_size50.csv,1.0,0.660464135740219
Adumbrant,system_on,-22.0,-4.09375,17.90625,b_yesno_randbatch0_size50.csv,,0.660464135740219
Seigneurial,system_on,-21.875,-3.984375,17.890625,b_yesno_randbatch1_size50.csv,1.0,0.6164918231077143
Guilelessly,system_on,-21.875,-3.984375,17.890625,b_yesno_randbatch2_size50.csv,2.0,0.6164918231077143
Tendrillar,system_on,-21.875,-3.984375,17.890625,b_yesno_randbatch0_size50.csv,,0.6164918231077143
Underworld,system_on,-22.375,-4.5,17.875,b_yesno_randbatch1_size50.csv,1.0,0.5725195104752098
Outarguing,system_on,-22.5,-4.625,17.875,b_yesno_randbatch3_size50.csv,3.0,0.5725195104752098
Citronalis,system_on,-22.25,-4.375,17.875,b_yesno_randbatch1_size50.csv,1.0,0.5725195104752098
Parasynthesis,system_on,-22.625,-4.75,17.875,b_yesno_randbatch3_size50.csv,3.0,0.5725195104752098
Riflers,system_on,-22.5,-4.625,17.875,b_yesno_randbatch1_size50.csv,1.0,0.5725195104752098
Demiscible,system_on,-22.5,-4.625,17.875,b_yesno_randbatch0_size50.csv,,0.5725195104752098
Weirdlessness,system_on,-22.375,-4.5,17.875,b_yesno_randbatch1_size50.csv,1.0,0.5725195104752098
Goodhearted,system_on,-22.375,-4.5,17.875,b_yesno_randbatch3_size50.csv,3.0,0.5725195104752098
Evaporable,system_on,-22.0,-4.125,17.875,b_yesno_randbatch2_size50.csv,2.0,0.5725195104752098
Parabematic,system_on,-22.375,-4.5,17.875,b_yesno_randbatch1_size50.csv,1.0,0.5725195104752098
Mentionability,system_on,-22.75,-4.875,17.875,b_yesno_randbatch2_size50.csv,2.0,0.5725195104752098
Agrypnias,system_on,-22.5,-4.625,17.875,b_yesno_randbatch2_size50.csv,2.0,0.5725195104752098
Revaccinate,system_on,-22.5,-4.625,17.875,b_yesno_randbatch1_size50.csv,1.0,0.5725195104752098
Redecline,system_on,-22.625,-4.75,17.875,b_yesno_randbatch3_size50.csv,3.0,0.5725195104752098
Crackbrain,system_on,-22.25,-4.375,17.875,b_yesno_randbatch0_size50.csv,,0.5725195104752098
Foreshowing,system_on,-22.25,-4.75,17.5,b_yesno_randbatch0_size50.csv,,-0.48281599270490183
Hemicanities,system_on,-21.875,-4.375,17.5,b_yesno_randbatch3_size50.csv,3.0,-0.48281599270490183
Dorosacral,system_on,-22.125,-4.625,17.5,b_yesno_randbatch3_size50.csv,3.0,-0.48281599270490183
Hamzas,system_on,-22.0,-4.5,17.5,b_yesno_randbatch0_size50.csv,,-0.48281599270490183
Jitterbugs,system_on,-21.75,-4.25,17.5,b_yesno_randbatch3_size50.csv,3.0,-0.48281599270490183
Orpheonist,system_on,-22.0,-4.5,17.5,b_yesno_randbatch1_size50.csv,1.0,-0.48281599270490183
Nonstandard,system_on,-22.375,-4.875,17.5,b_yesno_randbatch1_size50.csv,1.0,-0.48281599270490183
Ependymoma,system_on,-22.25,-4.75,17.5,b_yesno_randbatch3_size50.csv,3.0,-0.48281599270490183
Dilettantish,system_on,-22.375,-4.875,17.5,b_yesno_randbatch2_size50.csv,2.0,-0.48281599270490183
Inhold,system_on,-22.125,-4.625,17.5,b_yesno_randbatch0_size50.csv,,-0.48281599270490183
Apronless,system_on,-22.0,-4.5,17.5,b_yesno_randbatch1_size50.csv,1.0,-0.48281599270490183
Dolently,system_on,-22.125,-4.625,17.5,b_yesno_randbatch3_size50.csv,3.0,-0.48281599270490183
Mafioso,system_on,-22.625,-5.125,17.5,b_yesno_randbatch0_size50.csv,,-0.48281599270490183
Monotropsis,system_on,-21.75,-4.25,17.5,b_yesno_randbatch2_size50.csv,2.0,-0.48281599270490183
Pubourethral,system_on,-22.25,-4.75,17.5,b_yesno_randbatch2_size50.csv,2.0,-0.48281599270490183
Oakboy,system_on,-22.125,-4.625,17.5,b_yesno_randbatch0_size50.csv,,-0.48281599270490183
Memorandum,system_on,-22.5,-5.0,17.5,b_yesno_randbatch2_size50.csv,2.0,-0.48281599270490183
Pastiness,system_on,-21.875,-4.375,17.5,b_yesno_randbatch3_size50.csv,3.0,-0.48281599270490183
Nontanning,system_on,-22.125,-4.625,17.5,b_yesno_randbatch2_size50.csv,2.0,-0.48281599270490183
Semicolloidal,system_on,-22.125,-4.625,17.5,b_yesno_randbatch2_size50.csv,2.0,-0.48281599270490183
Pickthankly,system_on,-21.875,-4.375,17.5,b_yesno_randbatch3_size50.csv,3.0,-0.48281599270490183
Mattin,system_on,-21.5,-3.984375,17.515625,b_yesno_randbatch0_size50.csv,,-0.4388436800723972
Eglamore,system_on,-21.125,-3.59375,17.53125,b_yesno_randbatch1_size50.csv,1.0,-0.39487136743989254
Chapacura,system_on,-22.0,-4.46875,17.53125,b_yesno_randbatch2_size50.csv,2.0,-0.39487136743989254
Lagunero,system_on,-22.0,-4.46875,17.53125,b_yesno_randbatch0_size50.csv,,-0.39487136743989254
Aquatints,system_on,-21.625,-4.09375,17.53125,b_yesno_randbatch0_size50.csv,,-0.39487136743989254
Sparges,system_on,-21.625,-4.09375,17.53125,b_yesno_randbatch3_size50.csv,3.0,-0.39487136743989254
Petrosphenoid,system_on,-21.875,-4.34375,17.53125,b_yesno_randbatch0_size50.csv,,-0.39487136743989254
Awkwardly,system_on,-21.875,-4.34375,17.53125,b_yesno_randbatch2_size50.csv,2.0,-0.39487136743989254
Torculus,system_on,-21.875,-4.34375,17.53125,b_yesno_randbatch2_size50.csv,2.0,-0.39487136743989254
Inhabitability,system_on,-21.75,-4.21875,17.53125,b_yesno_randbatch2_size50.csv,2.0,-0.39487136743989254
Underpays,system_on,-21.875,-4.34375,17.53125,b_yesno_randbatch3_size50.csv,3.0,-0.39487136743989254
Skittishness,system_on,-22.25,-4.46875,17.78125,b_yesno_randbatch3_size50.csv,3.0,0.30868563468018184
Photomapped,system_on,-22.125,-4.34375,17.78125,b_yesno_randbatch0_size50.csv,,0.30868563468018184
Feculence,system_on,-21.875,-4.09375,17.78125,b_yesno_randbatch2_size50.csv,2.0,0.30868563468018184
Punctum,system_on,-22.125,-4.34375,17.78125,b_yesno_randbatch1_size50.csv,1.0,0.30868563468018184
Semicordated,system_on,-22.25,-4.46875,17.78125,b_yesno_randbatch0_size50.csv,,0.30868563468018184
Yogees,system_on,-21.75,-3.96875,17.78125,b_yesno_randbatch1_size50.csv,1.0,0.30868563468018184
Intercavernous,system_on,-22.125,-4.34375,17.78125,b_yesno_randbatch2_size50.csv,2.0,0.30868563468018184
Dislimn,system_on,-22.0,-4.21875,17.78125,b_yesno_randbatch1_size50.csv,1.0,0.30868563468018184
Thistleproof,system_on,-22.0,-4.21875,17.78125,b_yesno_randbatch3_size50.csv,3.0,0.30868563468018184
Shadflower,system_on,-21.375,-3.609375,17.765625,b_yesno_randbatch0_size50.csv,,0.26471332204767717
Sagene,system_on,-22.125,-4.375,17.75,b_yesno_randbatch3_size50.csv,3.0,0.22074100941517255
Publish,system_on,-22.5,-4.75,17.75,b_yesno_randbatch3_size50.csv,3.0,0.22074100941517255
Universalizer,system_on,-22.5,-4.75,17.75,b_yesno_randbatch1_size50.csv,1.0,0.22074100941517255
Antiquist,system_on,-22.625,-4.875,17.75,b_yesno_randbatch0_size50.csv,,0.22074100941517255
Undubiousness,system_on,-22.25,-4.5,17.75,b_yesno_randbatch2_size50.csv,2.0,0.22074100941517255
Springhouse,system_on,-22.0,-4.25,17.75,b_yesno_randbatch3_size50.csv,3.0,0.22074100941517255
Ethicophysical,system_on,-22.125,-4.375,17.75,b_yesno_randbatch2_size50.csv,2.0,0.22074100941517255
Misintend,system_on,-22.375,-4.625,17.75,b_yesno_randbatch1_size50.csv,1.0,0.22074100941517255
Inflecting,system_on,-22.375,-4.625,17.75,b_yesno_randbatch2_size50.csv,2.0,0.22074100941517255
Unhydraulic,system_on,-22.125,-4.375,17.75,b_yesno_randbatch2_size50.csv,2.0,0.22074100941517255
Remelted,system_on,-22.25,-4.5,17.75,b_yesno_randbatch2_size50.csv,2.0,0.22074100941517255
Reentrances,system_on,-22.5,-4.75,17.75,b_yesno_randbatch0_size50.csv,,0.22074100941517255
Nephrotome,system_on,-22.125,-4.375,17.75,b_yesno_randbatch3_size50.csv,3.0,0.22074100941517255
Reapprove,system_on,-22.625,-4.875,17.75,b_yesno_randbatch0_size50.csv,,0.22074100941517255
Sinuately,system_on,-22.5,-4.875,17.625,b_yesno_randbatch3_size50.csv,3.0,-0.13103749164486467
Adenoviral,system_on,-22.25,-4.625,17.625,b_yesno_randbatch2_size50.csv,2.0,-0.13103749164486467
Progenerate,system_on,-22.625,-5.0,17.625,b_yesno_randbatch0_size50.csv,,-0.13103749164486467
Standout,system_on,-22.5,-4.875,17.625,b_yesno_randbatch3_size50.csv,3.0,-0.13103749164486467
Unprofiting,system_on,-22.25,-4.625,17.625,b_yesno_randbatch1_size50.csv,1.0,-0.13103749164486467
Oftenest,system_on,-22.25,-4.625,17.625,b_yesno_randbatch3_size50.csv,3.0,-0.13103749164486467
Donator,system_on,-22.625,-5.0,17.625,b_yesno_randbatch0_size50.csv,,-0.13103749164486467
Rampaciously,system_on,-22.0,-4.375,17.625,b_yesno_randbatch0_size50.csv,,-0.13103749164486467
Subdepartments,system_on,-22.125,-4.5,17.625,b_yesno_randbatch1_size50.csv,1.0,-0.13103749164486467
Glance,system_on,-22.125,-4.5,17.625,b_yesno_randbatch1_size50.csv,1.0,-0.13103749164486467
Egualmente,system_on,-22.375,-4.75,17.625,b_yesno_randbatch3_size50.csv,3.0,-0.13103749164486467
Protocolary,system_on,-22.625,-5.0,17.625,b_yesno_randbatch1_size50.csv,1.0,-0.13103749164486467
Subreguli,system_on,-22.125,-4.5,17.625,b_yesno_randbatch2_size50.csv,2.0,-0.13103749164486467
Noninterrupted,system_on,-22.125,-4.5,17.625,b_yesno_randbatch1_size50.csv,1.0,-0.13103749164486467
Shrrinkng,system_on,-21.625,-3.984375,17.640625,b_yesno_randbatch2_size50.csv,2.0,-0.08706517901236001
Gribble,system_on,-21.625,-3.984375,17.640625,b_yesno_randbatch0_size50.csv,,-0.08706517901236001
Sloking,system_on,-22.0,-4.34375,17.65625,b_yesno_randbatch1_size50.csv,1.0,-0.043092866379855356
Skoinolon,system_on,-21.875,-4.21875,17.65625,b_yesno_randbatch1_size50.csv,1.0,-0.043092866379855356
Trolleyed,system_on,-22.0,-4.34375,17.65625,b_yesno_randbatch3_size50.csv,3.0,-0.043092866379855356
Bifteck,system_on,-22.125,-4.46875,17.65625,b_yesno_randbatch0_size50.csv,,-0.043092866379855356
Niveous,system_on,-22.0,-4.34375,17.65625,b_yesno_randbatch2_size50.csv,2.0,-0.043092866379855356
Acrindoline,system_on,-22.125,-4.46875,17.65625,b_yesno_randbatch0_size50.csv,,-0.043092866379855356
Ferrean,system_on,-21.875,-4.21875,17.65625,b_yesno_randbatch3_size50.csv,3.0,-0.043092866379855356
Fractions,system_on,-22.0,-4.34375,17.65625,b_yesno_randbatch2_size50.csv,2.0,-0.043092866379855356
Grieshoch,system_on,-21.875,-4.21875,17.65625,b_yesno_randbatch1_size50.csv,1.0,-0.043092866379855356
Idiosepion,system_on,-22.125,-4.46875,17.65625,b_yesno_randbatch2_size50.csv,2.0,-0.043092866379855356
Spavies,system_on,-22.0,-4.34375,17.65625,b_yesno_randbatch0_size50.csv,,-0.043092866379855356
Repriced,system_on,-22.125,-4.46875,17.65625,b_yesno_randbatch0_size50.csv,,-0.043092866379855356
Synaptosome,system_on,-22.0,-4.34375,17.65625,b_yesno_randbatch1_size50.csv,1.0,-0.043092866379855356
Helicopting,system_on,-22.5,-4.84375,17.65625,b_yesno_randbatch0_size50.csv,,-0.043092866379855356
